2025-11-19 08:19:43,389 [Worker-3: Loading available Gradle versions] INFO  o.e.b.c.i.u.g.PublishedGradleVersions - Gradle version information cache is up-to-date. Trying to read.
2025-11-21 08:20:11,428 [Worker-1: Loading available Gradle versions] INFO  o.e.b.c.i.u.g.PublishedGradleVersions - Gradle version information cache is up-to-date. Trying to read.
2025-11-24 08:12:48,733 [Worker-4: Loading available Gradle versions] INFO  o.e.b.c.i.u.g.PublishedGradleVersions - Gradle version information cache is out-of-date. Trying to update.
2025-11-26 08:23:31,326 [Worker-11: Loading available Gradle versions] INFO  o.e.b.c.i.u.g.PublishedGradleVersions - Gradle version information cache is up-to-date. Trying to read.
2025-11-28 08:16:35,671 [Worker-9: Loading available Gradle versions] INFO  o.e.b.c.i.u.g.PublishedGradleVersions - Gradle version information cache is up-to-date. Trying to read.
2025-12-12 08:16:30,723 [Worker-7: Loading available Gradle versions] INFO  o.e.b.c.i.u.g.PublishedGradleVersions - Gradle version information cache is out-of-date. Trying to update.
2025-12-15 08:26:48,708 [Worker-4: Loading available Gradle versions] INFO  o.e.b.c.i.u.g.PublishedGradleVersions - Gradle version information cache is out-of-date. Trying to update.
2025-12-17 08:56:50,314 [Worker-2: Loading available Gradle versions] INFO  o.e.b.c.i.u.g.PublishedGradleVersions - Gradle version information cache is up-to-date. Trying to read.
2025-12-19 08:26:19,453 [Worker-1: Loading available Gradle versions] INFO  o.e.b.c.i.u.g.PublishedGradleVersions - Gradle version information cache is out-of-date. Trying to update.
2025-12-22 08:27:02,634 [Worker-7: Loading available Gradle versions] INFO  o.e.b.c.i.u.g.PublishedGradleVersions - Gradle version information cache is out-of-date. Trying to update.
2025-12-22 08:31:22,617 [Worker-28: Launching mavenrun-d5b8284a-5316-4ac3-89ed-59f243c39166] INFO  o.eclipse.m2e.core.internal.Bundles - getClasspathEntries(Bundle=org.eclipse.m2e.maven.runtime_3.9.700.20240602-2313 [642])
2025-12-22 08:31:22,621 [Worker-28: Launching mavenrun-d5b8284a-5316-4ac3-89ed-59f243c39166] INFO  o.eclipse.m2e.core.internal.Bundles - 	Entry: C:\Users\Admin\.p2\pool\plugins\org.eclipse.m2e.maven.runtime_3.9.700.20240602-2313
2025-12-22 08:31:22,622 [Worker-28: Launching mavenrun-d5b8284a-5316-4ac3-89ed-59f243c39166] INFO  o.eclipse.m2e.core.internal.Bundles - 	Entry: C:\Users\Admin\.p2\pool\plugins\org.eclipse.m2e.maven.runtime_3.9.700.20240602-2313\jars\aopalliance-1.0.jar
2025-12-22 08:31:22,622 [Worker-28: Launching mavenrun-d5b8284a-5316-4ac3-89ed-59f243c39166] INFO  o.eclipse.m2e.core.internal.Bundles - 	Entry: C:\Users\Admin\.p2\pool\plugins\org.eclipse.m2e.maven.runtime_3.9.700.20240602-2313\jars\guice-5.1.0.jar
2025-12-22 08:31:22,622 [Worker-28: Launching mavenrun-d5b8284a-5316-4ac3-89ed-59f243c39166] INFO  o.eclipse.m2e.core.internal.Bundles - 	Entry: C:\Users\Admin\.p2\pool\plugins\org.eclipse.m2e.maven.runtime_3.9.700.20240602-2313\jars\httpclient-4.5.14.jar
2025-12-22 08:31:22,622 [Worker-28: Launching mavenrun-d5b8284a-5316-4ac3-89ed-59f243c39166] INFO  o.eclipse.m2e.core.internal.Bundles - 	Entry: C:\Users\Admin\.p2\pool\plugins\org.eclipse.m2e.maven.runtime_3.9.700.20240602-2313\jars\httpcore-4.4.16.jar
2025-12-22 08:31:22,622 [Worker-28: Launching mavenrun-d5b8284a-5316-4ac3-89ed-59f243c39166] INFO  o.eclipse.m2e.core.internal.Bundles - 	Entry: C:\Users\Admin\.p2\pool\plugins\org.eclipse.m2e.maven.runtime_3.9.700.20240602-2313\jars\jansi-2.4.1.jar
2025-12-22 08:31:22,622 [Worker-28: Launching mavenrun-d5b8284a-5316-4ac3-89ed-59f243c39166] INFO  o.eclipse.m2e.core.internal.Bundles - 	Entry: C:\Users\Admin\.p2\pool\plugins\org.eclipse.m2e.maven.runtime_3.9.700.20240602-2313\jars\jcl-over-slf4j-1.7.36.jar
2025-12-22 08:31:22,623 [Worker-28: Launching mavenrun-d5b8284a-5316-4ac3-89ed-59f243c39166] INFO  o.eclipse.m2e.core.internal.Bundles - 	Entry: C:\Users\Admin\.p2\pool\plugins\org.eclipse.m2e.maven.runtime_3.9.700.20240602-2313\jars\maven-artifact-3.9.7.jar
2025-12-22 08:31:22,623 [Worker-28: Launching mavenrun-d5b8284a-5316-4ac3-89ed-59f243c39166] INFO  o.eclipse.m2e.core.internal.Bundles - 	Entry: C:\Users\Admin\.p2\pool\plugins\org.eclipse.m2e.maven.runtime_3.9.700.20240602-2313\jars\maven-builder-support-3.9.7.jar
2025-12-22 08:31:22,623 [Worker-28: Launching mavenrun-d5b8284a-5316-4ac3-89ed-59f243c39166] INFO  o.eclipse.m2e.core.internal.Bundles - 	Entry: C:\Users\Admin\.p2\pool\plugins\org.eclipse.m2e.maven.runtime_3.9.700.20240602-2313\jars\maven-compat-3.9.7.jar
2025-12-22 08:31:22,623 [Worker-28: Launching mavenrun-d5b8284a-5316-4ac3-89ed-59f243c39166] INFO  o.eclipse.m2e.core.internal.Bundles - 	Entry: C:\Users\Admin\.p2\pool\plugins\org.eclipse.m2e.maven.runtime_3.9.700.20240602-2313\jars\maven-core-3.9.7.jar
2025-12-22 08:31:22,623 [Worker-28: Launching mavenrun-d5b8284a-5316-4ac3-89ed-59f243c39166] INFO  o.eclipse.m2e.core.internal.Bundles - 	Entry: C:\Users\Admin\.p2\pool\plugins\org.eclipse.m2e.maven.runtime_3.9.700.20240602-2313\jars\maven-embedder-3.9.7.jar
2025-12-22 08:31:22,624 [Worker-28: Launching mavenrun-d5b8284a-5316-4ac3-89ed-59f243c39166] INFO  o.eclipse.m2e.core.internal.Bundles - 	Entry: C:\Users\Admin\.p2\pool\plugins\org.eclipse.m2e.maven.runtime_3.9.700.20240602-2313\jars\maven-model-3.9.7.jar
2025-12-22 08:31:22,624 [Worker-28: Launching mavenrun-d5b8284a-5316-4ac3-89ed-59f243c39166] INFO  o.eclipse.m2e.core.internal.Bundles - 	Entry: C:\Users\Admin\.p2\pool\plugins\org.eclipse.m2e.maven.runtime_3.9.700.20240602-2313\jars\maven-model-builder-3.9.7.jar
2025-12-22 08:31:22,624 [Worker-28: Launching mavenrun-d5b8284a-5316-4ac3-89ed-59f243c39166] INFO  o.eclipse.m2e.core.internal.Bundles - 	Entry: C:\Users\Admin\.p2\pool\plugins\org.eclipse.m2e.maven.runtime_3.9.700.20240602-2313\jars\maven-plugin-api-3.9.7.jar
2025-12-22 08:31:22,624 [Worker-28: Launching mavenrun-d5b8284a-5316-4ac3-89ed-59f243c39166] INFO  o.eclipse.m2e.core.internal.Bundles - 	Entry: C:\Users\Admin\.p2\pool\plugins\org.eclipse.m2e.maven.runtime_3.9.700.20240602-2313\jars\maven-repository-metadata-3.9.7.jar
2025-12-22 08:31:22,625 [Worker-28: Launching mavenrun-d5b8284a-5316-4ac3-89ed-59f243c39166] INFO  o.eclipse.m2e.core.internal.Bundles - 	Entry: C:\Users\Admin\.p2\pool\plugins\org.eclipse.m2e.maven.runtime_3.9.700.20240602-2313\jars\maven-resolver-api-1.9.20.jar
2025-12-22 08:31:22,625 [Worker-28: Launching mavenrun-d5b8284a-5316-4ac3-89ed-59f243c39166] INFO  o.eclipse.m2e.core.internal.Bundles - 	Entry: C:\Users\Admin\.p2\pool\plugins\org.eclipse.m2e.maven.runtime_3.9.700.20240602-2313\jars\maven-resolver-connector-basic-1.9.20.jar
2025-12-22 08:31:22,625 [Worker-28: Launching mavenrun-d5b8284a-5316-4ac3-89ed-59f243c39166] INFO  o.eclipse.m2e.core.internal.Bundles - 	Entry: C:\Users\Admin\.p2\pool\plugins\org.eclipse.m2e.maven.runtime_3.9.700.20240602-2313\jars\maven-resolver-impl-1.9.20.jar
2025-12-22 08:31:22,625 [Worker-28: Launching mavenrun-d5b8284a-5316-4ac3-89ed-59f243c39166] INFO  o.eclipse.m2e.core.internal.Bundles - 	Entry: C:\Users\Admin\.p2\pool\plugins\org.eclipse.m2e.maven.runtime_3.9.700.20240602-2313\jars\maven-resolver-named-locks-1.9.20.jar
2025-12-22 08:31:22,625 [Worker-28: Launching mavenrun-d5b8284a-5316-4ac3-89ed-59f243c39166] INFO  o.eclipse.m2e.core.internal.Bundles - 	Entry: C:\Users\Admin\.p2\pool\plugins\org.eclipse.m2e.maven.runtime_3.9.700.20240602-2313\jars\maven-resolver-provider-3.9.7.jar
2025-12-22 08:31:22,625 [Worker-28: Launching mavenrun-d5b8284a-5316-4ac3-89ed-59f243c39166] INFO  o.eclipse.m2e.core.internal.Bundles - 	Entry: C:\Users\Admin\.p2\pool\plugins\org.eclipse.m2e.maven.runtime_3.9.700.20240602-2313\jars\maven-resolver-spi-1.9.20.jar
2025-12-22 08:31:22,625 [Worker-28: Launching mavenrun-d5b8284a-5316-4ac3-89ed-59f243c39166] INFO  o.eclipse.m2e.core.internal.Bundles - 	Entry: C:\Users\Admin\.p2\pool\plugins\org.eclipse.m2e.maven.runtime_3.9.700.20240602-2313\jars\maven-resolver-transport-file-1.9.20.jar
2025-12-22 08:31:22,626 [Worker-28: Launching mavenrun-d5b8284a-5316-4ac3-89ed-59f243c39166] INFO  o.eclipse.m2e.core.internal.Bundles - 	Entry: C:\Users\Admin\.p2\pool\plugins\org.eclipse.m2e.maven.runtime_3.9.700.20240602-2313\jars\maven-resolver-transport-http-1.9.20.jar
2025-12-22 08:31:22,626 [Worker-28: Launching mavenrun-d5b8284a-5316-4ac3-89ed-59f243c39166] INFO  o.eclipse.m2e.core.internal.Bundles - 	Entry: C:\Users\Admin\.p2\pool\plugins\org.eclipse.m2e.maven.runtime_3.9.700.20240602-2313\jars\maven-resolver-transport-wagon-1.9.20.jar
2025-12-22 08:31:22,626 [Worker-28: Launching mavenrun-d5b8284a-5316-4ac3-89ed-59f243c39166] INFO  o.eclipse.m2e.core.internal.Bundles - 	Entry: C:\Users\Admin\.p2\pool\plugins\org.eclipse.m2e.maven.runtime_3.9.700.20240602-2313\jars\maven-resolver-util-1.9.20.jar
2025-12-22 08:31:22,626 [Worker-28: Launching mavenrun-d5b8284a-5316-4ac3-89ed-59f243c39166] INFO  o.eclipse.m2e.core.internal.Bundles - 	Entry: C:\Users\Admin\.p2\pool\plugins\org.eclipse.m2e.maven.runtime_3.9.700.20240602-2313\jars\maven-settings-3.9.7.jar
2025-12-22 08:31:22,626 [Worker-28: Launching mavenrun-d5b8284a-5316-4ac3-89ed-59f243c39166] INFO  o.eclipse.m2e.core.internal.Bundles - 	Entry: C:\Users\Admin\.p2\pool\plugins\org.eclipse.m2e.maven.runtime_3.9.700.20240602-2313\jars\maven-settings-builder-3.9.7.jar
2025-12-22 08:31:22,626 [Worker-28: Launching mavenrun-d5b8284a-5316-4ac3-89ed-59f243c39166] INFO  o.eclipse.m2e.core.internal.Bundles - 	Entry: C:\Users\Admin\.p2\pool\plugins\org.eclipse.m2e.maven.runtime_3.9.700.20240602-2313\jars\maven-shared-utils-3.4.2.jar
2025-12-22 08:31:22,627 [Worker-28: Launching mavenrun-d5b8284a-5316-4ac3-89ed-59f243c39166] INFO  o.eclipse.m2e.core.internal.Bundles - 	Entry: C:\Users\Admin\.p2\pool\plugins\org.eclipse.m2e.maven.runtime_3.9.700.20240602-2313\jars\org.eclipse.sisu.inject-0.9.0.M2.jar
2025-12-22 08:31:22,627 [Worker-28: Launching mavenrun-d5b8284a-5316-4ac3-89ed-59f243c39166] INFO  o.eclipse.m2e.core.internal.Bundles - 	Entry: C:\Users\Admin\.p2\pool\plugins\org.eclipse.m2e.maven.runtime_3.9.700.20240602-2313\jars\org.eclipse.sisu.plexus-0.9.0.M2.jar
2025-12-22 08:31:22,627 [Worker-28: Launching mavenrun-d5b8284a-5316-4ac3-89ed-59f243c39166] INFO  o.eclipse.m2e.core.internal.Bundles - 	Entry: C:\Users\Admin\.p2\pool\plugins\org.eclipse.m2e.maven.runtime_3.9.700.20240602-2313\jars\plexus-build-api-0.0.7.jar
2025-12-22 08:31:22,627 [Worker-28: Launching mavenrun-d5b8284a-5316-4ac3-89ed-59f243c39166] INFO  o.eclipse.m2e.core.internal.Bundles - 	Entry: C:\Users\Admin\.p2\pool\plugins\org.eclipse.m2e.maven.runtime_3.9.700.20240602-2313\jars\plexus-build-api-1.2.0.jar
2025-12-22 08:31:22,627 [Worker-28: Launching mavenrun-d5b8284a-5316-4ac3-89ed-59f243c39166] INFO  o.eclipse.m2e.core.internal.Bundles - 	Entry: C:\Users\Admin\.p2\pool\plugins\org.eclipse.m2e.maven.runtime_3.9.700.20240602-2313\jars\plexus-cipher-2.0.jar
2025-12-22 08:31:22,627 [Worker-28: Launching mavenrun-d5b8284a-5316-4ac3-89ed-59f243c39166] INFO  o.eclipse.m2e.core.internal.Bundles - 	Entry: C:\Users\Admin\.p2\pool\plugins\org.eclipse.m2e.maven.runtime_3.9.700.20240602-2313\jars\plexus-classworlds-2.8.0.jar
2025-12-22 08:31:22,627 [Worker-28: Launching mavenrun-d5b8284a-5316-4ac3-89ed-59f243c39166] INFO  o.eclipse.m2e.core.internal.Bundles - 	Entry: C:\Users\Admin\.p2\pool\plugins\org.eclipse.m2e.maven.runtime_3.9.700.20240602-2313\jars\plexus-component-annotations-2.1.0.jar
2025-12-22 08:31:22,627 [Worker-28: Launching mavenrun-d5b8284a-5316-4ac3-89ed-59f243c39166] INFO  o.eclipse.m2e.core.internal.Bundles - 	Entry: C:\Users\Admin\.p2\pool\plugins\org.eclipse.m2e.maven.runtime_3.9.700.20240602-2313\jars\plexus-interpolation-1.27.jar
2025-12-22 08:31:22,628 [Worker-28: Launching mavenrun-d5b8284a-5316-4ac3-89ed-59f243c39166] INFO  o.eclipse.m2e.core.internal.Bundles - 	Entry: C:\Users\Admin\.p2\pool\plugins\org.eclipse.m2e.maven.runtime_3.9.700.20240602-2313\jars\plexus-sec-dispatcher-2.0.jar
2025-12-22 08:31:22,628 [Worker-28: Launching mavenrun-d5b8284a-5316-4ac3-89ed-59f243c39166] INFO  o.eclipse.m2e.core.internal.Bundles - 	Entry: C:\Users\Admin\.p2\pool\plugins\org.eclipse.m2e.maven.runtime_3.9.700.20240602-2313\jars\plexus-utils-3.5.1.jar
2025-12-22 08:31:22,628 [Worker-28: Launching mavenrun-d5b8284a-5316-4ac3-89ed-59f243c39166] INFO  o.eclipse.m2e.core.internal.Bundles - 	Entry: C:\Users\Admin\.p2\pool\plugins\org.eclipse.m2e.maven.runtime_3.9.700.20240602-2313\jars\wagon-file-3.5.3.jar
2025-12-22 08:31:22,628 [Worker-28: Launching mavenrun-d5b8284a-5316-4ac3-89ed-59f243c39166] INFO  o.eclipse.m2e.core.internal.Bundles - 	Entry: C:\Users\Admin\.p2\pool\plugins\org.eclipse.m2e.maven.runtime_3.9.700.20240602-2313\jars\wagon-http-3.5.3.jar
2025-12-22 08:31:22,628 [Worker-28: Launching mavenrun-d5b8284a-5316-4ac3-89ed-59f243c39166] INFO  o.eclipse.m2e.core.internal.Bundles - 	Entry: C:\Users\Admin\.p2\pool\plugins\org.eclipse.m2e.maven.runtime_3.9.700.20240602-2313\jars\wagon-http-shared-3.5.3.jar
2025-12-22 08:31:22,628 [Worker-28: Launching mavenrun-d5b8284a-5316-4ac3-89ed-59f243c39166] INFO  o.eclipse.m2e.core.internal.Bundles - 	Entry: C:\Users\Admin\.p2\pool\plugins\org.eclipse.m2e.maven.runtime_3.9.700.20240602-2313\jars\wagon-provider-api-3.5.3.jar
2025-12-22 08:31:22,630 [Worker-28: Launching mavenrun-d5b8284a-5316-4ac3-89ed-59f243c39166] INFO  o.eclipse.m2e.core.internal.Bundles - getClasspathEntries(Bundle=com.google.guava_33.4.8.jre [1147])
2025-12-22 08:31:22,630 [Worker-28: Launching mavenrun-d5b8284a-5316-4ac3-89ed-59f243c39166] INFO  o.eclipse.m2e.core.internal.Bundles - 	Entry: C:\Users\Admin\.p2\pool\plugins\com.google.guava_33.4.8.jre.jar
2025-12-22 08:31:22,630 [Worker-28: Launching mavenrun-d5b8284a-5316-4ac3-89ed-59f243c39166] INFO  o.eclipse.m2e.core.internal.Bundles - getClasspathEntries(Bundle=slf4j.api_2.0.17 [1007])
2025-12-22 08:31:22,631 [Worker-28: Launching mavenrun-d5b8284a-5316-4ac3-89ed-59f243c39166] INFO  o.eclipse.m2e.core.internal.Bundles - 	Entry: C:\Users\Admin\.p2\pool\plugins\slf4j.api_2.0.17.jar
2025-12-22 08:31:22,631 [Worker-28: Launching mavenrun-d5b8284a-5316-4ac3-89ed-59f243c39166] INFO  o.eclipse.m2e.core.internal.Bundles - getClasspathEntries(Bundle=javax.inject_1.0.0.v20091030 [1223])
2025-12-22 08:31:22,631 [Worker-28: Launching mavenrun-d5b8284a-5316-4ac3-89ed-59f243c39166] INFO  o.eclipse.m2e.core.internal.Bundles - 	Entry: C:\Users\Admin\.p2\pool\plugins\javax.inject_1.0.0.v20091030.jar
2025-12-22 08:31:22,631 [Worker-28: Launching mavenrun-d5b8284a-5316-4ac3-89ed-59f243c39166] INFO  o.eclipse.m2e.core.internal.Bundles - getClasspathEntries(Bundle=javax.annotation_1.3.5.v20200909-1856 [44])
2025-12-22 08:31:22,632 [Worker-28: Launching mavenrun-d5b8284a-5316-4ac3-89ed-59f243c39166] INFO  o.eclipse.m2e.core.internal.Bundles - 	Entry: C:\Users\Admin\.p2\pool\plugins\javax.annotation_1.3.5.v20200909-1856.jar
2025-12-22 08:31:22,632 [Worker-28: Launching mavenrun-d5b8284a-5316-4ac3-89ed-59f243c39166] INFO  o.eclipse.m2e.core.internal.Bundles - getClasspathEntries(Bundle=org.apache.commons.cli_1.9.0 [1161])
2025-12-22 08:31:22,632 [Worker-28: Launching mavenrun-d5b8284a-5316-4ac3-89ed-59f243c39166] INFO  o.eclipse.m2e.core.internal.Bundles - 	Entry: C:\Users\Admin\.p2\pool\plugins\org.apache.commons.cli_1.9.0.jar
2025-12-22 08:31:22,632 [Worker-28: Launching mavenrun-d5b8284a-5316-4ac3-89ed-59f243c39166] INFO  o.eclipse.m2e.core.internal.Bundles - getClasspathEntries(Bundle=org.apache.commons.commons-codec_1.16.0 [81])
2025-12-22 08:31:22,632 [Worker-28: Launching mavenrun-d5b8284a-5316-4ac3-89ed-59f243c39166] INFO  o.eclipse.m2e.core.internal.Bundles - 	Entry: C:\Users\Admin\.p2\pool\plugins\org.apache.commons.commons-codec_1.16.0.jar
2025-12-22 08:31:22,633 [Worker-28: Launching mavenrun-d5b8284a-5316-4ac3-89ed-59f243c39166] INFO  o.eclipse.m2e.core.internal.Bundles - getClasspathEntries(Bundle=org.apache.commons.lang3_3.17.0 [1064])
2025-12-22 08:31:22,633 [Worker-28: Launching mavenrun-d5b8284a-5316-4ac3-89ed-59f243c39166] INFO  o.eclipse.m2e.core.internal.Bundles - 	Entry: C:\Users\Admin\.p2\pool\plugins\org.apache.commons.lang3_3.17.0.jar
2025-12-22 08:31:22,633 [Worker-28: Launching mavenrun-d5b8284a-5316-4ac3-89ed-59f243c39166] INFO  o.eclipse.m2e.core.internal.Bundles - getClasspathEntries(Bundle=com.google.guava.failureaccess_1.0.3 [1148])
2025-12-22 08:31:22,633 [Worker-28: Launching mavenrun-d5b8284a-5316-4ac3-89ed-59f243c39166] INFO  o.eclipse.m2e.core.internal.Bundles - 	Entry: C:\Users\Admin\.p2\pool\plugins\com.google.guava.failureaccess_1.0.3.jar
2025-12-22 08:31:22,638 [Worker-28: Launching mavenrun-d5b8284a-5316-4ac3-89ed-59f243c39166] INFO  o.e.m.i.launch.MavenLaunchDelegate - Run build in "C:\Users\Admin\AppData\Local\Temp\m2e-archetypeGenerator12481605818986063222":
2025-12-22 08:31:22,641 [Worker-28: Launching mavenrun-d5b8284a-5316-4ac3-89ed-59f243c39166] INFO  o.e.m.i.launch.MavenLaunchDelegate -  mvn  -DarchetypeGroupId=org.apache.maven.archetypes -DarchetypeArtifactId=maven-archetype-quickstart -DarchetypeVersion=1.1 -DgroupId=com.selenium -DartifactId=Selenium_Learning -Dversion=0.0.1-SNAPSHOT -Dpackage=com.selenium -DoutputDirectory="C:\Users\Admin\Automation MWF 8-00 to 9-30" -Dstyle.color=always -U archetype:generate
2025-12-22 08:32:04,790 [Worker-0: Creating maven-archetype-quickstart] INFO  o.e.m.c.i.p.ProjectConfigurationManager - Collecting project info '/pom.xml' C:\Users\Admin\Automation MWF 8-00 to 9-30\Selenium_Learning\pom.xml
2025-12-22 08:32:05,510 [Worker-0: Creating maven-archetype-quickstart] INFO  o.e.m.c.i.l.LifecycleMappingFactory - Using org.eclipse.m2e.jdt.JarLifecycleMapping lifecycle mapping for MavenProject: com.selenium:Selenium_Learning:0.0.1-SNAPSHOT @ C:\Users\Admin\Automation MWF 8-00 to 9-30\Selenium_Learning\pom.xml.
2025-12-22 08:32:06,118 [Worker-0: Creating maven-archetype-quickstart] INFO  o.e.m.j.i.AbstractJavaProjectConfigurator - Adding source folder /Selenium_Learning/src/main/java
2025-12-22 08:32:06,120 [Worker-0: Creating maven-archetype-quickstart] INFO  o.e.m.j.i.AbstractJavaProjectConfigurator - Adding resource folder /Selenium_Learning/src/main/resources
2025-12-22 08:32:06,125 [Worker-0: Creating maven-archetype-quickstart] INFO  o.e.m.j.i.AbstractJavaProjectConfigurator - Adding source folder /Selenium_Learning/src/test/java
2025-12-22 08:32:06,126 [Worker-0: Creating maven-archetype-quickstart] INFO  o.e.m.j.i.AbstractJavaProjectConfigurator - Adding resource folder /Selenium_Learning/src/test/resources
2025-12-22 08:32:06,230 [Worker-0: Creating maven-archetype-quickstart] INFO  o.e.m.c.i.p.ProjectConfigurationManager - Imported and configured 1 project(s) in 1 sec
2025-12-22 08:32:07,489 [Worker-29: Building] INFO  o.a.m.s.f.DefaultMavenResourcesFiltering - skip non existing resourceDirectory C:\Users\Admin\Automation MWF 8-00 to 9-30\Selenium_Learning\src\main\resources
2025-12-22 08:32:07,492 [Worker-29: Building] INFO  o.a.m.s.f.DefaultMavenResourcesFiltering - skip non existing resourceDirectory C:\Users\Admin\Automation MWF 8-00 to 9-30\Selenium_Learning\src\test\resources
2025-12-22 08:40:28,500 [Worker-34: Building] INFO  o.e.m.c.i.l.LifecycleMappingFactory - Using org.eclipse.m2e.jdt.JarLifecycleMapping lifecycle mapping for MavenProject: com.selenium:Selenium_Learning:0.0.1-SNAPSHOT @ C:\Users\Admin\Automation MWF 8-00 to 9-30\Selenium_Learning\pom.xml.
2025-12-22 08:40:28,639 [Worker-34: Building] INFO  o.a.m.s.f.DefaultMavenResourcesFiltering - skip non existing resourceDirectory C:\Users\Admin\Automation MWF 8-00 to 9-30\Selenium_Learning\src\main\resources
2025-12-22 08:40:28,644 [Worker-34: Building] INFO  o.a.m.s.f.DefaultMavenResourcesFiltering - skip non existing resourceDirectory C:\Users\Admin\Automation MWF 8-00 to 9-30\Selenium_Learning\src\test\resources
2025-12-22 08:41:27,809 [Worker-33: Building] INFO  o.a.m.s.f.DefaultMavenResourcesFiltering - skip non existing resourceDirectory C:\Users\Admin\Automation MWF 8-00 to 9-30\Selenium_Learning\src\main\resources
2025-12-22 08:41:27,811 [Worker-33: Building] INFO  o.a.m.s.f.DefaultMavenResourcesFiltering - skip non existing resourceDirectory C:\Users\Admin\Automation MWF 8-00 to 9-30\Selenium_Learning\src\test\resources
2025-12-22 08:46:15,410 [Worker-37: Building] INFO  o.e.m.c.i.l.LifecycleMappingFactory - Using org.eclipse.m2e.jdt.JarLifecycleMapping lifecycle mapping for MavenProject: com.selenium:Selenium_Learning:0.0.1-SNAPSHOT @ C:\Users\Admin\Automation MWF 8-00 to 9-30\Selenium_Learning\pom.xml.
2025-12-22 08:46:15,834 [Worker-37: Building] INFO  o.a.m.s.f.DefaultMavenResourcesFiltering - skip non existing resourceDirectory C:\Users\Admin\Automation MWF 8-00 to 9-30\Selenium_Learning\src\main\resources
2025-12-22 08:46:15,837 [Worker-37: Building] INFO  o.a.m.s.f.DefaultMavenResourcesFiltering - skip non existing resourceDirectory C:\Users\Admin\Automation MWF 8-00 to 9-30\Selenium_Learning\src\test\resources
2025-12-22 08:46:17,412 [Worker-37: Building] INFO  o.a.m.s.f.DefaultMavenResourcesFiltering - skip non existing resourceDirectory C:\Users\Admin\Automation MWF 8-00 to 9-30\Selenium_Learning\src\main\resources
2025-12-22 08:46:17,415 [Worker-37: Building] INFO  o.a.m.s.f.DefaultMavenResourcesFiltering - skip non existing resourceDirectory C:\Users\Admin\Automation MWF 8-00 to 9-30\Selenium_Learning\src\test\resources
2025-12-22 08:47:33,405 [Worker-27: Updating Maven Project] INFO  o.e.m.c.i.p.ProjectConfigurationManager - Update started
2025-12-22 08:47:33,639 [Worker-27: Updating Maven Project] INFO  o.e.m.c.i.l.LifecycleMappingFactory - Using org.eclipse.m2e.jdt.JarLifecycleMapping lifecycle mapping for MavenProject: com.selenium:Selenium_Learning:0.0.1-SNAPSHOT @ C:\Users\Admin\Automation MWF 8-00 to 9-30\Selenium_Learning\pom.xml.
2025-12-22 08:47:33,933 [Worker-27: Updating Maven Project] INFO  o.e.m.j.i.AbstractJavaProjectConfigurator - Adding source folder /Selenium_Learning/src/main/java
2025-12-22 08:47:33,934 [Worker-27: Updating Maven Project] INFO  o.e.m.j.i.AbstractJavaProjectConfigurator - Adding resource folder /Selenium_Learning/src/main/resources
2025-12-22 08:47:33,934 [Worker-27: Updating Maven Project] INFO  o.e.m.j.i.AbstractJavaProjectConfigurator - Adding source folder /Selenium_Learning/src/test/java
2025-12-22 08:47:33,935 [Worker-27: Updating Maven Project] INFO  o.e.m.j.i.AbstractJavaProjectConfigurator - Adding resource folder /Selenium_Learning/src/test/resources
2025-12-22 08:47:34,080 [Worker-27: Updating Maven Project] INFO  o.e.m.c.i.p.ProjectConfigurationManager - Update completed for 1 poms: local refresh takes 0.00 sec, refresh facades takes 0.00 sec, update config takes 0.00 sec 
2025-12-22 08:47:34,233 [Worker-40: Building] INFO  o.a.m.s.f.DefaultMavenResourcesFiltering - skip non existing resourceDirectory C:\Users\Admin\Automation MWF 8-00 to 9-30\Selenium_Learning\src\main\resources
2025-12-22 08:47:34,236 [Worker-40: Building] INFO  o.a.m.s.f.DefaultMavenResourcesFiltering - skip non existing resourceDirectory C:\Users\Admin\Automation MWF 8-00 to 9-30\Selenium_Learning\src\test\resources
2025-12-22 08:48:11,240 [Worker-29: Building] INFO  o.a.m.s.f.DefaultMavenResourcesFiltering - skip non existing resourceDirectory C:\Users\Admin\Automation MWF 8-00 to 9-30\Selenium_Learning\src\main\resources
2025-12-22 08:48:11,243 [Worker-29: Building] INFO  o.a.m.s.f.DefaultMavenResourcesFiltering - skip non existing resourceDirectory C:\Users\Admin\Automation MWF 8-00 to 9-30\Selenium_Learning\src\test\resources
2025-12-22 08:48:13,403 [Worker-29: Building] INFO  o.a.m.s.f.DefaultMavenResourcesFiltering - skip non existing resourceDirectory C:\Users\Admin\Automation MWF 8-00 to 9-30\Selenium_Learning\src\main\resources
2025-12-22 08:48:13,405 [Worker-29: Building] INFO  o.a.m.s.f.DefaultMavenResourcesFiltering - skip non existing resourceDirectory C:\Users\Admin\Automation MWF 8-00 to 9-30\Selenium_Learning\src\test\resources
2025-12-22 08:56:10,179 [Worker-27: Building] INFO  o.a.m.s.f.DefaultMavenResourcesFiltering - skip non existing resourceDirectory C:\Users\Admin\Automation MWF 8-00 to 9-30\Selenium_Learning\src\main\resources
2025-12-22 08:56:10,180 [Worker-27: Building] INFO  o.a.m.s.f.DefaultMavenResourcesFiltering - skip non existing resourceDirectory C:\Users\Admin\Automation MWF 8-00 to 9-30\Selenium_Learning\src\test\resources
2025-12-22 08:56:16,359 [Worker-44: Building] INFO  o.a.m.s.f.DefaultMavenResourcesFiltering - skip non existing resourceDirectory C:\Users\Admin\Automation MWF 8-00 to 9-30\Selenium_Learning\src\main\resources
2025-12-22 08:56:16,360 [Worker-44: Building] INFO  o.a.m.s.f.DefaultMavenResourcesFiltering - skip non existing resourceDirectory C:\Users\Admin\Automation MWF 8-00 to 9-30\Selenium_Learning\src\test\resources
2025-12-22 08:56:39,643 [Worker-43: Building] INFO  o.a.m.s.f.DefaultMavenResourcesFiltering - skip non existing resourceDirectory C:\Users\Admin\Automation MWF 8-00 to 9-30\Selenium_Learning\src\main\resources
2025-12-22 08:56:39,645 [Worker-43: Building] INFO  o.a.m.s.f.DefaultMavenResourcesFiltering - skip non existing resourceDirectory C:\Users\Admin\Automation MWF 8-00 to 9-30\Selenium_Learning\src\test\resources
2025-12-22 08:56:52,698 [Worker-47: Building] INFO  o.a.m.s.f.DefaultMavenResourcesFiltering - skip non existing resourceDirectory C:\Users\Admin\Automation MWF 8-00 to 9-30\Selenium_Learning\src\main\resources
2025-12-22 08:56:52,699 [Worker-47: Building] INFO  o.a.m.s.f.DefaultMavenResourcesFiltering - skip non existing resourceDirectory C:\Users\Admin\Automation MWF 8-00 to 9-30\Selenium_Learning\src\test\resources
2025-12-22 08:57:14,286 [Worker-27: Building] INFO  o.a.m.s.f.DefaultMavenResourcesFiltering - skip non existing resourceDirectory C:\Users\Admin\Automation MWF 8-00 to 9-30\Selenium_Learning\src\main\resources
2025-12-22 08:57:14,288 [Worker-27: Building] INFO  o.a.m.s.f.DefaultMavenResourcesFiltering - skip non existing resourceDirectory C:\Users\Admin\Automation MWF 8-00 to 9-30\Selenium_Learning\src\test\resources
2025-12-22 08:58:06,095 [Worker-47: Building] INFO  o.a.m.s.f.DefaultMavenResourcesFiltering - skip non existing resourceDirectory C:\Users\Admin\Automation MWF 8-00 to 9-30\Selenium_Learning\src\main\resources
2025-12-22 08:58:06,097 [Worker-47: Building] INFO  o.a.m.s.f.DefaultMavenResourcesFiltering - skip non existing resourceDirectory C:\Users\Admin\Automation MWF 8-00 to 9-30\Selenium_Learning\src\test\resources
2025-12-22 08:58:13,455 [Worker-46: Building] INFO  o.a.m.s.f.DefaultMavenResourcesFiltering - skip non existing resourceDirectory C:\Users\Admin\Automation MWF 8-00 to 9-30\Selenium_Learning\src\main\resources
2025-12-22 08:58:13,459 [Worker-46: Building] INFO  o.a.m.s.f.DefaultMavenResourcesFiltering - skip non existing resourceDirectory C:\Users\Admin\Automation MWF 8-00 to 9-30\Selenium_Learning\src\test\resources
2025-12-22 08:58:19,263 [Worker-44: Building] INFO  o.a.m.s.f.DefaultMavenResourcesFiltering - skip non existing resourceDirectory C:\Users\Admin\Automation MWF 8-00 to 9-30\Selenium_Learning\src\main\resources
2025-12-22 08:58:19,265 [Worker-44: Building] INFO  o.a.m.s.f.DefaultMavenResourcesFiltering - skip non existing resourceDirectory C:\Users\Admin\Automation MWF 8-00 to 9-30\Selenium_Learning\src\test\resources
2025-12-22 08:59:11,773 [Worker-45: Building] INFO  o.a.m.s.f.DefaultMavenResourcesFiltering - skip non existing resourceDirectory C:\Users\Admin\Automation MWF 8-00 to 9-30\Selenium_Learning\src\main\resources
2025-12-22 08:59:11,775 [Worker-45: Building] INFO  o.a.m.s.f.DefaultMavenResourcesFiltering - skip non existing resourceDirectory C:\Users\Admin\Automation MWF 8-00 to 9-30\Selenium_Learning\src\test\resources
2025-12-22 08:59:46,220 [Worker-43: Building] INFO  o.a.m.s.f.DefaultMavenResourcesFiltering - skip non existing resourceDirectory C:\Users\Admin\Automation MWF 8-00 to 9-30\Selenium_Learning\src\main\resources
2025-12-22 08:59:46,222 [Worker-43: Building] INFO  o.a.m.s.f.DefaultMavenResourcesFiltering - skip non existing resourceDirectory C:\Users\Admin\Automation MWF 8-00 to 9-30\Selenium_Learning\src\test\resources
2025-12-22 08:59:47,308 [Worker-45: Building] INFO  o.a.m.s.f.DefaultMavenResourcesFiltering - skip non existing resourceDirectory C:\Users\Admin\Automation MWF 8-00 to 9-30\Selenium_Learning\src\main\resources
2025-12-22 08:59:47,309 [Worker-45: Building] INFO  o.a.m.s.f.DefaultMavenResourcesFiltering - skip non existing resourceDirectory C:\Users\Admin\Automation MWF 8-00 to 9-30\Selenium_Learning\src\test\resources
2025-12-22 09:00:28,444 [Worker-47: Building] INFO  o.a.m.s.f.DefaultMavenResourcesFiltering - skip non existing resourceDirectory C:\Users\Admin\Automation MWF 8-00 to 9-30\Selenium_Learning\src\main\resources
2025-12-22 09:00:28,446 [Worker-47: Building] INFO  o.a.m.s.f.DefaultMavenResourcesFiltering - skip non existing resourceDirectory C:\Users\Admin\Automation MWF 8-00 to 9-30\Selenium_Learning\src\test\resources
2025-12-22 09:00:57,479 [Worker-47: Building] INFO  o.a.m.s.f.DefaultMavenResourcesFiltering - skip non existing resourceDirectory C:\Users\Admin\Automation MWF 8-00 to 9-30\Selenium_Learning\src\main\resources
2025-12-22 09:00:57,481 [Worker-47: Building] INFO  o.a.m.s.f.DefaultMavenResourcesFiltering - skip non existing resourceDirectory C:\Users\Admin\Automation MWF 8-00 to 9-30\Selenium_Learning\src\test\resources
2025-12-22 09:01:10,182 [Worker-45: Building] INFO  o.a.m.s.f.DefaultMavenResourcesFiltering - skip non existing resourceDirectory C:\Users\Admin\Automation MWF 8-00 to 9-30\Selenium_Learning\src\main\resources
2025-12-22 09:01:10,184 [Worker-45: Building] INFO  o.a.m.s.f.DefaultMavenResourcesFiltering - skip non existing resourceDirectory C:\Users\Admin\Automation MWF 8-00 to 9-30\Selenium_Learning\src\test\resources
2025-12-22 09:01:24,279 [Worker-46: Building] INFO  o.a.m.s.f.DefaultMavenResourcesFiltering - skip non existing resourceDirectory C:\Users\Admin\Automation MWF 8-00 to 9-30\Selenium_Learning\src\main\resources
2025-12-22 09:01:24,281 [Worker-46: Building] INFO  o.a.m.s.f.DefaultMavenResourcesFiltering - skip non existing resourceDirectory C:\Users\Admin\Automation MWF 8-00 to 9-30\Selenium_Learning\src\test\resources
2025-12-22 09:01:34,032 [Worker-45: Building] INFO  o.a.m.s.f.DefaultMavenResourcesFiltering - skip non existing resourceDirectory C:\Users\Admin\Automation MWF 8-00 to 9-30\Selenium_Learning\src\main\resources
2025-12-22 09:01:34,033 [Worker-45: Building] INFO  o.a.m.s.f.DefaultMavenResourcesFiltering - skip non existing resourceDirectory C:\Users\Admin\Automation MWF 8-00 to 9-30\Selenium_Learning\src\test\resources
2025-12-22 09:01:39,801 [Worker-27: Building] INFO  o.a.m.s.f.DefaultMavenResourcesFiltering - skip non existing resourceDirectory C:\Users\Admin\Automation MWF 8-00 to 9-30\Selenium_Learning\src\main\resources
2025-12-22 09:01:39,804 [Worker-27: Building] INFO  o.a.m.s.f.DefaultMavenResourcesFiltering - skip non existing resourceDirectory C:\Users\Admin\Automation MWF 8-00 to 9-30\Selenium_Learning\src\test\resources
2025-12-22 09:01:40,962 [Worker-45: Building] INFO  o.a.m.s.f.DefaultMavenResourcesFiltering - skip non existing resourceDirectory C:\Users\Admin\Automation MWF 8-00 to 9-30\Selenium_Learning\src\main\resources
2025-12-22 09:01:40,964 [Worker-45: Building] INFO  o.a.m.s.f.DefaultMavenResourcesFiltering - skip non existing resourceDirectory C:\Users\Admin\Automation MWF 8-00 to 9-30\Selenium_Learning\src\test\resources
2025-12-22 09:01:42,000 [Worker-47: Building] INFO  o.a.m.s.f.DefaultMavenResourcesFiltering - skip non existing resourceDirectory C:\Users\Admin\Automation MWF 8-00 to 9-30\Selenium_Learning\src\main\resources
2025-12-22 09:01:42,002 [Worker-47: Building] INFO  o.a.m.s.f.DefaultMavenResourcesFiltering - skip non existing resourceDirectory C:\Users\Admin\Automation MWF 8-00 to 9-30\Selenium_Learning\src\test\resources
2025-12-22 09:01:55,079 [Worker-45: Building] INFO  o.a.m.s.f.DefaultMavenResourcesFiltering - skip non existing resourceDirectory C:\Users\Admin\Automation MWF 8-00 to 9-30\Selenium_Learning\src\main\resources
2025-12-22 09:01:55,080 [Worker-45: Building] INFO  o.a.m.s.f.DefaultMavenResourcesFiltering - skip non existing resourceDirectory C:\Users\Admin\Automation MWF 8-00 to 9-30\Selenium_Learning\src\test\resources
2025-12-22 09:02:36,638 [Worker-48: Building] INFO  o.a.m.s.f.DefaultMavenResourcesFiltering - skip non existing resourceDirectory C:\Users\Admin\Automation MWF 8-00 to 9-30\Selenium_Learning\src\main\resources
2025-12-22 09:02:36,640 [Worker-48: Building] INFO  o.a.m.s.f.DefaultMavenResourcesFiltering - skip non existing resourceDirectory C:\Users\Admin\Automation MWF 8-00 to 9-30\Selenium_Learning\src\test\resources
2025-12-22 09:02:41,080 [Worker-47: Building] INFO  o.a.m.s.f.DefaultMavenResourcesFiltering - skip non existing resourceDirectory C:\Users\Admin\Automation MWF 8-00 to 9-30\Selenium_Learning\src\main\resources
2025-12-22 09:02:41,081 [Worker-47: Building] INFO  o.a.m.s.f.DefaultMavenResourcesFiltering - skip non existing resourceDirectory C:\Users\Admin\Automation MWF 8-00 to 9-30\Selenium_Learning\src\test\resources
2025-12-22 09:08:13,053 [Worker-52: Building] INFO  o.a.m.s.f.DefaultMavenResourcesFiltering - skip non existing resourceDirectory C:\Users\Admin\Automation MWF 8-00 to 9-30\Selenium_Learning\src\main\resources
2025-12-22 09:08:13,055 [Worker-52: Building] INFO  o.a.m.s.f.DefaultMavenResourcesFiltering - skip non existing resourceDirectory C:\Users\Admin\Automation MWF 8-00 to 9-30\Selenium_Learning\src\test\resources
2025-12-22 09:08:25,807 [Worker-53: Building] INFO  o.a.m.s.f.DefaultMavenResourcesFiltering - skip non existing resourceDirectory C:\Users\Admin\Automation MWF 8-00 to 9-30\Selenium_Learning\src\main\resources
2025-12-22 09:08:25,808 [Worker-53: Building] INFO  o.a.m.s.f.DefaultMavenResourcesFiltering - skip non existing resourceDirectory C:\Users\Admin\Automation MWF 8-00 to 9-30\Selenium_Learning\src\test\resources
2025-12-22 09:08:29,277 [Worker-54: Building] INFO  o.a.m.s.f.DefaultMavenResourcesFiltering - skip non existing resourceDirectory C:\Users\Admin\Automation MWF 8-00 to 9-30\Selenium_Learning\src\main\resources
2025-12-22 09:08:29,278 [Worker-54: Building] INFO  o.a.m.s.f.DefaultMavenResourcesFiltering - skip non existing resourceDirectory C:\Users\Admin\Automation MWF 8-00 to 9-30\Selenium_Learning\src\test\resources
2025-12-22 09:08:30,613 [Worker-27: Building] INFO  o.a.m.s.f.DefaultMavenResourcesFiltering - skip non existing resourceDirectory C:\Users\Admin\Automation MWF 8-00 to 9-30\Selenium_Learning\src\main\resources
2025-12-22 09:08:30,615 [Worker-27: Building] INFO  o.a.m.s.f.DefaultMavenResourcesFiltering - skip non existing resourceDirectory C:\Users\Admin\Automation MWF 8-00 to 9-30\Selenium_Learning\src\test\resources
2025-12-22 09:08:51,839 [Worker-51: Building] INFO  o.a.m.s.f.DefaultMavenResourcesFiltering - skip non existing resourceDirectory C:\Users\Admin\Automation MWF 8-00 to 9-30\Selenium_Learning\src\main\resources
2025-12-22 09:08:51,841 [Worker-51: Building] INFO  o.a.m.s.f.DefaultMavenResourcesFiltering - skip non existing resourceDirectory C:\Users\Admin\Automation MWF 8-00 to 9-30\Selenium_Learning\src\test\resources
2025-12-22 09:09:26,397 [Worker-0: Loading available Gradle versions] INFO  o.e.b.c.i.u.g.PublishedGradleVersions - Gradle version information cache is up-to-date. Trying to read.
2025-12-22 09:09:59,560 [Worker-15: Building] INFO  o.a.m.s.f.DefaultMavenResourcesFiltering - skip non existing resourceDirectory C:\Users\Admin\Automation MWF 8-00 to 9-30\Selenium_Learning\src\main\resources
2025-12-22 09:09:59,566 [Worker-15: Building] INFO  o.a.m.s.f.DefaultMavenResourcesFiltering - skip non existing resourceDirectory C:\Users\Admin\Automation MWF 8-00 to 9-30\Selenium_Learning\src\test\resources
2025-12-22 09:10:07,017 [Worker-17: Building] INFO  o.a.m.s.f.DefaultMavenResourcesFiltering - skip non existing resourceDirectory C:\Users\Admin\Automation MWF 8-00 to 9-30\Selenium_Learning\src\main\resources
2025-12-22 09:10:07,019 [Worker-17: Building] INFO  o.a.m.s.f.DefaultMavenResourcesFiltering - skip non existing resourceDirectory C:\Users\Admin\Automation MWF 8-00 to 9-30\Selenium_Learning\src\test\resources
2025-12-22 09:10:08,069 [Worker-17: Building] INFO  o.a.m.s.f.DefaultMavenResourcesFiltering - skip non existing resourceDirectory C:\Users\Admin\Automation MWF 8-00 to 9-30\Selenium_Learning\src\main\resources
2025-12-22 09:10:08,071 [Worker-17: Building] INFO  o.a.m.s.f.DefaultMavenResourcesFiltering - skip non existing resourceDirectory C:\Users\Admin\Automation MWF 8-00 to 9-30\Selenium_Learning\src\test\resources
2025-12-24 08:28:16,855 [Worker-3: Loading available Gradle versions] INFO  o.e.b.c.i.u.g.PublishedGradleVersions - Gradle version information cache is up-to-date. Trying to read.
2025-12-24 08:30:19,901 [Worker-5: Building] INFO  o.a.m.s.f.DefaultMavenResourcesFiltering - skip non existing resourceDirectory C:\Users\Admin\Automation MWF 8-00 to 9-30\Selenium_Learning\src\main\resources
2025-12-24 08:30:19,906 [Worker-5: Building] INFO  o.a.m.s.f.DefaultMavenResourcesFiltering - skip non existing resourceDirectory C:\Users\Admin\Automation MWF 8-00 to 9-30\Selenium_Learning\src\test\resources
2025-12-24 08:30:30,289 [Worker-10: Building] INFO  o.a.m.s.f.DefaultMavenResourcesFiltering - skip non existing resourceDirectory C:\Users\Admin\Automation MWF 8-00 to 9-30\Selenium_Learning\src\main\resources
2025-12-24 08:30:30,291 [Worker-10: Building] INFO  o.a.m.s.f.DefaultMavenResourcesFiltering - skip non existing resourceDirectory C:\Users\Admin\Automation MWF 8-00 to 9-30\Selenium_Learning\src\test\resources
2025-12-24 08:30:34,298 [Worker-5: Building] INFO  o.a.m.s.f.DefaultMavenResourcesFiltering - skip non existing resourceDirectory C:\Users\Admin\Automation MWF 8-00 to 9-30\Selenium_Learning\src\main\resources
2025-12-24 08:30:34,301 [Worker-5: Building] INFO  o.a.m.s.f.DefaultMavenResourcesFiltering - skip non existing resourceDirectory C:\Users\Admin\Automation MWF 8-00 to 9-30\Selenium_Learning\src\test\resources
2025-12-24 08:30:37,105 [Worker-17: Building] INFO  o.a.m.s.f.DefaultMavenResourcesFiltering - skip non existing resourceDirectory C:\Users\Admin\Automation MWF 8-00 to 9-30\Selenium_Learning\src\main\resources
2025-12-24 08:30:37,109 [Worker-17: Building] INFO  o.a.m.s.f.DefaultMavenResourcesFiltering - skip non existing resourceDirectory C:\Users\Admin\Automation MWF 8-00 to 9-30\Selenium_Learning\src\test\resources
2025-12-24 08:55:39,274 [Worker-25: Building] INFO  o.a.m.s.f.DefaultMavenResourcesFiltering - skip non existing resourceDirectory C:\Users\Admin\Automation MWF 8-00 to 9-30\Selenium_Learning\src\main\resources
2025-12-24 08:55:39,278 [Worker-25: Building] INFO  o.a.m.s.f.DefaultMavenResourcesFiltering - skip non existing resourceDirectory C:\Users\Admin\Automation MWF 8-00 to 9-30\Selenium_Learning\src\test\resources
2025-12-24 08:55:41,417 [Worker-25: Building] INFO  o.a.m.s.f.DefaultMavenResourcesFiltering - skip non existing resourceDirectory C:\Users\Admin\Automation MWF 8-00 to 9-30\Selenium_Learning\src\main\resources
2025-12-24 08:55:41,419 [Worker-25: Building] INFO  o.a.m.s.f.DefaultMavenResourcesFiltering - skip non existing resourceDirectory C:\Users\Admin\Automation MWF 8-00 to 9-30\Selenium_Learning\src\test\resources
2025-12-24 08:56:04,617 [Worker-23: Building] INFO  o.a.m.s.f.DefaultMavenResourcesFiltering - skip non existing resourceDirectory C:\Users\Admin\Automation MWF 8-00 to 9-30\Selenium_Learning\src\main\resources
2025-12-24 08:56:04,619 [Worker-23: Building] INFO  o.a.m.s.f.DefaultMavenResourcesFiltering - skip non existing resourceDirectory C:\Users\Admin\Automation MWF 8-00 to 9-30\Selenium_Learning\src\test\resources
2025-12-24 08:56:23,561 [Worker-27: Building] INFO  o.a.m.s.f.DefaultMavenResourcesFiltering - skip non existing resourceDirectory C:\Users\Admin\Automation MWF 8-00 to 9-30\Selenium_Learning\src\main\resources
2025-12-24 08:56:23,563 [Worker-27: Building] INFO  o.a.m.s.f.DefaultMavenResourcesFiltering - skip non existing resourceDirectory C:\Users\Admin\Automation MWF 8-00 to 9-30\Selenium_Learning\src\test\resources
2025-12-24 08:56:36,077 [Worker-26: Building] INFO  o.a.m.s.f.DefaultMavenResourcesFiltering - skip non existing resourceDirectory C:\Users\Admin\Automation MWF 8-00 to 9-30\Selenium_Learning\src\main\resources
2025-12-24 08:56:36,079 [Worker-26: Building] INFO  o.a.m.s.f.DefaultMavenResourcesFiltering - skip non existing resourceDirectory C:\Users\Admin\Automation MWF 8-00 to 9-30\Selenium_Learning\src\test\resources
2025-12-24 08:56:57,772 [Worker-26: Building] INFO  o.a.m.s.f.DefaultMavenResourcesFiltering - skip non existing resourceDirectory C:\Users\Admin\Automation MWF 8-00 to 9-30\Selenium_Learning\src\main\resources
2025-12-24 08:56:57,775 [Worker-26: Building] INFO  o.a.m.s.f.DefaultMavenResourcesFiltering - skip non existing resourceDirectory C:\Users\Admin\Automation MWF 8-00 to 9-30\Selenium_Learning\src\test\resources
2025-12-24 08:57:01,980 [Worker-23: Building] INFO  o.a.m.s.f.DefaultMavenResourcesFiltering - skip non existing resourceDirectory C:\Users\Admin\Automation MWF 8-00 to 9-30\Selenium_Learning\src\main\resources
2025-12-24 08:57:01,982 [Worker-23: Building] INFO  o.a.m.s.f.DefaultMavenResourcesFiltering - skip non existing resourceDirectory C:\Users\Admin\Automation MWF 8-00 to 9-30\Selenium_Learning\src\test\resources
2025-12-24 08:57:08,976 [Worker-25: Building] INFO  o.a.m.s.f.DefaultMavenResourcesFiltering - skip non existing resourceDirectory C:\Users\Admin\Automation MWF 8-00 to 9-30\Selenium_Learning\src\main\resources
2025-12-24 08:57:08,977 [Worker-25: Building] INFO  o.a.m.s.f.DefaultMavenResourcesFiltering - skip non existing resourceDirectory C:\Users\Admin\Automation MWF 8-00 to 9-30\Selenium_Learning\src\test\resources
2025-12-24 08:57:19,513 [Worker-3: Building] INFO  o.a.m.s.f.DefaultMavenResourcesFiltering - skip non existing resourceDirectory C:\Users\Admin\Automation MWF 8-00 to 9-30\Selenium_Learning\src\main\resources
2025-12-24 08:57:19,515 [Worker-3: Building] INFO  o.a.m.s.f.DefaultMavenResourcesFiltering - skip non existing resourceDirectory C:\Users\Admin\Automation MWF 8-00 to 9-30\Selenium_Learning\src\test\resources
2025-12-24 08:57:39,453 [Worker-27: Building] INFO  o.a.m.s.f.DefaultMavenResourcesFiltering - skip non existing resourceDirectory C:\Users\Admin\Automation MWF 8-00 to 9-30\Selenium_Learning\src\main\resources
2025-12-24 08:57:39,454 [Worker-27: Building] INFO  o.a.m.s.f.DefaultMavenResourcesFiltering - skip non existing resourceDirectory C:\Users\Admin\Automation MWF 8-00 to 9-30\Selenium_Learning\src\test\resources
2025-12-24 09:00:04,642 [Worker-25: Building] INFO  o.a.m.s.f.DefaultMavenResourcesFiltering - skip non existing resourceDirectory C:\Users\Admin\Automation MWF 8-00 to 9-30\Selenium_Learning\src\main\resources
2025-12-24 09:00:04,644 [Worker-25: Building] INFO  o.a.m.s.f.DefaultMavenResourcesFiltering - skip non existing resourceDirectory C:\Users\Admin\Automation MWF 8-00 to 9-30\Selenium_Learning\src\test\resources
2025-12-24 09:00:08,754 [Worker-26: Building] INFO  o.a.m.s.f.DefaultMavenResourcesFiltering - skip non existing resourceDirectory C:\Users\Admin\Automation MWF 8-00 to 9-30\Selenium_Learning\src\main\resources
2025-12-24 09:00:08,756 [Worker-26: Building] INFO  o.a.m.s.f.DefaultMavenResourcesFiltering - skip non existing resourceDirectory C:\Users\Admin\Automation MWF 8-00 to 9-30\Selenium_Learning\src\test\resources
2025-12-24 09:00:15,029 [Worker-25: Building] INFO  o.a.m.s.f.DefaultMavenResourcesFiltering - skip non existing resourceDirectory C:\Users\Admin\Automation MWF 8-00 to 9-30\Selenium_Learning\src\main\resources
2025-12-24 09:00:15,031 [Worker-25: Building] INFO  o.a.m.s.f.DefaultMavenResourcesFiltering - skip non existing resourceDirectory C:\Users\Admin\Automation MWF 8-00 to 9-30\Selenium_Learning\src\test\resources
2025-12-24 09:00:20,025 [Worker-26: Building] INFO  o.a.m.s.f.DefaultMavenResourcesFiltering - skip non existing resourceDirectory C:\Users\Admin\Automation MWF 8-00 to 9-30\Selenium_Learning\src\main\resources
2025-12-24 09:00:20,027 [Worker-26: Building] INFO  o.a.m.s.f.DefaultMavenResourcesFiltering - skip non existing resourceDirectory C:\Users\Admin\Automation MWF 8-00 to 9-30\Selenium_Learning\src\test\resources
2025-12-24 09:00:21,746 [Worker-28: Building] INFO  o.a.m.s.f.DefaultMavenResourcesFiltering - skip non existing resourceDirectory C:\Users\Admin\Automation MWF 8-00 to 9-30\Selenium_Learning\src\main\resources
2025-12-24 09:00:21,748 [Worker-28: Building] INFO  o.a.m.s.f.DefaultMavenResourcesFiltering - skip non existing resourceDirectory C:\Users\Admin\Automation MWF 8-00 to 9-30\Selenium_Learning\src\test\resources
2025-12-24 09:07:00,093 [Worker-23: Building] INFO  o.a.m.s.f.DefaultMavenResourcesFiltering - skip non existing resourceDirectory C:\Users\Admin\Automation MWF 8-00 to 9-30\Selenium_Learning\src\main\resources
2025-12-24 09:07:00,095 [Worker-23: Building] INFO  o.a.m.s.f.DefaultMavenResourcesFiltering - skip non existing resourceDirectory C:\Users\Admin\Automation MWF 8-00 to 9-30\Selenium_Learning\src\test\resources
2025-12-24 09:07:17,244 [Worker-30: Building] INFO  o.a.m.s.f.DefaultMavenResourcesFiltering - skip non existing resourceDirectory C:\Users\Admin\Automation MWF 8-00 to 9-30\Selenium_Learning\src\main\resources
2025-12-24 09:07:17,246 [Worker-30: Building] INFO  o.a.m.s.f.DefaultMavenResourcesFiltering - skip non existing resourceDirectory C:\Users\Admin\Automation MWF 8-00 to 9-30\Selenium_Learning\src\test\resources
2025-12-24 09:10:02,376 [Worker-32: Building] INFO  o.a.m.s.f.DefaultMavenResourcesFiltering - skip non existing resourceDirectory C:\Users\Admin\Automation MWF 8-00 to 9-30\Selenium_Learning\src\main\resources
2025-12-24 09:10:02,378 [Worker-32: Building] INFO  o.a.m.s.f.DefaultMavenResourcesFiltering - skip non existing resourceDirectory C:\Users\Admin\Automation MWF 8-00 to 9-30\Selenium_Learning\src\test\resources
2025-12-24 09:10:43,560 [Worker-23: Building] INFO  o.a.m.s.f.DefaultMavenResourcesFiltering - skip non existing resourceDirectory C:\Users\Admin\Automation MWF 8-00 to 9-30\Selenium_Learning\src\main\resources
2025-12-24 09:10:43,563 [Worker-23: Building] INFO  o.a.m.s.f.DefaultMavenResourcesFiltering - skip non existing resourceDirectory C:\Users\Admin\Automation MWF 8-00 to 9-30\Selenium_Learning\src\test\resources
2025-12-24 09:13:56,029 [Worker-23: Building] INFO  o.a.m.s.f.DefaultMavenResourcesFiltering - skip non existing resourceDirectory C:\Users\Admin\Automation MWF 8-00 to 9-30\Selenium_Learning\src\main\resources
2025-12-24 09:13:56,030 [Worker-23: Building] INFO  o.a.m.s.f.DefaultMavenResourcesFiltering - skip non existing resourceDirectory C:\Users\Admin\Automation MWF 8-00 to 9-30\Selenium_Learning\src\test\resources
2025-12-24 09:15:03,237 [Worker-35: Building] INFO  o.a.m.s.f.DefaultMavenResourcesFiltering - skip non existing resourceDirectory C:\Users\Admin\Automation MWF 8-00 to 9-30\Selenium_Learning\src\main\resources
2025-12-24 09:15:03,238 [Worker-35: Building] INFO  o.a.m.s.f.DefaultMavenResourcesFiltering - skip non existing resourceDirectory C:\Users\Admin\Automation MWF 8-00 to 9-30\Selenium_Learning\src\test\resources
2025-12-24 09:15:07,808 [Worker-23: Building] INFO  o.a.m.s.f.DefaultMavenResourcesFiltering - skip non existing resourceDirectory C:\Users\Admin\Automation MWF 8-00 to 9-30\Selenium_Learning\src\main\resources
2025-12-24 09:15:07,809 [Worker-23: Building] INFO  o.a.m.s.f.DefaultMavenResourcesFiltering - skip non existing resourceDirectory C:\Users\Admin\Automation MWF 8-00 to 9-30\Selenium_Learning\src\test\resources
2025-12-24 09:15:08,881 [Worker-38: Building] INFO  o.a.m.s.f.DefaultMavenResourcesFiltering - skip non existing resourceDirectory C:\Users\Admin\Automation MWF 8-00 to 9-30\Selenium_Learning\src\main\resources
2025-12-24 09:15:08,883 [Worker-38: Building] INFO  o.a.m.s.f.DefaultMavenResourcesFiltering - skip non existing resourceDirectory C:\Users\Admin\Automation MWF 8-00 to 9-30\Selenium_Learning\src\test\resources
2025-12-24 09:15:51,936 [Worker-36: Building] INFO  o.a.m.s.f.DefaultMavenResourcesFiltering - skip non existing resourceDirectory C:\Users\Admin\Automation MWF 8-00 to 9-30\Selenium_Learning\src\main\resources
2025-12-24 09:15:51,938 [Worker-36: Building] INFO  o.a.m.s.f.DefaultMavenResourcesFiltering - skip non existing resourceDirectory C:\Users\Admin\Automation MWF 8-00 to 9-30\Selenium_Learning\src\test\resources
2025-12-24 09:16:31,468 [Worker-37: Building] INFO  o.a.m.s.f.DefaultMavenResourcesFiltering - skip non existing resourceDirectory C:\Users\Admin\Automation MWF 8-00 to 9-30\Selenium_Learning\src\main\resources
2025-12-24 09:16:31,470 [Worker-37: Building] INFO  o.a.m.s.f.DefaultMavenResourcesFiltering - skip non existing resourceDirectory C:\Users\Admin\Automation MWF 8-00 to 9-30\Selenium_Learning\src\test\resources
2025-12-26 08:26:07,869 [Worker-2: Loading available Gradle versions] INFO  o.e.b.c.i.u.g.PublishedGradleVersions - Gradle version information cache is up-to-date. Trying to read.
2025-12-26 08:34:06,453 [Worker-30: Building] INFO  o.a.m.s.f.DefaultMavenResourcesFiltering - skip non existing resourceDirectory C:\Users\Admin\Automation MWF 8-00 to 9-30\Selenium_Learning\src\main\resources
2025-12-26 08:34:06,458 [Worker-30: Building] INFO  o.a.m.s.f.DefaultMavenResourcesFiltering - skip non existing resourceDirectory C:\Users\Admin\Automation MWF 8-00 to 9-30\Selenium_Learning\src\test\resources
2025-12-26 08:34:19,642 [Worker-31: Building] INFO  o.a.m.s.f.DefaultMavenResourcesFiltering - skip non existing resourceDirectory C:\Users\Admin\Automation MWF 8-00 to 9-30\Selenium_Learning\src\main\resources
2025-12-26 08:34:19,645 [Worker-31: Building] INFO  o.a.m.s.f.DefaultMavenResourcesFiltering - skip non existing resourceDirectory C:\Users\Admin\Automation MWF 8-00 to 9-30\Selenium_Learning\src\test\resources
2025-12-26 08:34:37,779 [Worker-30: Building] INFO  o.a.m.s.f.DefaultMavenResourcesFiltering - skip non existing resourceDirectory C:\Users\Admin\Automation MWF 8-00 to 9-30\Selenium_Learning\src\main\resources
2025-12-26 08:34:37,781 [Worker-30: Building] INFO  o.a.m.s.f.DefaultMavenResourcesFiltering - skip non existing resourceDirectory C:\Users\Admin\Automation MWF 8-00 to 9-30\Selenium_Learning\src\test\resources
2025-12-26 08:34:39,871 [Worker-32: Building] INFO  o.a.m.s.f.DefaultMavenResourcesFiltering - skip non existing resourceDirectory C:\Users\Admin\Automation MWF 8-00 to 9-30\Selenium_Learning\src\main\resources
2025-12-26 08:34:39,873 [Worker-32: Building] INFO  o.a.m.s.f.DefaultMavenResourcesFiltering - skip non existing resourceDirectory C:\Users\Admin\Automation MWF 8-00 to 9-30\Selenium_Learning\src\test\resources
2025-12-26 08:37:21,110 [Worker-27: Building] INFO  o.a.m.s.f.DefaultMavenResourcesFiltering - skip non existing resourceDirectory C:\Users\Admin\Automation MWF 8-00 to 9-30\Selenium_Learning\src\main\resources
2025-12-26 08:37:21,112 [Worker-27: Building] INFO  o.a.m.s.f.DefaultMavenResourcesFiltering - skip non existing resourceDirectory C:\Users\Admin\Automation MWF 8-00 to 9-30\Selenium_Learning\src\test\resources
2025-12-26 08:38:02,003 [Worker-35: Building] INFO  o.a.m.s.f.DefaultMavenResourcesFiltering - skip non existing resourceDirectory C:\Users\Admin\Automation MWF 8-00 to 9-30\Selenium_Learning\src\main\resources
2025-12-26 08:38:02,006 [Worker-35: Building] INFO  o.a.m.s.f.DefaultMavenResourcesFiltering - skip non existing resourceDirectory C:\Users\Admin\Automation MWF 8-00 to 9-30\Selenium_Learning\src\test\resources
2025-12-26 08:38:26,311 [Worker-34: Building] INFO  o.a.m.s.f.DefaultMavenResourcesFiltering - skip non existing resourceDirectory C:\Users\Admin\Automation MWF 8-00 to 9-30\Selenium_Learning\src\main\resources
2025-12-26 08:38:26,314 [Worker-34: Building] INFO  o.a.m.s.f.DefaultMavenResourcesFiltering - skip non existing resourceDirectory C:\Users\Admin\Automation MWF 8-00 to 9-30\Selenium_Learning\src\test\resources
2025-12-26 08:38:33,525 [Worker-35: Building] INFO  o.a.m.s.f.DefaultMavenResourcesFiltering - skip non existing resourceDirectory C:\Users\Admin\Automation MWF 8-00 to 9-30\Selenium_Learning\src\main\resources
2025-12-26 08:38:33,527 [Worker-35: Building] INFO  o.a.m.s.f.DefaultMavenResourcesFiltering - skip non existing resourceDirectory C:\Users\Admin\Automation MWF 8-00 to 9-30\Selenium_Learning\src\test\resources
2025-12-26 08:38:38,938 [Worker-34: Building] INFO  o.a.m.s.f.DefaultMavenResourcesFiltering - skip non existing resourceDirectory C:\Users\Admin\Automation MWF 8-00 to 9-30\Selenium_Learning\src\main\resources
2025-12-26 08:38:38,940 [Worker-34: Building] INFO  o.a.m.s.f.DefaultMavenResourcesFiltering - skip non existing resourceDirectory C:\Users\Admin\Automation MWF 8-00 to 9-30\Selenium_Learning\src\test\resources
2025-12-26 08:38:48,390 [Worker-33: Building] INFO  o.a.m.s.f.DefaultMavenResourcesFiltering - skip non existing resourceDirectory C:\Users\Admin\Automation MWF 8-00 to 9-30\Selenium_Learning\src\main\resources
2025-12-26 08:38:48,392 [Worker-33: Building] INFO  o.a.m.s.f.DefaultMavenResourcesFiltering - skip non existing resourceDirectory C:\Users\Admin\Automation MWF 8-00 to 9-30\Selenium_Learning\src\test\resources
2025-12-26 08:39:31,058 [Worker-36: Building] INFO  o.a.m.s.f.DefaultMavenResourcesFiltering - skip non existing resourceDirectory C:\Users\Admin\Automation MWF 8-00 to 9-30\Selenium_Learning\src\main\resources
2025-12-26 08:39:31,061 [Worker-36: Building] INFO  o.a.m.s.f.DefaultMavenResourcesFiltering - skip non existing resourceDirectory C:\Users\Admin\Automation MWF 8-00 to 9-30\Selenium_Learning\src\test\resources
2025-12-26 08:39:43,605 [Worker-27: Building] INFO  o.a.m.s.f.DefaultMavenResourcesFiltering - skip non existing resourceDirectory C:\Users\Admin\Automation MWF 8-00 to 9-30\Selenium_Learning\src\main\resources
2025-12-26 08:39:43,607 [Worker-27: Building] INFO  o.a.m.s.f.DefaultMavenResourcesFiltering - skip non existing resourceDirectory C:\Users\Admin\Automation MWF 8-00 to 9-30\Selenium_Learning\src\test\resources
2025-12-26 08:48:54,773 [Worker-42: Building] INFO  o.a.m.s.f.DefaultMavenResourcesFiltering - skip non existing resourceDirectory C:\Users\Admin\Automation MWF 8-00 to 9-30\Selenium_Learning\src\main\resources
2025-12-26 08:48:54,775 [Worker-42: Building] INFO  o.a.m.s.f.DefaultMavenResourcesFiltering - skip non existing resourceDirectory C:\Users\Admin\Automation MWF 8-00 to 9-30\Selenium_Learning\src\test\resources
2025-12-26 08:51:40,162 [Worker-44: Building] INFO  o.a.m.s.f.DefaultMavenResourcesFiltering - skip non existing resourceDirectory C:\Users\Admin\Automation MWF 8-00 to 9-30\Selenium_Learning\src\main\resources
2025-12-26 08:51:40,165 [Worker-44: Building] INFO  o.a.m.s.f.DefaultMavenResourcesFiltering - skip non existing resourceDirectory C:\Users\Admin\Automation MWF 8-00 to 9-30\Selenium_Learning\src\test\resources
2025-12-26 08:52:52,069 [Worker-40: Building] INFO  o.a.m.s.f.DefaultMavenResourcesFiltering - skip non existing resourceDirectory C:\Users\Admin\Automation MWF 8-00 to 9-30\Selenium_Learning\src\main\resources
2025-12-26 08:52:52,072 [Worker-40: Building] INFO  o.a.m.s.f.DefaultMavenResourcesFiltering - skip non existing resourceDirectory C:\Users\Admin\Automation MWF 8-00 to 9-30\Selenium_Learning\src\test\resources
2025-12-26 08:56:21,914 [Worker-46: Building] INFO  o.a.m.s.f.DefaultMavenResourcesFiltering - skip non existing resourceDirectory C:\Users\Admin\Automation MWF 8-00 to 9-30\Selenium_Learning\src\main\resources
2025-12-26 08:56:21,916 [Worker-46: Building] INFO  o.a.m.s.f.DefaultMavenResourcesFiltering - skip non existing resourceDirectory C:\Users\Admin\Automation MWF 8-00 to 9-30\Selenium_Learning\src\test\resources
2025-12-26 08:56:36,582 [Worker-48: Building] INFO  o.a.m.s.f.DefaultMavenResourcesFiltering - skip non existing resourceDirectory C:\Users\Admin\Automation MWF 8-00 to 9-30\Selenium_Learning\src\main\resources
2025-12-26 08:56:36,584 [Worker-48: Building] INFO  o.a.m.s.f.DefaultMavenResourcesFiltering - skip non existing resourceDirectory C:\Users\Admin\Automation MWF 8-00 to 9-30\Selenium_Learning\src\test\resources
2025-12-26 08:56:54,575 [Worker-46: Building] INFO  o.a.m.s.f.DefaultMavenResourcesFiltering - skip non existing resourceDirectory C:\Users\Admin\Automation MWF 8-00 to 9-30\Selenium_Learning\src\main\resources
2025-12-26 08:56:54,577 [Worker-46: Building] INFO  o.a.m.s.f.DefaultMavenResourcesFiltering - skip non existing resourceDirectory C:\Users\Admin\Automation MWF 8-00 to 9-30\Selenium_Learning\src\test\resources
2025-12-26 08:56:57,350 [Worker-47: Building] INFO  o.a.m.s.f.DefaultMavenResourcesFiltering - skip non existing resourceDirectory C:\Users\Admin\Automation MWF 8-00 to 9-30\Selenium_Learning\src\main\resources
2025-12-26 08:56:57,352 [Worker-47: Building] INFO  o.a.m.s.f.DefaultMavenResourcesFiltering - skip non existing resourceDirectory C:\Users\Admin\Automation MWF 8-00 to 9-30\Selenium_Learning\src\test\resources
2025-12-26 08:58:33,384 [Worker-48: Building] INFO  o.a.m.s.f.DefaultMavenResourcesFiltering - skip non existing resourceDirectory C:\Users\Admin\Automation MWF 8-00 to 9-30\Selenium_Learning\src\main\resources
2025-12-26 08:58:33,386 [Worker-48: Building] INFO  o.a.m.s.f.DefaultMavenResourcesFiltering - skip non existing resourceDirectory C:\Users\Admin\Automation MWF 8-00 to 9-30\Selenium_Learning\src\test\resources
2025-12-26 08:58:57,005 [Worker-47: Building] INFO  o.a.m.s.f.DefaultMavenResourcesFiltering - skip non existing resourceDirectory C:\Users\Admin\Automation MWF 8-00 to 9-30\Selenium_Learning\src\main\resources
2025-12-26 08:58:57,008 [Worker-47: Building] INFO  o.a.m.s.f.DefaultMavenResourcesFiltering - skip non existing resourceDirectory C:\Users\Admin\Automation MWF 8-00 to 9-30\Selenium_Learning\src\test\resources
2025-12-26 08:58:58,110 [Worker-40: Building] INFO  o.a.m.s.f.DefaultMavenResourcesFiltering - skip non existing resourceDirectory C:\Users\Admin\Automation MWF 8-00 to 9-30\Selenium_Learning\src\main\resources
2025-12-26 08:58:58,112 [Worker-40: Building] INFO  o.a.m.s.f.DefaultMavenResourcesFiltering - skip non existing resourceDirectory C:\Users\Admin\Automation MWF 8-00 to 9-30\Selenium_Learning\src\test\resources
2025-12-26 09:09:20,168 [Worker-53: Building] INFO  o.a.m.s.f.DefaultMavenResourcesFiltering - skip non existing resourceDirectory C:\Users\Admin\Automation MWF 8-00 to 9-30\Selenium_Learning\src\main\resources
2025-12-26 09:09:20,171 [Worker-53: Building] INFO  o.a.m.s.f.DefaultMavenResourcesFiltering - skip non existing resourceDirectory C:\Users\Admin\Automation MWF 8-00 to 9-30\Selenium_Learning\src\test\resources
2025-12-26 09:09:28,860 [Worker-50: Building] INFO  o.a.m.s.f.DefaultMavenResourcesFiltering - skip non existing resourceDirectory C:\Users\Admin\Automation MWF 8-00 to 9-30\Selenium_Learning\src\main\resources
2025-12-26 09:09:28,862 [Worker-50: Building] INFO  o.a.m.s.f.DefaultMavenResourcesFiltering - skip non existing resourceDirectory C:\Users\Admin\Automation MWF 8-00 to 9-30\Selenium_Learning\src\test\resources
2025-12-29 08:21:46,874 [Worker-2: Loading available Gradle versions] INFO  o.e.b.c.i.u.g.PublishedGradleVersions - Gradle version information cache is out-of-date. Trying to update.
2025-12-29 08:25:47,970 [Worker-10: Building] INFO  o.a.m.s.f.DefaultMavenResourcesFiltering - skip non existing resourceDirectory C:\Users\Admin\Automation MWF 8-00 to 9-30\Selenium_Learning\src\main\resources
2025-12-29 08:25:47,975 [Worker-10: Building] INFO  o.a.m.s.f.DefaultMavenResourcesFiltering - skip non existing resourceDirectory C:\Users\Admin\Automation MWF 8-00 to 9-30\Selenium_Learning\src\test\resources
2025-12-29 08:25:52,187 [Worker-24: Building] INFO  o.a.m.s.f.DefaultMavenResourcesFiltering - skip non existing resourceDirectory C:\Users\Admin\Automation MWF 8-00 to 9-30\Selenium_Learning\src\main\resources
2025-12-29 08:25:52,190 [Worker-24: Building] INFO  o.a.m.s.f.DefaultMavenResourcesFiltering - skip non existing resourceDirectory C:\Users\Admin\Automation MWF 8-00 to 9-30\Selenium_Learning\src\test\resources
2025-12-29 08:26:37,750 [Worker-10: Building] INFO  o.a.m.s.f.DefaultMavenResourcesFiltering - skip non existing resourceDirectory C:\Users\Admin\Automation MWF 8-00 to 9-30\Selenium_Learning\src\main\resources
2025-12-29 08:26:37,752 [Worker-10: Building] INFO  o.a.m.s.f.DefaultMavenResourcesFiltering - skip non existing resourceDirectory C:\Users\Admin\Automation MWF 8-00 to 9-30\Selenium_Learning\src\test\resources
2025-12-29 08:28:30,717 [Worker-26: Building] INFO  o.a.m.s.f.DefaultMavenResourcesFiltering - skip non existing resourceDirectory C:\Users\Admin\Automation MWF 8-00 to 9-30\Selenium_Learning\src\main\resources
2025-12-29 08:28:30,719 [Worker-26: Building] INFO  o.a.m.s.f.DefaultMavenResourcesFiltering - skip non existing resourceDirectory C:\Users\Admin\Automation MWF 8-00 to 9-30\Selenium_Learning\src\test\resources
2025-12-29 08:31:46,060 [Worker-10: Building] INFO  o.a.m.s.f.DefaultMavenResourcesFiltering - skip non existing resourceDirectory C:\Users\Admin\Automation MWF 8-00 to 9-30\Selenium_Learning\src\main\resources
2025-12-29 08:31:46,062 [Worker-10: Building] INFO  o.a.m.s.f.DefaultMavenResourcesFiltering - skip non existing resourceDirectory C:\Users\Admin\Automation MWF 8-00 to 9-30\Selenium_Learning\src\test\resources
2025-12-29 08:32:19,285 [Worker-30: Building] INFO  o.a.m.s.f.DefaultMavenResourcesFiltering - skip non existing resourceDirectory C:\Users\Admin\Automation MWF 8-00 to 9-30\Selenium_Learning\src\main\resources
2025-12-29 08:32:19,286 [Worker-30: Building] INFO  o.a.m.s.f.DefaultMavenResourcesFiltering - skip non existing resourceDirectory C:\Users\Admin\Automation MWF 8-00 to 9-30\Selenium_Learning\src\test\resources
2025-12-29 08:32:57,091 [Worker-30: Building] INFO  o.a.m.s.f.DefaultMavenResourcesFiltering - skip non existing resourceDirectory C:\Users\Admin\Automation MWF 8-00 to 9-30\Selenium_Learning\src\main\resources
2025-12-29 08:32:57,093 [Worker-30: Building] INFO  o.a.m.s.f.DefaultMavenResourcesFiltering - skip non existing resourceDirectory C:\Users\Admin\Automation MWF 8-00 to 9-30\Selenium_Learning\src\test\resources
2025-12-29 08:33:37,762 [Worker-26: Building] INFO  o.a.m.s.f.DefaultMavenResourcesFiltering - skip non existing resourceDirectory C:\Users\Admin\Automation MWF 8-00 to 9-30\Selenium_Learning\src\main\resources
2025-12-29 08:33:37,765 [Worker-26: Building] INFO  o.a.m.s.f.DefaultMavenResourcesFiltering - skip non existing resourceDirectory C:\Users\Admin\Automation MWF 8-00 to 9-30\Selenium_Learning\src\test\resources
2025-12-29 08:35:53,209 [Worker-32: Building] INFO  o.a.m.s.f.DefaultMavenResourcesFiltering - skip non existing resourceDirectory C:\Users\Admin\Automation MWF 8-00 to 9-30\Selenium_Learning\src\main\resources
2025-12-29 08:35:53,212 [Worker-32: Building] INFO  o.a.m.s.f.DefaultMavenResourcesFiltering - skip non existing resourceDirectory C:\Users\Admin\Automation MWF 8-00 to 9-30\Selenium_Learning\src\test\resources
2025-12-29 08:37:36,749 [Worker-34: Building] INFO  o.a.m.s.f.DefaultMavenResourcesFiltering - skip non existing resourceDirectory C:\Users\Admin\Automation MWF 8-00 to 9-30\Selenium_Learning\src\main\resources
2025-12-29 08:37:36,751 [Worker-34: Building] INFO  o.a.m.s.f.DefaultMavenResourcesFiltering - skip non existing resourceDirectory C:\Users\Admin\Automation MWF 8-00 to 9-30\Selenium_Learning\src\test\resources
2025-12-29 08:38:33,556 [Worker-32: Building] INFO  o.a.m.s.f.DefaultMavenResourcesFiltering - skip non existing resourceDirectory C:\Users\Admin\Automation MWF 8-00 to 9-30\Selenium_Learning\src\main\resources
2025-12-29 08:38:33,558 [Worker-32: Building] INFO  o.a.m.s.f.DefaultMavenResourcesFiltering - skip non existing resourceDirectory C:\Users\Admin\Automation MWF 8-00 to 9-30\Selenium_Learning\src\test\resources
2025-12-29 08:41:42,688 [Worker-38: Building] INFO  o.a.m.s.f.DefaultMavenResourcesFiltering - skip non existing resourceDirectory C:\Users\Admin\Automation MWF 8-00 to 9-30\Selenium_Learning\src\main\resources
2025-12-29 08:41:42,690 [Worker-38: Building] INFO  o.a.m.s.f.DefaultMavenResourcesFiltering - skip non existing resourceDirectory C:\Users\Admin\Automation MWF 8-00 to 9-30\Selenium_Learning\src\test\resources
2025-12-29 08:41:51,854 [Worker-36: Building] INFO  o.a.m.s.f.DefaultMavenResourcesFiltering - skip non existing resourceDirectory C:\Users\Admin\Automation MWF 8-00 to 9-30\Selenium_Learning\src\main\resources
2025-12-29 08:41:51,856 [Worker-36: Building] INFO  o.a.m.s.f.DefaultMavenResourcesFiltering - skip non existing resourceDirectory C:\Users\Admin\Automation MWF 8-00 to 9-30\Selenium_Learning\src\test\resources
2025-12-29 08:42:26,992 [Worker-36: Building] INFO  o.a.m.s.f.DefaultMavenResourcesFiltering - skip non existing resourceDirectory C:\Users\Admin\Automation MWF 8-00 to 9-30\Selenium_Learning\src\main\resources
2025-12-29 08:42:26,994 [Worker-36: Building] INFO  o.a.m.s.f.DefaultMavenResourcesFiltering - skip non existing resourceDirectory C:\Users\Admin\Automation MWF 8-00 to 9-30\Selenium_Learning\src\test\resources
2025-12-29 08:43:00,360 [Worker-25: Building] INFO  o.a.m.s.f.DefaultMavenResourcesFiltering - skip non existing resourceDirectory C:\Users\Admin\Automation MWF 8-00 to 9-30\Selenium_Learning\src\main\resources
2025-12-29 08:43:00,362 [Worker-25: Building] INFO  o.a.m.s.f.DefaultMavenResourcesFiltering - skip non existing resourceDirectory C:\Users\Admin\Automation MWF 8-00 to 9-30\Selenium_Learning\src\test\resources
2025-12-29 08:43:02,969 [Worker-35: Building] INFO  o.a.m.s.f.DefaultMavenResourcesFiltering - skip non existing resourceDirectory C:\Users\Admin\Automation MWF 8-00 to 9-30\Selenium_Learning\src\main\resources
2025-12-29 08:43:02,971 [Worker-35: Building] INFO  o.a.m.s.f.DefaultMavenResourcesFiltering - skip non existing resourceDirectory C:\Users\Admin\Automation MWF 8-00 to 9-30\Selenium_Learning\src\test\resources
2025-12-29 08:43:11,454 [Worker-39: Building] INFO  o.a.m.s.f.DefaultMavenResourcesFiltering - skip non existing resourceDirectory C:\Users\Admin\Automation MWF 8-00 to 9-30\Selenium_Learning\src\main\resources
2025-12-29 08:43:11,456 [Worker-39: Building] INFO  o.a.m.s.f.DefaultMavenResourcesFiltering - skip non existing resourceDirectory C:\Users\Admin\Automation MWF 8-00 to 9-30\Selenium_Learning\src\test\resources
2025-12-29 08:43:18,536 [Worker-37: Building] INFO  o.a.m.s.f.DefaultMavenResourcesFiltering - skip non existing resourceDirectory C:\Users\Admin\Automation MWF 8-00 to 9-30\Selenium_Learning\src\main\resources
2025-12-29 08:43:18,538 [Worker-37: Building] INFO  o.a.m.s.f.DefaultMavenResourcesFiltering - skip non existing resourceDirectory C:\Users\Admin\Automation MWF 8-00 to 9-30\Selenium_Learning\src\test\resources
2025-12-29 08:43:31,909 [Worker-35: Building] INFO  o.a.m.s.f.DefaultMavenResourcesFiltering - skip non existing resourceDirectory C:\Users\Admin\Automation MWF 8-00 to 9-30\Selenium_Learning\src\main\resources
2025-12-29 08:43:31,910 [Worker-35: Building] INFO  o.a.m.s.f.DefaultMavenResourcesFiltering - skip non existing resourceDirectory C:\Users\Admin\Automation MWF 8-00 to 9-30\Selenium_Learning\src\test\resources
2025-12-29 08:44:54,290 [Worker-37: Building] INFO  o.a.m.s.f.DefaultMavenResourcesFiltering - skip non existing resourceDirectory C:\Users\Admin\Automation MWF 8-00 to 9-30\Selenium_Learning\src\main\resources
2025-12-29 08:44:54,293 [Worker-37: Building] INFO  o.a.m.s.f.DefaultMavenResourcesFiltering - skip non existing resourceDirectory C:\Users\Admin\Automation MWF 8-00 to 9-30\Selenium_Learning\src\test\resources
2025-12-29 08:46:31,706 [Worker-40: Building] INFO  o.a.m.s.f.DefaultMavenResourcesFiltering - skip non existing resourceDirectory C:\Users\Admin\Automation MWF 8-00 to 9-30\Selenium_Learning\src\main\resources
2025-12-29 08:46:31,709 [Worker-40: Building] INFO  o.a.m.s.f.DefaultMavenResourcesFiltering - skip non existing resourceDirectory C:\Users\Admin\Automation MWF 8-00 to 9-30\Selenium_Learning\src\test\resources
2025-12-29 08:46:53,882 [Worker-37: Building] INFO  o.a.m.s.f.DefaultMavenResourcesFiltering - skip non existing resourceDirectory C:\Users\Admin\Automation MWF 8-00 to 9-30\Selenium_Learning\src\main\resources
2025-12-29 08:46:53,884 [Worker-37: Building] INFO  o.a.m.s.f.DefaultMavenResourcesFiltering - skip non existing resourceDirectory C:\Users\Admin\Automation MWF 8-00 to 9-30\Selenium_Learning\src\test\resources
2025-12-29 08:47:22,939 [Worker-36: Building] INFO  o.a.m.s.f.DefaultMavenResourcesFiltering - skip non existing resourceDirectory C:\Users\Admin\Automation MWF 8-00 to 9-30\Selenium_Learning\src\main\resources
2025-12-29 08:47:22,941 [Worker-36: Building] INFO  o.a.m.s.f.DefaultMavenResourcesFiltering - skip non existing resourceDirectory C:\Users\Admin\Automation MWF 8-00 to 9-30\Selenium_Learning\src\test\resources
2025-12-29 08:49:28,746 [Worker-40: Building] INFO  o.a.m.s.f.DefaultMavenResourcesFiltering - skip non existing resourceDirectory C:\Users\Admin\Automation MWF 8-00 to 9-30\Selenium_Learning\src\main\resources
2025-12-29 08:49:28,748 [Worker-40: Building] INFO  o.a.m.s.f.DefaultMavenResourcesFiltering - skip non existing resourceDirectory C:\Users\Admin\Automation MWF 8-00 to 9-30\Selenium_Learning\src\test\resources
2025-12-29 08:50:27,455 [Worker-25: Building] INFO  o.a.m.s.f.DefaultMavenResourcesFiltering - skip non existing resourceDirectory C:\Users\Admin\Automation MWF 8-00 to 9-30\Selenium_Learning\src\main\resources
2025-12-29 08:50:27,458 [Worker-25: Building] INFO  o.a.m.s.f.DefaultMavenResourcesFiltering - skip non existing resourceDirectory C:\Users\Admin\Automation MWF 8-00 to 9-30\Selenium_Learning\src\test\resources
2025-12-29 08:50:40,588 [Worker-40: Building] INFO  o.a.m.s.f.DefaultMavenResourcesFiltering - skip non existing resourceDirectory C:\Users\Admin\Automation MWF 8-00 to 9-30\Selenium_Learning\src\main\resources
2025-12-29 08:50:40,589 [Worker-40: Building] INFO  o.a.m.s.f.DefaultMavenResourcesFiltering - skip non existing resourceDirectory C:\Users\Admin\Automation MWF 8-00 to 9-30\Selenium_Learning\src\test\resources
2025-12-29 08:50:53,518 [Worker-25: Building] INFO  o.a.m.s.f.DefaultMavenResourcesFiltering - skip non existing resourceDirectory C:\Users\Admin\Automation MWF 8-00 to 9-30\Selenium_Learning\src\main\resources
2025-12-29 08:50:53,520 [Worker-25: Building] INFO  o.a.m.s.f.DefaultMavenResourcesFiltering - skip non existing resourceDirectory C:\Users\Admin\Automation MWF 8-00 to 9-30\Selenium_Learning\src\test\resources
2025-12-29 08:51:11,343 [Worker-25: Building] INFO  o.a.m.s.f.DefaultMavenResourcesFiltering - skip non existing resourceDirectory C:\Users\Admin\Automation MWF 8-00 to 9-30\Selenium_Learning\src\main\resources
2025-12-29 08:51:11,345 [Worker-25: Building] INFO  o.a.m.s.f.DefaultMavenResourcesFiltering - skip non existing resourceDirectory C:\Users\Admin\Automation MWF 8-00 to 9-30\Selenium_Learning\src\test\resources
2025-12-29 08:52:30,350 [Worker-25: Building] INFO  o.a.m.s.f.DefaultMavenResourcesFiltering - skip non existing resourceDirectory C:\Users\Admin\Automation MWF 8-00 to 9-30\Selenium_Learning\src\main\resources
2025-12-29 08:52:30,351 [Worker-25: Building] INFO  o.a.m.s.f.DefaultMavenResourcesFiltering - skip non existing resourceDirectory C:\Users\Admin\Automation MWF 8-00 to 9-30\Selenium_Learning\src\test\resources
2025-12-29 08:53:02,987 [Worker-38: Building] INFO  o.a.m.s.f.DefaultMavenResourcesFiltering - skip non existing resourceDirectory C:\Users\Admin\Automation MWF 8-00 to 9-30\Selenium_Learning\src\main\resources
2025-12-29 08:53:02,989 [Worker-38: Building] INFO  o.a.m.s.f.DefaultMavenResourcesFiltering - skip non existing resourceDirectory C:\Users\Admin\Automation MWF 8-00 to 9-30\Selenium_Learning\src\test\resources
2025-12-29 08:53:50,300 [Worker-40: Building] INFO  o.a.m.s.f.DefaultMavenResourcesFiltering - skip non existing resourceDirectory C:\Users\Admin\Automation MWF 8-00 to 9-30\Selenium_Learning\src\main\resources
2025-12-29 08:53:50,302 [Worker-40: Building] INFO  o.a.m.s.f.DefaultMavenResourcesFiltering - skip non existing resourceDirectory C:\Users\Admin\Automation MWF 8-00 to 9-30\Selenium_Learning\src\test\resources
2025-12-29 08:55:48,721 [Worker-39: Building] INFO  o.a.m.s.f.DefaultMavenResourcesFiltering - skip non existing resourceDirectory C:\Users\Admin\Automation MWF 8-00 to 9-30\Selenium_Learning\src\main\resources
2025-12-29 08:55:48,723 [Worker-39: Building] INFO  o.a.m.s.f.DefaultMavenResourcesFiltering - skip non existing resourceDirectory C:\Users\Admin\Automation MWF 8-00 to 9-30\Selenium_Learning\src\test\resources
2025-12-29 08:56:27,218 [Worker-40: Building] INFO  o.a.m.s.f.DefaultMavenResourcesFiltering - skip non existing resourceDirectory C:\Users\Admin\Automation MWF 8-00 to 9-30\Selenium_Learning\src\main\resources
2025-12-29 08:56:27,219 [Worker-40: Building] INFO  o.a.m.s.f.DefaultMavenResourcesFiltering - skip non existing resourceDirectory C:\Users\Admin\Automation MWF 8-00 to 9-30\Selenium_Learning\src\test\resources
2025-12-29 08:58:46,594 [Worker-37: Building] INFO  o.a.m.s.f.DefaultMavenResourcesFiltering - skip non existing resourceDirectory C:\Users\Admin\Automation MWF 8-00 to 9-30\Selenium_Learning\src\main\resources
2025-12-29 08:58:46,596 [Worker-37: Building] INFO  o.a.m.s.f.DefaultMavenResourcesFiltering - skip non existing resourceDirectory C:\Users\Admin\Automation MWF 8-00 to 9-30\Selenium_Learning\src\test\resources
2025-12-29 09:02:53,089 [Worker-25: Building] INFO  o.a.m.s.f.DefaultMavenResourcesFiltering - skip non existing resourceDirectory C:\Users\Admin\Automation MWF 8-00 to 9-30\Selenium_Learning\src\main\resources
2025-12-29 09:02:53,090 [Worker-25: Building] INFO  o.a.m.s.f.DefaultMavenResourcesFiltering - skip non existing resourceDirectory C:\Users\Admin\Automation MWF 8-00 to 9-30\Selenium_Learning\src\test\resources
2025-12-29 09:14:35,758 [Worker-46: Building] INFO  o.a.m.s.f.DefaultMavenResourcesFiltering - skip non existing resourceDirectory C:\Users\Admin\Automation MWF 8-00 to 9-30\Selenium_Learning\src\main\resources
2025-12-29 09:14:35,760 [Worker-46: Building] INFO  o.a.m.s.f.DefaultMavenResourcesFiltering - skip non existing resourceDirectory C:\Users\Admin\Automation MWF 8-00 to 9-30\Selenium_Learning\src\test\resources
2025-12-31 08:28:26,771 [Worker-0: Loading available Gradle versions] INFO  o.e.b.c.i.u.g.PublishedGradleVersions - Gradle version information cache is out-of-date. Trying to update.
2025-12-31 08:30:16,780 [Worker-8: Building] INFO  o.a.m.s.f.DefaultMavenResourcesFiltering - skip non existing resourceDirectory C:\Users\Admin\Automation MWF 8-00 to 9-30\Selenium_Learning\src\main\resources
2025-12-31 08:30:16,786 [Worker-8: Building] INFO  o.a.m.s.f.DefaultMavenResourcesFiltering - skip non existing resourceDirectory C:\Users\Admin\Automation MWF 8-00 to 9-30\Selenium_Learning\src\test\resources
2025-12-31 08:30:57,677 [Worker-18: Building] INFO  o.a.m.s.f.DefaultMavenResourcesFiltering - skip non existing resourceDirectory C:\Users\Admin\Automation MWF 8-00 to 9-30\Selenium_Learning\src\main\resources
2025-12-31 08:30:57,680 [Worker-18: Building] INFO  o.a.m.s.f.DefaultMavenResourcesFiltering - skip non existing resourceDirectory C:\Users\Admin\Automation MWF 8-00 to 9-30\Selenium_Learning\src\test\resources
2025-12-31 08:36:25,901 [Worker-24: Building] INFO  o.a.m.s.f.DefaultMavenResourcesFiltering - skip non existing resourceDirectory C:\Users\Admin\Automation MWF 8-00 to 9-30\Selenium_Learning\src\main\resources
2025-12-31 08:36:25,904 [Worker-24: Building] INFO  o.a.m.s.f.DefaultMavenResourcesFiltering - skip non existing resourceDirectory C:\Users\Admin\Automation MWF 8-00 to 9-30\Selenium_Learning\src\test\resources
2025-12-31 08:36:45,383 [Worker-22: Building] INFO  o.a.m.s.f.DefaultMavenResourcesFiltering - skip non existing resourceDirectory C:\Users\Admin\Automation MWF 8-00 to 9-30\Selenium_Learning\src\main\resources
2025-12-31 08:36:45,385 [Worker-22: Building] INFO  o.a.m.s.f.DefaultMavenResourcesFiltering - skip non existing resourceDirectory C:\Users\Admin\Automation MWF 8-00 to 9-30\Selenium_Learning\src\test\resources
2025-12-31 08:37:07,639 [Worker-23: Building] INFO  o.a.m.s.f.DefaultMavenResourcesFiltering - skip non existing resourceDirectory C:\Users\Admin\Automation MWF 8-00 to 9-30\Selenium_Learning\src\main\resources
2025-12-31 08:37:07,642 [Worker-23: Building] INFO  o.a.m.s.f.DefaultMavenResourcesFiltering - skip non existing resourceDirectory C:\Users\Admin\Automation MWF 8-00 to 9-30\Selenium_Learning\src\test\resources
2025-12-31 08:37:36,480 [Worker-26: Building] INFO  o.a.m.s.f.DefaultMavenResourcesFiltering - skip non existing resourceDirectory C:\Users\Admin\Automation MWF 8-00 to 9-30\Selenium_Learning\src\main\resources
2025-12-31 08:37:36,483 [Worker-26: Building] INFO  o.a.m.s.f.DefaultMavenResourcesFiltering - skip non existing resourceDirectory C:\Users\Admin\Automation MWF 8-00 to 9-30\Selenium_Learning\src\test\resources
2025-12-31 08:38:32,257 [Worker-23: Building] INFO  o.a.m.s.f.DefaultMavenResourcesFiltering - skip non existing resourceDirectory C:\Users\Admin\Automation MWF 8-00 to 9-30\Selenium_Learning\src\main\resources
2025-12-31 08:38:32,258 [Worker-23: Building] INFO  o.a.m.s.f.DefaultMavenResourcesFiltering - skip non existing resourceDirectory C:\Users\Admin\Automation MWF 8-00 to 9-30\Selenium_Learning\src\test\resources
2025-12-31 08:40:09,192 [Worker-22: Building] INFO  o.a.m.s.f.DefaultMavenResourcesFiltering - skip non existing resourceDirectory C:\Users\Admin\Automation MWF 8-00 to 9-30\Selenium_Learning\src\main\resources
2025-12-31 08:40:09,195 [Worker-22: Building] INFO  o.a.m.s.f.DefaultMavenResourcesFiltering - skip non existing resourceDirectory C:\Users\Admin\Automation MWF 8-00 to 9-30\Selenium_Learning\src\test\resources
2025-12-31 08:40:20,354 [Worker-25: Building] INFO  o.a.m.s.f.DefaultMavenResourcesFiltering - skip non existing resourceDirectory C:\Users\Admin\Automation MWF 8-00 to 9-30\Selenium_Learning\src\main\resources
2025-12-31 08:40:20,356 [Worker-25: Building] INFO  o.a.m.s.f.DefaultMavenResourcesFiltering - skip non existing resourceDirectory C:\Users\Admin\Automation MWF 8-00 to 9-30\Selenium_Learning\src\test\resources
2025-12-31 08:40:28,712 [Worker-22: Building] INFO  o.a.m.s.f.DefaultMavenResourcesFiltering - skip non existing resourceDirectory C:\Users\Admin\Automation MWF 8-00 to 9-30\Selenium_Learning\src\main\resources
2025-12-31 08:40:28,714 [Worker-22: Building] INFO  o.a.m.s.f.DefaultMavenResourcesFiltering - skip non existing resourceDirectory C:\Users\Admin\Automation MWF 8-00 to 9-30\Selenium_Learning\src\test\resources
2025-12-31 08:40:50,911 [Worker-24: Building] INFO  o.a.m.s.f.DefaultMavenResourcesFiltering - skip non existing resourceDirectory C:\Users\Admin\Automation MWF 8-00 to 9-30\Selenium_Learning\src\main\resources
2025-12-31 08:40:50,913 [Worker-24: Building] INFO  o.a.m.s.f.DefaultMavenResourcesFiltering - skip non existing resourceDirectory C:\Users\Admin\Automation MWF 8-00 to 9-30\Selenium_Learning\src\test\resources
2025-12-31 08:41:35,943 [Worker-22: Building] INFO  o.a.m.s.f.DefaultMavenResourcesFiltering - skip non existing resourceDirectory C:\Users\Admin\Automation MWF 8-00 to 9-30\Selenium_Learning\src\main\resources
2025-12-31 08:41:35,945 [Worker-22: Building] INFO  o.a.m.s.f.DefaultMavenResourcesFiltering - skip non existing resourceDirectory C:\Users\Admin\Automation MWF 8-00 to 9-30\Selenium_Learning\src\test\resources
2025-12-31 08:41:54,778 [Worker-22: Building] INFO  o.a.m.s.f.DefaultMavenResourcesFiltering - skip non existing resourceDirectory C:\Users\Admin\Automation MWF 8-00 to 9-30\Selenium_Learning\src\main\resources
2025-12-31 08:41:54,779 [Worker-22: Building] INFO  o.a.m.s.f.DefaultMavenResourcesFiltering - skip non existing resourceDirectory C:\Users\Admin\Automation MWF 8-00 to 9-30\Selenium_Learning\src\test\resources
2025-12-31 08:42:10,605 [Worker-24: Building] INFO  o.a.m.s.f.DefaultMavenResourcesFiltering - skip non existing resourceDirectory C:\Users\Admin\Automation MWF 8-00 to 9-30\Selenium_Learning\src\main\resources
2025-12-31 08:42:10,606 [Worker-24: Building] INFO  o.a.m.s.f.DefaultMavenResourcesFiltering - skip non existing resourceDirectory C:\Users\Admin\Automation MWF 8-00 to 9-30\Selenium_Learning\src\test\resources
2025-12-31 08:43:28,348 [Worker-25: Building] INFO  o.a.m.s.f.DefaultMavenResourcesFiltering - skip non existing resourceDirectory C:\Users\Admin\Automation MWF 8-00 to 9-30\Selenium_Learning\src\main\resources
2025-12-31 08:43:28,351 [Worker-25: Building] INFO  o.a.m.s.f.DefaultMavenResourcesFiltering - skip non existing resourceDirectory C:\Users\Admin\Automation MWF 8-00 to 9-30\Selenium_Learning\src\test\resources
2025-12-31 08:44:56,064 [Worker-25: Building] INFO  o.a.m.s.f.DefaultMavenResourcesFiltering - skip non existing resourceDirectory C:\Users\Admin\Automation MWF 8-00 to 9-30\Selenium_Learning\src\main\resources
2025-12-31 08:44:56,066 [Worker-25: Building] INFO  o.a.m.s.f.DefaultMavenResourcesFiltering - skip non existing resourceDirectory C:\Users\Admin\Automation MWF 8-00 to 9-30\Selenium_Learning\src\test\resources
2025-12-31 08:46:15,846 [Worker-23: Building] INFO  o.a.m.s.f.DefaultMavenResourcesFiltering - skip non existing resourceDirectory C:\Users\Admin\Automation MWF 8-00 to 9-30\Selenium_Learning\src\main\resources
2025-12-31 08:46:15,847 [Worker-23: Building] INFO  o.a.m.s.f.DefaultMavenResourcesFiltering - skip non existing resourceDirectory C:\Users\Admin\Automation MWF 8-00 to 9-30\Selenium_Learning\src\test\resources
2025-12-31 08:46:39,787 [Worker-24: Building] INFO  o.a.m.s.f.DefaultMavenResourcesFiltering - skip non existing resourceDirectory C:\Users\Admin\Automation MWF 8-00 to 9-30\Selenium_Learning\src\main\resources
2025-12-31 08:46:39,789 [Worker-24: Building] INFO  o.a.m.s.f.DefaultMavenResourcesFiltering - skip non existing resourceDirectory C:\Users\Admin\Automation MWF 8-00 to 9-30\Selenium_Learning\src\test\resources
2025-12-31 08:47:07,423 [Worker-22: Building] INFO  o.a.m.s.f.DefaultMavenResourcesFiltering - skip non existing resourceDirectory C:\Users\Admin\Automation MWF 8-00 to 9-30\Selenium_Learning\src\main\resources
2025-12-31 08:47:07,424 [Worker-22: Building] INFO  o.a.m.s.f.DefaultMavenResourcesFiltering - skip non existing resourceDirectory C:\Users\Admin\Automation MWF 8-00 to 9-30\Selenium_Learning\src\test\resources
2025-12-31 08:47:17,280 [Worker-25: Building] INFO  o.a.m.s.f.DefaultMavenResourcesFiltering - skip non existing resourceDirectory C:\Users\Admin\Automation MWF 8-00 to 9-30\Selenium_Learning\src\main\resources
2025-12-31 08:47:17,282 [Worker-25: Building] INFO  o.a.m.s.f.DefaultMavenResourcesFiltering - skip non existing resourceDirectory C:\Users\Admin\Automation MWF 8-00 to 9-30\Selenium_Learning\src\test\resources
2025-12-31 08:47:46,470 [Worker-24: Building] INFO  o.a.m.s.f.DefaultMavenResourcesFiltering - skip non existing resourceDirectory C:\Users\Admin\Automation MWF 8-00 to 9-30\Selenium_Learning\src\main\resources
2025-12-31 08:47:46,478 [Worker-24: Building] INFO  o.a.m.s.f.DefaultMavenResourcesFiltering - skip non existing resourceDirectory C:\Users\Admin\Automation MWF 8-00 to 9-30\Selenium_Learning\src\test\resources
2025-12-31 08:49:41,597 [Worker-26: Building] INFO  o.a.m.s.f.DefaultMavenResourcesFiltering - skip non existing resourceDirectory C:\Users\Admin\Automation MWF 8-00 to 9-30\Selenium_Learning\src\main\resources
2025-12-31 08:49:41,599 [Worker-26: Building] INFO  o.a.m.s.f.DefaultMavenResourcesFiltering - skip non existing resourceDirectory C:\Users\Admin\Automation MWF 8-00 to 9-30\Selenium_Learning\src\test\resources
2025-12-31 08:50:05,660 [Worker-29: Building] INFO  o.a.m.s.f.DefaultMavenResourcesFiltering - skip non existing resourceDirectory C:\Users\Admin\Automation MWF 8-00 to 9-30\Selenium_Learning\src\main\resources
2025-12-31 08:50:05,663 [Worker-29: Building] INFO  o.a.m.s.f.DefaultMavenResourcesFiltering - skip non existing resourceDirectory C:\Users\Admin\Automation MWF 8-00 to 9-30\Selenium_Learning\src\test\resources
2025-12-31 08:50:08,765 [Worker-25: Building] INFO  o.a.m.s.f.DefaultMavenResourcesFiltering - skip non existing resourceDirectory C:\Users\Admin\Automation MWF 8-00 to 9-30\Selenium_Learning\src\main\resources
2025-12-31 08:50:08,766 [Worker-25: Building] INFO  o.a.m.s.f.DefaultMavenResourcesFiltering - skip non existing resourceDirectory C:\Users\Admin\Automation MWF 8-00 to 9-30\Selenium_Learning\src\test\resources
2025-12-31 08:50:30,493 [Worker-24: Building] INFO  o.a.m.s.f.DefaultMavenResourcesFiltering - skip non existing resourceDirectory C:\Users\Admin\Automation MWF 8-00 to 9-30\Selenium_Learning\src\main\resources
2025-12-31 08:50:30,494 [Worker-24: Building] INFO  o.a.m.s.f.DefaultMavenResourcesFiltering - skip non existing resourceDirectory C:\Users\Admin\Automation MWF 8-00 to 9-30\Selenium_Learning\src\test\resources
2025-12-31 09:08:55,585 [Worker-34: Building] INFO  o.a.m.s.f.DefaultMavenResourcesFiltering - skip non existing resourceDirectory C:\Users\Admin\Automation MWF 8-00 to 9-30\Selenium_Learning\src\main\resources
2025-12-31 09:08:55,587 [Worker-34: Building] INFO  o.a.m.s.f.DefaultMavenResourcesFiltering - skip non existing resourceDirectory C:\Users\Admin\Automation MWF 8-00 to 9-30\Selenium_Learning\src\test\resources
2025-12-31 09:09:06,577 [Worker-39: Building] INFO  o.a.m.s.f.DefaultMavenResourcesFiltering - skip non existing resourceDirectory C:\Users\Admin\Automation MWF 8-00 to 9-30\Selenium_Learning\src\main\resources
2025-12-31 09:09:06,579 [Worker-39: Building] INFO  o.a.m.s.f.DefaultMavenResourcesFiltering - skip non existing resourceDirectory C:\Users\Admin\Automation MWF 8-00 to 9-30\Selenium_Learning\src\test\resources
2025-12-31 09:18:33,295 [Worker-42: Building] INFO  o.a.m.s.f.DefaultMavenResourcesFiltering - skip non existing resourceDirectory C:\Users\Admin\Automation MWF 8-00 to 9-30\Selenium_Learning\src\main\resources
2025-12-31 09:18:33,297 [Worker-42: Building] INFO  o.a.m.s.f.DefaultMavenResourcesFiltering - skip non existing resourceDirectory C:\Users\Admin\Automation MWF 8-00 to 9-30\Selenium_Learning\src\test\resources
2025-12-31 09:18:46,016 [Worker-37: Building] INFO  o.a.m.s.f.DefaultMavenResourcesFiltering - skip non existing resourceDirectory C:\Users\Admin\Automation MWF 8-00 to 9-30\Selenium_Learning\src\main\resources
2025-12-31 09:18:46,018 [Worker-37: Building] INFO  o.a.m.s.f.DefaultMavenResourcesFiltering - skip non existing resourceDirectory C:\Users\Admin\Automation MWF 8-00 to 9-30\Selenium_Learning\src\test\resources
2026-01-02 08:32:49,522 [Worker-4: Loading available Gradle versions] INFO  o.e.b.c.i.u.g.PublishedGradleVersions - Gradle version information cache is up-to-date. Trying to read.
2026-01-02 08:33:18,435 [Worker-22: Building] INFO  o.a.m.s.f.DefaultMavenResourcesFiltering - skip non existing resourceDirectory C:\Users\Admin\Automation MWF 8-00 to 9-30\Selenium_Learning\src\main\resources
2026-01-02 08:33:18,441 [Worker-22: Building] INFO  o.a.m.s.f.DefaultMavenResourcesFiltering - skip non existing resourceDirectory C:\Users\Admin\Automation MWF 8-00 to 9-30\Selenium_Learning\src\test\resources
2026-01-02 08:33:38,004 [Worker-2: Building] INFO  o.a.m.s.f.DefaultMavenResourcesFiltering - skip non existing resourceDirectory C:\Users\Admin\Automation MWF 8-00 to 9-30\Selenium_Learning\src\main\resources
2026-01-02 08:33:38,007 [Worker-2: Building] INFO  o.a.m.s.f.DefaultMavenResourcesFiltering - skip non existing resourceDirectory C:\Users\Admin\Automation MWF 8-00 to 9-30\Selenium_Learning\src\test\resources
2026-01-02 08:33:39,045 [Worker-0: Building] INFO  o.a.m.s.f.DefaultMavenResourcesFiltering - skip non existing resourceDirectory C:\Users\Admin\Automation MWF 8-00 to 9-30\Selenium_Learning\src\main\resources
2026-01-02 08:33:39,047 [Worker-0: Building] INFO  o.a.m.s.f.DefaultMavenResourcesFiltering - skip non existing resourceDirectory C:\Users\Admin\Automation MWF 8-00 to 9-30\Selenium_Learning\src\test\resources
2026-01-02 08:34:07,957 [Worker-15: Building] INFO  o.a.m.s.f.DefaultMavenResourcesFiltering - skip non existing resourceDirectory C:\Users\Admin\Automation MWF 8-00 to 9-30\Selenium_Learning\src\main\resources
2026-01-02 08:34:07,960 [Worker-15: Building] INFO  o.a.m.s.f.DefaultMavenResourcesFiltering - skip non existing resourceDirectory C:\Users\Admin\Automation MWF 8-00 to 9-30\Selenium_Learning\src\test\resources
2026-01-02 08:34:17,105 [Worker-13: Building] INFO  o.a.m.s.f.DefaultMavenResourcesFiltering - skip non existing resourceDirectory C:\Users\Admin\Automation MWF 8-00 to 9-30\Selenium_Learning\src\main\resources
2026-01-02 08:34:17,107 [Worker-13: Building] INFO  o.a.m.s.f.DefaultMavenResourcesFiltering - skip non existing resourceDirectory C:\Users\Admin\Automation MWF 8-00 to 9-30\Selenium_Learning\src\test\resources
2026-01-02 08:44:33,472 [Worker-27: Building] INFO  o.a.m.s.f.DefaultMavenResourcesFiltering - skip non existing resourceDirectory C:\Users\Admin\Automation MWF 8-00 to 9-30\Selenium_Learning\src\main\resources
2026-01-02 08:44:33,475 [Worker-27: Building] INFO  o.a.m.s.f.DefaultMavenResourcesFiltering - skip non existing resourceDirectory C:\Users\Admin\Automation MWF 8-00 to 9-30\Selenium_Learning\src\test\resources
2026-01-02 08:44:36,972 [Worker-26: Building] INFO  o.a.m.s.f.DefaultMavenResourcesFiltering - skip non existing resourceDirectory C:\Users\Admin\Automation MWF 8-00 to 9-30\Selenium_Learning\src\main\resources
2026-01-02 08:44:36,975 [Worker-26: Building] INFO  o.a.m.s.f.DefaultMavenResourcesFiltering - skip non existing resourceDirectory C:\Users\Admin\Automation MWF 8-00 to 9-30\Selenium_Learning\src\test\resources
2026-01-02 08:44:43,450 [Worker-27: Building] INFO  o.a.m.s.f.DefaultMavenResourcesFiltering - skip non existing resourceDirectory C:\Users\Admin\Automation MWF 8-00 to 9-30\Selenium_Learning\src\main\resources
2026-01-02 08:44:43,451 [Worker-27: Building] INFO  o.a.m.s.f.DefaultMavenResourcesFiltering - skip non existing resourceDirectory C:\Users\Admin\Automation MWF 8-00 to 9-30\Selenium_Learning\src\test\resources
2026-01-02 08:45:05,102 [Worker-11: Building] INFO  o.a.m.s.f.DefaultMavenResourcesFiltering - skip non existing resourceDirectory C:\Users\Admin\Automation MWF 8-00 to 9-30\Selenium_Learning\src\main\resources
2026-01-02 08:45:05,104 [Worker-11: Building] INFO  o.a.m.s.f.DefaultMavenResourcesFiltering - skip non existing resourceDirectory C:\Users\Admin\Automation MWF 8-00 to 9-30\Selenium_Learning\src\test\resources
2026-01-02 08:45:59,887 [Worker-11: Building] INFO  o.a.m.s.f.DefaultMavenResourcesFiltering - skip non existing resourceDirectory C:\Users\Admin\Automation MWF 8-00 to 9-30\Selenium_Learning\src\main\resources
2026-01-02 08:45:59,889 [Worker-11: Building] INFO  o.a.m.s.f.DefaultMavenResourcesFiltering - skip non existing resourceDirectory C:\Users\Admin\Automation MWF 8-00 to 9-30\Selenium_Learning\src\test\resources
2026-01-02 08:46:00,922 [Worker-11: Building] INFO  o.a.m.s.f.DefaultMavenResourcesFiltering - skip non existing resourceDirectory C:\Users\Admin\Automation MWF 8-00 to 9-30\Selenium_Learning\src\main\resources
2026-01-02 08:46:00,924 [Worker-11: Building] INFO  o.a.m.s.f.DefaultMavenResourcesFiltering - skip non existing resourceDirectory C:\Users\Admin\Automation MWF 8-00 to 9-30\Selenium_Learning\src\test\resources
2026-01-02 08:46:10,582 [Worker-27: Building] INFO  o.a.m.s.f.DefaultMavenResourcesFiltering - skip non existing resourceDirectory C:\Users\Admin\Automation MWF 8-00 to 9-30\Selenium_Learning\src\main\resources
2026-01-02 08:46:10,584 [Worker-27: Building] INFO  o.a.m.s.f.DefaultMavenResourcesFiltering - skip non existing resourceDirectory C:\Users\Admin\Automation MWF 8-00 to 9-30\Selenium_Learning\src\test\resources
2026-01-02 08:46:40,940 [Worker-27: Building] INFO  o.a.m.s.f.DefaultMavenResourcesFiltering - skip non existing resourceDirectory C:\Users\Admin\Automation MWF 8-00 to 9-30\Selenium_Learning\src\main\resources
2026-01-02 08:46:40,942 [Worker-27: Building] INFO  o.a.m.s.f.DefaultMavenResourcesFiltering - skip non existing resourceDirectory C:\Users\Admin\Automation MWF 8-00 to 9-30\Selenium_Learning\src\test\resources
2026-01-02 08:46:43,028 [Worker-26: Building] INFO  o.a.m.s.f.DefaultMavenResourcesFiltering - skip non existing resourceDirectory C:\Users\Admin\Automation MWF 8-00 to 9-30\Selenium_Learning\src\main\resources
2026-01-02 08:46:43,029 [Worker-26: Building] INFO  o.a.m.s.f.DefaultMavenResourcesFiltering - skip non existing resourceDirectory C:\Users\Admin\Automation MWF 8-00 to 9-30\Selenium_Learning\src\test\resources
2026-01-02 08:47:41,478 [Worker-25: Building] INFO  o.a.m.s.f.DefaultMavenResourcesFiltering - skip non existing resourceDirectory C:\Users\Admin\Automation MWF 8-00 to 9-30\Selenium_Learning\src\main\resources
2026-01-02 08:47:41,479 [Worker-25: Building] INFO  o.a.m.s.f.DefaultMavenResourcesFiltering - skip non existing resourceDirectory C:\Users\Admin\Automation MWF 8-00 to 9-30\Selenium_Learning\src\test\resources
2026-01-02 08:47:57,865 [Worker-29: Building] INFO  o.a.m.s.f.DefaultMavenResourcesFiltering - skip non existing resourceDirectory C:\Users\Admin\Automation MWF 8-00 to 9-30\Selenium_Learning\src\main\resources
2026-01-02 08:47:57,868 [Worker-29: Building] INFO  o.a.m.s.f.DefaultMavenResourcesFiltering - skip non existing resourceDirectory C:\Users\Admin\Automation MWF 8-00 to 9-30\Selenium_Learning\src\test\resources
2026-01-02 08:48:04,154 [Worker-11: Building] INFO  o.a.m.s.f.DefaultMavenResourcesFiltering - skip non existing resourceDirectory C:\Users\Admin\Automation MWF 8-00 to 9-30\Selenium_Learning\src\main\resources
2026-01-02 08:48:04,155 [Worker-11: Building] INFO  o.a.m.s.f.DefaultMavenResourcesFiltering - skip non existing resourceDirectory C:\Users\Admin\Automation MWF 8-00 to 9-30\Selenium_Learning\src\test\resources
2026-01-02 08:48:05,685 [Worker-29: Building] INFO  o.a.m.s.f.DefaultMavenResourcesFiltering - skip non existing resourceDirectory C:\Users\Admin\Automation MWF 8-00 to 9-30\Selenium_Learning\src\main\resources
2026-01-02 08:48:05,689 [Worker-29: Building] INFO  o.a.m.s.f.DefaultMavenResourcesFiltering - skip non existing resourceDirectory C:\Users\Admin\Automation MWF 8-00 to 9-30\Selenium_Learning\src\test\resources
2026-01-02 08:48:35,610 [Worker-25: Building] INFO  o.a.m.s.f.DefaultMavenResourcesFiltering - skip non existing resourceDirectory C:\Users\Admin\Automation MWF 8-00 to 9-30\Selenium_Learning\src\main\resources
2026-01-02 08:48:35,612 [Worker-25: Building] INFO  o.a.m.s.f.DefaultMavenResourcesFiltering - skip non existing resourceDirectory C:\Users\Admin\Automation MWF 8-00 to 9-30\Selenium_Learning\src\test\resources
2026-01-02 08:48:38,036 [Worker-29: Building] INFO  o.a.m.s.f.DefaultMavenResourcesFiltering - skip non existing resourceDirectory C:\Users\Admin\Automation MWF 8-00 to 9-30\Selenium_Learning\src\main\resources
2026-01-02 08:48:38,038 [Worker-29: Building] INFO  o.a.m.s.f.DefaultMavenResourcesFiltering - skip non existing resourceDirectory C:\Users\Admin\Automation MWF 8-00 to 9-30\Selenium_Learning\src\test\resources
2026-01-02 08:48:39,945 [Worker-28: Building] INFO  o.a.m.s.f.DefaultMavenResourcesFiltering - skip non existing resourceDirectory C:\Users\Admin\Automation MWF 8-00 to 9-30\Selenium_Learning\src\main\resources
2026-01-02 08:48:39,948 [Worker-28: Building] INFO  o.a.m.s.f.DefaultMavenResourcesFiltering - skip non existing resourceDirectory C:\Users\Admin\Automation MWF 8-00 to 9-30\Selenium_Learning\src\test\resources
2026-01-02 08:52:07,208 [Worker-24: Building] INFO  o.a.m.s.f.DefaultMavenResourcesFiltering - skip non existing resourceDirectory C:\Users\Admin\Automation MWF 8-00 to 9-30\Selenium_Learning\src\main\resources
2026-01-02 08:52:07,210 [Worker-24: Building] INFO  o.a.m.s.f.DefaultMavenResourcesFiltering - skip non existing resourceDirectory C:\Users\Admin\Automation MWF 8-00 to 9-30\Selenium_Learning\src\test\resources
2026-01-02 08:52:24,709 [Worker-30: Building] INFO  o.a.m.s.f.DefaultMavenResourcesFiltering - skip non existing resourceDirectory C:\Users\Admin\Automation MWF 8-00 to 9-30\Selenium_Learning\src\main\resources
2026-01-02 08:52:24,711 [Worker-30: Building] INFO  o.a.m.s.f.DefaultMavenResourcesFiltering - skip non existing resourceDirectory C:\Users\Admin\Automation MWF 8-00 to 9-30\Selenium_Learning\src\test\resources
2026-01-02 08:52:46,517 [Worker-24: Building] INFO  o.a.m.s.f.DefaultMavenResourcesFiltering - skip non existing resourceDirectory C:\Users\Admin\Automation MWF 8-00 to 9-30\Selenium_Learning\src\main\resources
2026-01-02 08:52:46,519 [Worker-24: Building] INFO  o.a.m.s.f.DefaultMavenResourcesFiltering - skip non existing resourceDirectory C:\Users\Admin\Automation MWF 8-00 to 9-30\Selenium_Learning\src\test\resources
2026-01-02 08:53:04,075 [Worker-30: Building] INFO  o.a.m.s.f.DefaultMavenResourcesFiltering - skip non existing resourceDirectory C:\Users\Admin\Automation MWF 8-00 to 9-30\Selenium_Learning\src\main\resources
2026-01-02 08:53:04,078 [Worker-30: Building] INFO  o.a.m.s.f.DefaultMavenResourcesFiltering - skip non existing resourceDirectory C:\Users\Admin\Automation MWF 8-00 to 9-30\Selenium_Learning\src\test\resources
2026-01-02 08:53:06,738 [Worker-30: Building] INFO  o.a.m.s.f.DefaultMavenResourcesFiltering - skip non existing resourceDirectory C:\Users\Admin\Automation MWF 8-00 to 9-30\Selenium_Learning\src\main\resources
2026-01-02 08:53:06,739 [Worker-30: Building] INFO  o.a.m.s.f.DefaultMavenResourcesFiltering - skip non existing resourceDirectory C:\Users\Admin\Automation MWF 8-00 to 9-30\Selenium_Learning\src\test\resources
2026-01-02 08:53:48,923 [Worker-32: Building] INFO  o.a.m.s.f.DefaultMavenResourcesFiltering - skip non existing resourceDirectory C:\Users\Admin\Automation MWF 8-00 to 9-30\Selenium_Learning\src\main\resources
2026-01-02 08:53:48,925 [Worker-32: Building] INFO  o.a.m.s.f.DefaultMavenResourcesFiltering - skip non existing resourceDirectory C:\Users\Admin\Automation MWF 8-00 to 9-30\Selenium_Learning\src\test\resources
2026-01-02 08:53:57,309 [Worker-33: Building] INFO  o.a.m.s.f.DefaultMavenResourcesFiltering - skip non existing resourceDirectory C:\Users\Admin\Automation MWF 8-00 to 9-30\Selenium_Learning\src\main\resources
2026-01-02 08:53:57,312 [Worker-33: Building] INFO  o.a.m.s.f.DefaultMavenResourcesFiltering - skip non existing resourceDirectory C:\Users\Admin\Automation MWF 8-00 to 9-30\Selenium_Learning\src\test\resources
2026-01-02 08:55:10,168 [Worker-24: Building] INFO  o.a.m.s.f.DefaultMavenResourcesFiltering - skip non existing resourceDirectory C:\Users\Admin\Automation MWF 8-00 to 9-30\Selenium_Learning\src\main\resources
2026-01-02 08:55:10,169 [Worker-24: Building] INFO  o.a.m.s.f.DefaultMavenResourcesFiltering - skip non existing resourceDirectory C:\Users\Admin\Automation MWF 8-00 to 9-30\Selenium_Learning\src\test\resources
2026-01-02 08:55:18,955 [Worker-33: Building] INFO  o.a.m.s.f.DefaultMavenResourcesFiltering - skip non existing resourceDirectory C:\Users\Admin\Automation MWF 8-00 to 9-30\Selenium_Learning\src\main\resources
2026-01-02 08:55:18,956 [Worker-33: Building] INFO  o.a.m.s.f.DefaultMavenResourcesFiltering - skip non existing resourceDirectory C:\Users\Admin\Automation MWF 8-00 to 9-30\Selenium_Learning\src\test\resources
2026-01-02 08:55:20,350 [Worker-31: Building] INFO  o.a.m.s.f.DefaultMavenResourcesFiltering - skip non existing resourceDirectory C:\Users\Admin\Automation MWF 8-00 to 9-30\Selenium_Learning\src\main\resources
2026-01-02 08:55:20,352 [Worker-31: Building] INFO  o.a.m.s.f.DefaultMavenResourcesFiltering - skip non existing resourceDirectory C:\Users\Admin\Automation MWF 8-00 to 9-30\Selenium_Learning\src\test\resources
2026-01-02 08:56:09,633 [Worker-28: Building] INFO  o.a.m.s.f.DefaultMavenResourcesFiltering - skip non existing resourceDirectory C:\Users\Admin\Automation MWF 8-00 to 9-30\Selenium_Learning\src\main\resources
2026-01-02 08:56:09,635 [Worker-28: Building] INFO  o.a.m.s.f.DefaultMavenResourcesFiltering - skip non existing resourceDirectory C:\Users\Admin\Automation MWF 8-00 to 9-30\Selenium_Learning\src\test\resources
2026-01-02 08:56:23,932 [Worker-31: Building] INFO  o.a.m.s.f.DefaultMavenResourcesFiltering - skip non existing resourceDirectory C:\Users\Admin\Automation MWF 8-00 to 9-30\Selenium_Learning\src\main\resources
2026-01-02 08:56:23,933 [Worker-31: Building] INFO  o.a.m.s.f.DefaultMavenResourcesFiltering - skip non existing resourceDirectory C:\Users\Admin\Automation MWF 8-00 to 9-30\Selenium_Learning\src\test\resources
2026-01-02 08:56:40,101 [Worker-34: Building] INFO  o.a.m.s.f.DefaultMavenResourcesFiltering - skip non existing resourceDirectory C:\Users\Admin\Automation MWF 8-00 to 9-30\Selenium_Learning\src\main\resources
2026-01-02 08:56:40,103 [Worker-34: Building] INFO  o.a.m.s.f.DefaultMavenResourcesFiltering - skip non existing resourceDirectory C:\Users\Admin\Automation MWF 8-00 to 9-30\Selenium_Learning\src\test\resources
2026-01-02 08:56:41,182 [Worker-30: Building] INFO  o.a.m.s.f.DefaultMavenResourcesFiltering - skip non existing resourceDirectory C:\Users\Admin\Automation MWF 8-00 to 9-30\Selenium_Learning\src\main\resources
2026-01-02 08:56:41,184 [Worker-30: Building] INFO  o.a.m.s.f.DefaultMavenResourcesFiltering - skip non existing resourceDirectory C:\Users\Admin\Automation MWF 8-00 to 9-30\Selenium_Learning\src\test\resources
2026-01-02 09:01:07,547 [Worker-24: Building] INFO  o.a.m.s.f.DefaultMavenResourcesFiltering - skip non existing resourceDirectory C:\Users\Admin\Automation MWF 8-00 to 9-30\Selenium_Learning\src\main\resources
2026-01-02 09:01:07,549 [Worker-24: Building] INFO  o.a.m.s.f.DefaultMavenResourcesFiltering - skip non existing resourceDirectory C:\Users\Admin\Automation MWF 8-00 to 9-30\Selenium_Learning\src\test\resources
2026-01-02 09:01:14,282 [Worker-24: Building] INFO  o.a.m.s.f.DefaultMavenResourcesFiltering - skip non existing resourceDirectory C:\Users\Admin\Automation MWF 8-00 to 9-30\Selenium_Learning\src\main\resources
2026-01-02 09:01:14,283 [Worker-24: Building] INFO  o.a.m.s.f.DefaultMavenResourcesFiltering - skip non existing resourceDirectory C:\Users\Admin\Automation MWF 8-00 to 9-30\Selenium_Learning\src\test\resources
2026-01-02 09:01:44,852 [Worker-36: Building] INFO  o.a.m.s.f.DefaultMavenResourcesFiltering - skip non existing resourceDirectory C:\Users\Admin\Automation MWF 8-00 to 9-30\Selenium_Learning\src\main\resources
2026-01-02 09:01:44,854 [Worker-36: Building] INFO  o.a.m.s.f.DefaultMavenResourcesFiltering - skip non existing resourceDirectory C:\Users\Admin\Automation MWF 8-00 to 9-30\Selenium_Learning\src\test\resources
2026-01-02 09:02:45,801 [Worker-32: Building] INFO  o.a.m.s.f.DefaultMavenResourcesFiltering - skip non existing resourceDirectory C:\Users\Admin\Automation MWF 8-00 to 9-30\Selenium_Learning\src\main\resources
2026-01-02 09:02:45,803 [Worker-32: Building] INFO  o.a.m.s.f.DefaultMavenResourcesFiltering - skip non existing resourceDirectory C:\Users\Admin\Automation MWF 8-00 to 9-30\Selenium_Learning\src\test\resources
2026-01-02 09:02:53,929 [Worker-32: Building] INFO  o.a.m.s.f.DefaultMavenResourcesFiltering - skip non existing resourceDirectory C:\Users\Admin\Automation MWF 8-00 to 9-30\Selenium_Learning\src\main\resources
2026-01-02 09:02:53,930 [Worker-32: Building] INFO  o.a.m.s.f.DefaultMavenResourcesFiltering - skip non existing resourceDirectory C:\Users\Admin\Automation MWF 8-00 to 9-30\Selenium_Learning\src\test\resources
2026-01-02 09:02:57,560 [Worker-32: Building] INFO  o.a.m.s.f.DefaultMavenResourcesFiltering - skip non existing resourceDirectory C:\Users\Admin\Automation MWF 8-00 to 9-30\Selenium_Learning\src\main\resources
2026-01-02 09:02:57,562 [Worker-32: Building] INFO  o.a.m.s.f.DefaultMavenResourcesFiltering - skip non existing resourceDirectory C:\Users\Admin\Automation MWF 8-00 to 9-30\Selenium_Learning\src\test\resources
2026-01-02 09:03:11,931 [Worker-32: Building] INFO  o.a.m.s.f.DefaultMavenResourcesFiltering - skip non existing resourceDirectory C:\Users\Admin\Automation MWF 8-00 to 9-30\Selenium_Learning\src\main\resources
2026-01-02 09:03:11,932 [Worker-32: Building] INFO  o.a.m.s.f.DefaultMavenResourcesFiltering - skip non existing resourceDirectory C:\Users\Admin\Automation MWF 8-00 to 9-30\Selenium_Learning\src\test\resources
2026-01-02 09:03:16,831 [Worker-38: Building] INFO  o.a.m.s.f.DefaultMavenResourcesFiltering - skip non existing resourceDirectory C:\Users\Admin\Automation MWF 8-00 to 9-30\Selenium_Learning\src\main\resources
2026-01-02 09:03:16,833 [Worker-38: Building] INFO  o.a.m.s.f.DefaultMavenResourcesFiltering - skip non existing resourceDirectory C:\Users\Admin\Automation MWF 8-00 to 9-30\Selenium_Learning\src\test\resources
2026-01-02 09:03:17,861 [Worker-24: Building] INFO  o.a.m.s.f.DefaultMavenResourcesFiltering - skip non existing resourceDirectory C:\Users\Admin\Automation MWF 8-00 to 9-30\Selenium_Learning\src\main\resources
2026-01-02 09:03:17,862 [Worker-24: Building] INFO  o.a.m.s.f.DefaultMavenResourcesFiltering - skip non existing resourceDirectory C:\Users\Admin\Automation MWF 8-00 to 9-30\Selenium_Learning\src\test\resources
2026-01-02 09:05:17,182 [Worker-40: Building] INFO  o.a.m.s.f.DefaultMavenResourcesFiltering - skip non existing resourceDirectory C:\Users\Admin\Automation MWF 8-00 to 9-30\Selenium_Learning\src\main\resources
2026-01-02 09:05:17,184 [Worker-40: Building] INFO  o.a.m.s.f.DefaultMavenResourcesFiltering - skip non existing resourceDirectory C:\Users\Admin\Automation MWF 8-00 to 9-30\Selenium_Learning\src\test\resources
2026-01-02 09:06:48,931 [Worker-40: Building] INFO  o.a.m.s.f.DefaultMavenResourcesFiltering - skip non existing resourceDirectory C:\Users\Admin\Automation MWF 8-00 to 9-30\Selenium_Learning\src\main\resources
2026-01-02 09:06:48,932 [Worker-40: Building] INFO  o.a.m.s.f.DefaultMavenResourcesFiltering - skip non existing resourceDirectory C:\Users\Admin\Automation MWF 8-00 to 9-30\Selenium_Learning\src\test\resources
2026-01-02 09:07:27,483 [Worker-42: Building] INFO  o.a.m.s.f.DefaultMavenResourcesFiltering - skip non existing resourceDirectory C:\Users\Admin\Automation MWF 8-00 to 9-30\Selenium_Learning\src\main\resources
2026-01-02 09:07:27,484 [Worker-42: Building] INFO  o.a.m.s.f.DefaultMavenResourcesFiltering - skip non existing resourceDirectory C:\Users\Admin\Automation MWF 8-00 to 9-30\Selenium_Learning\src\test\resources
2026-01-02 09:12:01,651 [Worker-39: Building] INFO  o.a.m.s.f.DefaultMavenResourcesFiltering - skip non existing resourceDirectory C:\Users\Admin\Automation MWF 8-00 to 9-30\Selenium_Learning\src\main\resources
2026-01-02 09:12:01,653 [Worker-39: Building] INFO  o.a.m.s.f.DefaultMavenResourcesFiltering - skip non existing resourceDirectory C:\Users\Admin\Automation MWF 8-00 to 9-30\Selenium_Learning\src\test\resources
2026-01-02 09:13:35,252 [Worker-39: Building] INFO  o.a.m.s.f.DefaultMavenResourcesFiltering - skip non existing resourceDirectory C:\Users\Admin\Automation MWF 8-00 to 9-30\Selenium_Learning\src\main\resources
2026-01-02 09:13:35,254 [Worker-39: Building] INFO  o.a.m.s.f.DefaultMavenResourcesFiltering - skip non existing resourceDirectory C:\Users\Admin\Automation MWF 8-00 to 9-30\Selenium_Learning\src\test\resources
2026-01-02 09:13:46,739 [Worker-46: Building] INFO  o.a.m.s.f.DefaultMavenResourcesFiltering - skip non existing resourceDirectory C:\Users\Admin\Automation MWF 8-00 to 9-30\Selenium_Learning\src\main\resources
2026-01-02 09:13:46,740 [Worker-46: Building] INFO  o.a.m.s.f.DefaultMavenResourcesFiltering - skip non existing resourceDirectory C:\Users\Admin\Automation MWF 8-00 to 9-30\Selenium_Learning\src\test\resources
2026-01-02 09:14:03,948 [Worker-46: Building] INFO  o.a.m.s.f.DefaultMavenResourcesFiltering - skip non existing resourceDirectory C:\Users\Admin\Automation MWF 8-00 to 9-30\Selenium_Learning\src\main\resources
2026-01-02 09:14:03,949 [Worker-46: Building] INFO  o.a.m.s.f.DefaultMavenResourcesFiltering - skip non existing resourceDirectory C:\Users\Admin\Automation MWF 8-00 to 9-30\Selenium_Learning\src\test\resources
2026-01-02 09:14:05,608 [Worker-49: Building] INFO  o.a.m.s.f.DefaultMavenResourcesFiltering - skip non existing resourceDirectory C:\Users\Admin\Automation MWF 8-00 to 9-30\Selenium_Learning\src\main\resources
2026-01-02 09:14:05,609 [Worker-49: Building] INFO  o.a.m.s.f.DefaultMavenResourcesFiltering - skip non existing resourceDirectory C:\Users\Admin\Automation MWF 8-00 to 9-30\Selenium_Learning\src\test\resources
2026-01-02 09:16:12,954 [Worker-44: Building] INFO  o.a.m.s.f.DefaultMavenResourcesFiltering - skip non existing resourceDirectory C:\Users\Admin\Automation MWF 8-00 to 9-30\Selenium_Learning\src\main\resources
2026-01-02 09:16:12,956 [Worker-44: Building] INFO  o.a.m.s.f.DefaultMavenResourcesFiltering - skip non existing resourceDirectory C:\Users\Admin\Automation MWF 8-00 to 9-30\Selenium_Learning\src\test\resources
2026-01-02 09:16:36,399 [Worker-44: Building] INFO  o.a.m.s.f.DefaultMavenResourcesFiltering - skip non existing resourceDirectory C:\Users\Admin\Automation MWF 8-00 to 9-30\Selenium_Learning\src\main\resources
2026-01-02 09:16:36,401 [Worker-44: Building] INFO  o.a.m.s.f.DefaultMavenResourcesFiltering - skip non existing resourceDirectory C:\Users\Admin\Automation MWF 8-00 to 9-30\Selenium_Learning\src\test\resources
2026-01-02 09:16:49,708 [Worker-39: Building] INFO  o.a.m.s.f.DefaultMavenResourcesFiltering - skip non existing resourceDirectory C:\Users\Admin\Automation MWF 8-00 to 9-30\Selenium_Learning\src\main\resources
2026-01-02 09:16:49,710 [Worker-39: Building] INFO  o.a.m.s.f.DefaultMavenResourcesFiltering - skip non existing resourceDirectory C:\Users\Admin\Automation MWF 8-00 to 9-30\Selenium_Learning\src\test\resources
2026-01-02 09:17:00,190 [Worker-39: Building] INFO  o.a.m.s.f.DefaultMavenResourcesFiltering - skip non existing resourceDirectory C:\Users\Admin\Automation MWF 8-00 to 9-30\Selenium_Learning\src\main\resources
2026-01-02 09:17:00,191 [Worker-39: Building] INFO  o.a.m.s.f.DefaultMavenResourcesFiltering - skip non existing resourceDirectory C:\Users\Admin\Automation MWF 8-00 to 9-30\Selenium_Learning\src\test\resources
2026-01-02 09:17:12,484 [Worker-43: Building] INFO  o.a.m.s.f.DefaultMavenResourcesFiltering - skip non existing resourceDirectory C:\Users\Admin\Automation MWF 8-00 to 9-30\Selenium_Learning\src\main\resources
2026-01-02 09:17:12,486 [Worker-43: Building] INFO  o.a.m.s.f.DefaultMavenResourcesFiltering - skip non existing resourceDirectory C:\Users\Admin\Automation MWF 8-00 to 9-30\Selenium_Learning\src\test\resources
2026-01-05 08:33:35,705 [Worker-8: Loading available Gradle versions] INFO  o.e.b.c.i.u.g.PublishedGradleVersions - Gradle version information cache is out-of-date. Trying to update.
2026-01-05 08:52:05,282 [Worker-25: Building] INFO  o.a.m.s.f.DefaultMavenResourcesFiltering - skip non existing resourceDirectory C:\Users\Admin\Automation MWF 8-00 to 9-30\Selenium_Learning\src\main\resources
2026-01-05 08:52:05,286 [Worker-25: Building] INFO  o.a.m.s.f.DefaultMavenResourcesFiltering - skip non existing resourceDirectory C:\Users\Admin\Automation MWF 8-00 to 9-30\Selenium_Learning\src\test\resources
2026-01-05 08:52:14,261 [Worker-23: Building] INFO  o.a.m.s.f.DefaultMavenResourcesFiltering - skip non existing resourceDirectory C:\Users\Admin\Automation MWF 8-00 to 9-30\Selenium_Learning\src\main\resources
2026-01-05 08:52:14,265 [Worker-23: Building] INFO  o.a.m.s.f.DefaultMavenResourcesFiltering - skip non existing resourceDirectory C:\Users\Admin\Automation MWF 8-00 to 9-30\Selenium_Learning\src\test\resources
2026-01-05 08:52:25,719 [Worker-25: Building] INFO  o.a.m.s.f.DefaultMavenResourcesFiltering - skip non existing resourceDirectory C:\Users\Admin\Automation MWF 8-00 to 9-30\Selenium_Learning\src\main\resources
2026-01-05 08:52:25,721 [Worker-25: Building] INFO  o.a.m.s.f.DefaultMavenResourcesFiltering - skip non existing resourceDirectory C:\Users\Admin\Automation MWF 8-00 to 9-30\Selenium_Learning\src\test\resources
2026-01-05 08:53:03,598 [Worker-28: Building] INFO  o.a.m.s.f.DefaultMavenResourcesFiltering - skip non existing resourceDirectory C:\Users\Admin\Automation MWF 8-00 to 9-30\Selenium_Learning\src\main\resources
2026-01-05 08:53:03,600 [Worker-28: Building] INFO  o.a.m.s.f.DefaultMavenResourcesFiltering - skip non existing resourceDirectory C:\Users\Admin\Automation MWF 8-00 to 9-30\Selenium_Learning\src\test\resources
2026-01-05 08:54:48,476 [Worker-23: Building] INFO  o.a.m.s.f.DefaultMavenResourcesFiltering - skip non existing resourceDirectory C:\Users\Admin\Automation MWF 8-00 to 9-30\Selenium_Learning\src\main\resources
2026-01-05 08:54:48,480 [Worker-23: Building] INFO  o.a.m.s.f.DefaultMavenResourcesFiltering - skip non existing resourceDirectory C:\Users\Admin\Automation MWF 8-00 to 9-30\Selenium_Learning\src\test\resources
2026-01-05 08:55:04,895 [Worker-28: Building] INFO  o.a.m.s.f.DefaultMavenResourcesFiltering - skip non existing resourceDirectory C:\Users\Admin\Automation MWF 8-00 to 9-30\Selenium_Learning\src\main\resources
2026-01-05 08:55:04,898 [Worker-28: Building] INFO  o.a.m.s.f.DefaultMavenResourcesFiltering - skip non existing resourceDirectory C:\Users\Admin\Automation MWF 8-00 to 9-30\Selenium_Learning\src\test\resources
2026-01-05 08:55:09,596 [Worker-29: Building] INFO  o.a.m.s.f.DefaultMavenResourcesFiltering - skip non existing resourceDirectory C:\Users\Admin\Automation MWF 8-00 to 9-30\Selenium_Learning\src\main\resources
2026-01-05 08:55:09,598 [Worker-29: Building] INFO  o.a.m.s.f.DefaultMavenResourcesFiltering - skip non existing resourceDirectory C:\Users\Admin\Automation MWF 8-00 to 9-30\Selenium_Learning\src\test\resources
2026-01-05 08:55:12,313 [Worker-25: Building] INFO  o.a.m.s.f.DefaultMavenResourcesFiltering - skip non existing resourceDirectory C:\Users\Admin\Automation MWF 8-00 to 9-30\Selenium_Learning\src\main\resources
2026-01-05 08:55:12,315 [Worker-25: Building] INFO  o.a.m.s.f.DefaultMavenResourcesFiltering - skip non existing resourceDirectory C:\Users\Admin\Automation MWF 8-00 to 9-30\Selenium_Learning\src\test\resources
2026-01-05 08:57:44,028 [Worker-29: Building] INFO  o.a.m.s.f.DefaultMavenResourcesFiltering - skip non existing resourceDirectory C:\Users\Admin\Automation MWF 8-00 to 9-30\Selenium_Learning\src\main\resources
2026-01-05 08:57:44,030 [Worker-29: Building] INFO  o.a.m.s.f.DefaultMavenResourcesFiltering - skip non existing resourceDirectory C:\Users\Admin\Automation MWF 8-00 to 9-30\Selenium_Learning\src\test\resources
2026-01-05 08:57:58,277 [Worker-25: Building] INFO  o.a.m.s.f.DefaultMavenResourcesFiltering - skip non existing resourceDirectory C:\Users\Admin\Automation MWF 8-00 to 9-30\Selenium_Learning\src\main\resources
2026-01-05 08:57:58,279 [Worker-25: Building] INFO  o.a.m.s.f.DefaultMavenResourcesFiltering - skip non existing resourceDirectory C:\Users\Admin\Automation MWF 8-00 to 9-30\Selenium_Learning\src\test\resources
2026-01-05 08:58:35,154 [Worker-30: Building] INFO  o.a.m.s.f.DefaultMavenResourcesFiltering - skip non existing resourceDirectory C:\Users\Admin\Automation MWF 8-00 to 9-30\Selenium_Learning\src\main\resources
2026-01-05 08:58:35,157 [Worker-30: Building] INFO  o.a.m.s.f.DefaultMavenResourcesFiltering - skip non existing resourceDirectory C:\Users\Admin\Automation MWF 8-00 to 9-30\Selenium_Learning\src\test\resources
2026-01-05 08:58:38,416 [Worker-31: Building] INFO  o.a.m.s.f.DefaultMavenResourcesFiltering - skip non existing resourceDirectory C:\Users\Admin\Automation MWF 8-00 to 9-30\Selenium_Learning\src\main\resources
2026-01-05 08:58:38,418 [Worker-31: Building] INFO  o.a.m.s.f.DefaultMavenResourcesFiltering - skip non existing resourceDirectory C:\Users\Admin\Automation MWF 8-00 to 9-30\Selenium_Learning\src\test\resources
2026-01-05 08:59:13,638 [Worker-32: Building] INFO  o.a.m.s.f.DefaultMavenResourcesFiltering - skip non existing resourceDirectory C:\Users\Admin\Automation MWF 8-00 to 9-30\Selenium_Learning\src\main\resources
2026-01-05 08:59:13,641 [Worker-32: Building] INFO  o.a.m.s.f.DefaultMavenResourcesFiltering - skip non existing resourceDirectory C:\Users\Admin\Automation MWF 8-00 to 9-30\Selenium_Learning\src\test\resources
2026-01-05 08:59:26,783 [Worker-28: Building] INFO  o.a.m.s.f.DefaultMavenResourcesFiltering - skip non existing resourceDirectory C:\Users\Admin\Automation MWF 8-00 to 9-30\Selenium_Learning\src\main\resources
2026-01-05 08:59:26,785 [Worker-28: Building] INFO  o.a.m.s.f.DefaultMavenResourcesFiltering - skip non existing resourceDirectory C:\Users\Admin\Automation MWF 8-00 to 9-30\Selenium_Learning\src\test\resources
2026-01-05 09:00:07,382 [Worker-29: Building] INFO  o.a.m.s.f.DefaultMavenResourcesFiltering - skip non existing resourceDirectory C:\Users\Admin\Automation MWF 8-00 to 9-30\Selenium_Learning\src\main\resources
2026-01-05 09:00:07,383 [Worker-29: Building] INFO  o.a.m.s.f.DefaultMavenResourcesFiltering - skip non existing resourceDirectory C:\Users\Admin\Automation MWF 8-00 to 9-30\Selenium_Learning\src\test\resources
2026-01-05 09:00:20,492 [Worker-30: Building] INFO  o.a.m.s.f.DefaultMavenResourcesFiltering - skip non existing resourceDirectory C:\Users\Admin\Automation MWF 8-00 to 9-30\Selenium_Learning\src\main\resources
2026-01-05 09:00:20,494 [Worker-30: Building] INFO  o.a.m.s.f.DefaultMavenResourcesFiltering - skip non existing resourceDirectory C:\Users\Admin\Automation MWF 8-00 to 9-30\Selenium_Learning\src\test\resources
2026-01-05 09:00:26,617 [Worker-25: Building] INFO  o.a.m.s.f.DefaultMavenResourcesFiltering - skip non existing resourceDirectory C:\Users\Admin\Automation MWF 8-00 to 9-30\Selenium_Learning\src\main\resources
2026-01-05 09:00:26,618 [Worker-25: Building] INFO  o.a.m.s.f.DefaultMavenResourcesFiltering - skip non existing resourceDirectory C:\Users\Admin\Automation MWF 8-00 to 9-30\Selenium_Learning\src\test\resources
2026-01-05 09:01:13,862 [Worker-30: Building] INFO  o.a.m.s.f.DefaultMavenResourcesFiltering - skip non existing resourceDirectory C:\Users\Admin\Automation MWF 8-00 to 9-30\Selenium_Learning\src\main\resources
2026-01-05 09:01:13,864 [Worker-30: Building] INFO  o.a.m.s.f.DefaultMavenResourcesFiltering - skip non existing resourceDirectory C:\Users\Admin\Automation MWF 8-00 to 9-30\Selenium_Learning\src\test\resources
2026-01-05 09:02:27,602 [Worker-32: Building] INFO  o.a.m.s.f.DefaultMavenResourcesFiltering - skip non existing resourceDirectory C:\Users\Admin\Automation MWF 8-00 to 9-30\Selenium_Learning\src\main\resources
2026-01-05 09:02:27,604 [Worker-32: Building] INFO  o.a.m.s.f.DefaultMavenResourcesFiltering - skip non existing resourceDirectory C:\Users\Admin\Automation MWF 8-00 to 9-30\Selenium_Learning\src\test\resources
2026-01-05 09:04:00,347 [Worker-29: Building] INFO  o.a.m.s.f.DefaultMavenResourcesFiltering - skip non existing resourceDirectory C:\Users\Admin\Automation MWF 8-00 to 9-30\Selenium_Learning\src\main\resources
2026-01-05 09:04:00,349 [Worker-29: Building] INFO  o.a.m.s.f.DefaultMavenResourcesFiltering - skip non existing resourceDirectory C:\Users\Admin\Automation MWF 8-00 to 9-30\Selenium_Learning\src\test\resources
2026-01-05 09:04:01,398 [Worker-32: Building] INFO  o.a.m.s.f.DefaultMavenResourcesFiltering - skip non existing resourceDirectory C:\Users\Admin\Automation MWF 8-00 to 9-30\Selenium_Learning\src\main\resources
2026-01-05 09:04:01,399 [Worker-32: Building] INFO  o.a.m.s.f.DefaultMavenResourcesFiltering - skip non existing resourceDirectory C:\Users\Admin\Automation MWF 8-00 to 9-30\Selenium_Learning\src\test\resources
2026-01-05 09:04:30,982 [Worker-25: Building] INFO  o.a.m.s.f.DefaultMavenResourcesFiltering - skip non existing resourceDirectory C:\Users\Admin\Automation MWF 8-00 to 9-30\Selenium_Learning\src\main\resources
2026-01-05 09:04:30,984 [Worker-25: Building] INFO  o.a.m.s.f.DefaultMavenResourcesFiltering - skip non existing resourceDirectory C:\Users\Admin\Automation MWF 8-00 to 9-30\Selenium_Learning\src\test\resources
2026-01-05 09:05:25,456 [Worker-25: Building] INFO  o.a.m.s.f.DefaultMavenResourcesFiltering - skip non existing resourceDirectory C:\Users\Admin\Automation MWF 8-00 to 9-30\Selenium_Learning\src\main\resources
2026-01-05 09:05:25,459 [Worker-25: Building] INFO  o.a.m.s.f.DefaultMavenResourcesFiltering - skip non existing resourceDirectory C:\Users\Admin\Automation MWF 8-00 to 9-30\Selenium_Learning\src\test\resources
2026-01-05 09:05:33,114 [Worker-28: Building] INFO  o.a.m.s.f.DefaultMavenResourcesFiltering - skip non existing resourceDirectory C:\Users\Admin\Automation MWF 8-00 to 9-30\Selenium_Learning\src\main\resources
2026-01-05 09:05:33,116 [Worker-28: Building] INFO  o.a.m.s.f.DefaultMavenResourcesFiltering - skip non existing resourceDirectory C:\Users\Admin\Automation MWF 8-00 to 9-30\Selenium_Learning\src\test\resources
2026-01-05 09:05:55,559 [Worker-33: Building] INFO  o.a.m.s.f.DefaultMavenResourcesFiltering - skip non existing resourceDirectory C:\Users\Admin\Automation MWF 8-00 to 9-30\Selenium_Learning\src\main\resources
2026-01-05 09:05:55,560 [Worker-33: Building] INFO  o.a.m.s.f.DefaultMavenResourcesFiltering - skip non existing resourceDirectory C:\Users\Admin\Automation MWF 8-00 to 9-30\Selenium_Learning\src\test\resources
2026-01-05 09:06:28,518 [Worker-31: Building] INFO  o.a.m.s.f.DefaultMavenResourcesFiltering - skip non existing resourceDirectory C:\Users\Admin\Automation MWF 8-00 to 9-30\Selenium_Learning\src\main\resources
2026-01-05 09:06:28,519 [Worker-31: Building] INFO  o.a.m.s.f.DefaultMavenResourcesFiltering - skip non existing resourceDirectory C:\Users\Admin\Automation MWF 8-00 to 9-30\Selenium_Learning\src\test\resources
2026-01-05 09:06:39,884 [Worker-32: Building] INFO  o.a.m.s.f.DefaultMavenResourcesFiltering - skip non existing resourceDirectory C:\Users\Admin\Automation MWF 8-00 to 9-30\Selenium_Learning\src\main\resources
2026-01-05 09:06:39,886 [Worker-32: Building] INFO  o.a.m.s.f.DefaultMavenResourcesFiltering - skip non existing resourceDirectory C:\Users\Admin\Automation MWF 8-00 to 9-30\Selenium_Learning\src\test\resources
2026-01-05 09:06:59,445 [Worker-31: Building] INFO  o.a.m.s.f.DefaultMavenResourcesFiltering - skip non existing resourceDirectory C:\Users\Admin\Automation MWF 8-00 to 9-30\Selenium_Learning\src\main\resources
2026-01-05 09:06:59,447 [Worker-31: Building] INFO  o.a.m.s.f.DefaultMavenResourcesFiltering - skip non existing resourceDirectory C:\Users\Admin\Automation MWF 8-00 to 9-30\Selenium_Learning\src\test\resources
2026-01-07 08:45:03,337 [Worker-3: Loading available Gradle versions] INFO  o.e.b.c.i.u.g.PublishedGradleVersions - Gradle version information cache is out-of-date. Trying to update.
2026-01-07 08:45:49,404 [Worker-0: Building] INFO  o.a.m.s.f.DefaultMavenResourcesFiltering - skip non existing resourceDirectory C:\Users\Admin\Automation MWF 8-00 to 9-30\Selenium_Learning\src\main\resources
2026-01-07 08:45:49,410 [Worker-0: Building] INFO  o.a.m.s.f.DefaultMavenResourcesFiltering - skip non existing resourceDirectory C:\Users\Admin\Automation MWF 8-00 to 9-30\Selenium_Learning\src\test\resources
2026-01-07 08:46:17,288 [Worker-7: Building] INFO  o.a.m.s.f.DefaultMavenResourcesFiltering - skip non existing resourceDirectory C:\Users\Admin\Automation MWF 8-00 to 9-30\Selenium_Learning\src\main\resources
2026-01-07 08:46:17,292 [Worker-7: Building] INFO  o.a.m.s.f.DefaultMavenResourcesFiltering - skip non existing resourceDirectory C:\Users\Admin\Automation MWF 8-00 to 9-30\Selenium_Learning\src\test\resources
2026-01-07 08:46:18,809 [Worker-4: Building] INFO  o.a.m.s.f.DefaultMavenResourcesFiltering - skip non existing resourceDirectory C:\Users\Admin\Automation MWF 8-00 to 9-30\Selenium_Learning\src\main\resources
2026-01-07 08:46:18,812 [Worker-4: Building] INFO  o.a.m.s.f.DefaultMavenResourcesFiltering - skip non existing resourceDirectory C:\Users\Admin\Automation MWF 8-00 to 9-30\Selenium_Learning\src\test\resources
2026-01-07 08:46:20,502 [Worker-18: Building] INFO  o.a.m.s.f.DefaultMavenResourcesFiltering - skip non existing resourceDirectory C:\Users\Admin\Automation MWF 8-00 to 9-30\Selenium_Learning\src\main\resources
2026-01-07 08:46:20,504 [Worker-18: Building] INFO  o.a.m.s.f.DefaultMavenResourcesFiltering - skip non existing resourceDirectory C:\Users\Admin\Automation MWF 8-00 to 9-30\Selenium_Learning\src\test\resources
2026-01-07 08:48:24,864 [Worker-8: Building] INFO  o.a.m.s.f.DefaultMavenResourcesFiltering - skip non existing resourceDirectory C:\Users\Admin\Automation MWF 8-00 to 9-30\Selenium_Learning\src\main\resources
2026-01-07 08:48:24,866 [Worker-8: Building] INFO  o.a.m.s.f.DefaultMavenResourcesFiltering - skip non existing resourceDirectory C:\Users\Admin\Automation MWF 8-00 to 9-30\Selenium_Learning\src\test\resources
2026-01-07 08:48:25,933 [Worker-16: Building] INFO  o.a.m.s.f.DefaultMavenResourcesFiltering - skip non existing resourceDirectory C:\Users\Admin\Automation MWF 8-00 to 9-30\Selenium_Learning\src\main\resources
2026-01-07 08:48:25,937 [Worker-16: Building] INFO  o.a.m.s.f.DefaultMavenResourcesFiltering - skip non existing resourceDirectory C:\Users\Admin\Automation MWF 8-00 to 9-30\Selenium_Learning\src\test\resources
2026-01-07 08:49:28,320 [Worker-9: Building] INFO  o.a.m.s.f.DefaultMavenResourcesFiltering - skip non existing resourceDirectory C:\Users\Admin\Automation MWF 8-00 to 9-30\Selenium_Learning\src\main\resources
2026-01-07 08:49:28,323 [Worker-9: Building] INFO  o.a.m.s.f.DefaultMavenResourcesFiltering - skip non existing resourceDirectory C:\Users\Admin\Automation MWF 8-00 to 9-30\Selenium_Learning\src\test\resources
2026-01-07 08:49:35,057 [Worker-14: Building] INFO  o.a.m.s.f.DefaultMavenResourcesFiltering - skip non existing resourceDirectory C:\Users\Admin\Automation MWF 8-00 to 9-30\Selenium_Learning\src\main\resources
2026-01-07 08:49:35,058 [Worker-14: Building] INFO  o.a.m.s.f.DefaultMavenResourcesFiltering - skip non existing resourceDirectory C:\Users\Admin\Automation MWF 8-00 to 9-30\Selenium_Learning\src\test\resources
2026-01-07 08:49:36,333 [Worker-15: Building] INFO  o.a.m.s.f.DefaultMavenResourcesFiltering - skip non existing resourceDirectory C:\Users\Admin\Automation MWF 8-00 to 9-30\Selenium_Learning\src\main\resources
2026-01-07 08:49:36,335 [Worker-15: Building] INFO  o.a.m.s.f.DefaultMavenResourcesFiltering - skip non existing resourceDirectory C:\Users\Admin\Automation MWF 8-00 to 9-30\Selenium_Learning\src\test\resources
2026-01-07 08:50:37,872 [Worker-14: Building] INFO  o.a.m.s.f.DefaultMavenResourcesFiltering - skip non existing resourceDirectory C:\Users\Admin\Automation MWF 8-00 to 9-30\Selenium_Learning\src\main\resources
2026-01-07 08:50:37,874 [Worker-14: Building] INFO  o.a.m.s.f.DefaultMavenResourcesFiltering - skip non existing resourceDirectory C:\Users\Admin\Automation MWF 8-00 to 9-30\Selenium_Learning\src\test\resources
2026-01-07 08:52:18,704 [Worker-14: Building] INFO  o.a.m.s.f.DefaultMavenResourcesFiltering - skip non existing resourceDirectory C:\Users\Admin\Automation MWF 8-00 to 9-30\Selenium_Learning\src\main\resources
2026-01-07 08:52:18,706 [Worker-14: Building] INFO  o.a.m.s.f.DefaultMavenResourcesFiltering - skip non existing resourceDirectory C:\Users\Admin\Automation MWF 8-00 to 9-30\Selenium_Learning\src\test\resources
2026-01-07 08:52:23,830 [Worker-1: Building] INFO  o.a.m.s.f.DefaultMavenResourcesFiltering - skip non existing resourceDirectory C:\Users\Admin\Automation MWF 8-00 to 9-30\Selenium_Learning\src\main\resources
2026-01-07 08:52:23,832 [Worker-1: Building] INFO  o.a.m.s.f.DefaultMavenResourcesFiltering - skip non existing resourceDirectory C:\Users\Admin\Automation MWF 8-00 to 9-30\Selenium_Learning\src\test\resources
2026-01-07 08:52:41,831 [Worker-10: Building] INFO  o.a.m.s.f.DefaultMavenResourcesFiltering - skip non existing resourceDirectory C:\Users\Admin\Automation MWF 8-00 to 9-30\Selenium_Learning\src\main\resources
2026-01-07 08:52:41,833 [Worker-10: Building] INFO  o.a.m.s.f.DefaultMavenResourcesFiltering - skip non existing resourceDirectory C:\Users\Admin\Automation MWF 8-00 to 9-30\Selenium_Learning\src\test\resources
2026-01-07 08:52:49,516 [Worker-8: Building] INFO  o.a.m.s.f.DefaultMavenResourcesFiltering - skip non existing resourceDirectory C:\Users\Admin\Automation MWF 8-00 to 9-30\Selenium_Learning\src\main\resources
2026-01-07 08:52:49,518 [Worker-8: Building] INFO  o.a.m.s.f.DefaultMavenResourcesFiltering - skip non existing resourceDirectory C:\Users\Admin\Automation MWF 8-00 to 9-30\Selenium_Learning\src\test\resources
2026-01-07 08:53:10,721 [Worker-8: Building] INFO  o.a.m.s.f.DefaultMavenResourcesFiltering - skip non existing resourceDirectory C:\Users\Admin\Automation MWF 8-00 to 9-30\Selenium_Learning\src\main\resources
2026-01-07 08:53:10,723 [Worker-8: Building] INFO  o.a.m.s.f.DefaultMavenResourcesFiltering - skip non existing resourceDirectory C:\Users\Admin\Automation MWF 8-00 to 9-30\Selenium_Learning\src\test\resources
2026-01-07 08:53:13,589 [Worker-11: Building] INFO  o.a.m.s.f.DefaultMavenResourcesFiltering - skip non existing resourceDirectory C:\Users\Admin\Automation MWF 8-00 to 9-30\Selenium_Learning\src\main\resources
2026-01-07 08:53:13,590 [Worker-11: Building] INFO  o.a.m.s.f.DefaultMavenResourcesFiltering - skip non existing resourceDirectory C:\Users\Admin\Automation MWF 8-00 to 9-30\Selenium_Learning\src\test\resources
2026-01-07 08:53:22,969 [Worker-15: Building] INFO  o.a.m.s.f.DefaultMavenResourcesFiltering - skip non existing resourceDirectory C:\Users\Admin\Automation MWF 8-00 to 9-30\Selenium_Learning\src\main\resources
2026-01-07 08:53:22,971 [Worker-15: Building] INFO  o.a.m.s.f.DefaultMavenResourcesFiltering - skip non existing resourceDirectory C:\Users\Admin\Automation MWF 8-00 to 9-30\Selenium_Learning\src\test\resources
2026-01-07 08:53:51,750 [Worker-1: Building] INFO  o.a.m.s.f.DefaultMavenResourcesFiltering - skip non existing resourceDirectory C:\Users\Admin\Automation MWF 8-00 to 9-30\Selenium_Learning\src\main\resources
2026-01-07 08:53:51,751 [Worker-1: Building] INFO  o.a.m.s.f.DefaultMavenResourcesFiltering - skip non existing resourceDirectory C:\Users\Admin\Automation MWF 8-00 to 9-30\Selenium_Learning\src\test\resources
2026-01-07 08:53:52,820 [Worker-11: Building] INFO  o.a.m.s.f.DefaultMavenResourcesFiltering - skip non existing resourceDirectory C:\Users\Admin\Automation MWF 8-00 to 9-30\Selenium_Learning\src\main\resources
2026-01-07 08:53:52,822 [Worker-11: Building] INFO  o.a.m.s.f.DefaultMavenResourcesFiltering - skip non existing resourceDirectory C:\Users\Admin\Automation MWF 8-00 to 9-30\Selenium_Learning\src\test\resources
2026-01-07 08:54:20,279 [Worker-8: Building] INFO  o.a.m.s.f.DefaultMavenResourcesFiltering - skip non existing resourceDirectory C:\Users\Admin\Automation MWF 8-00 to 9-30\Selenium_Learning\src\main\resources
2026-01-07 08:54:20,281 [Worker-8: Building] INFO  o.a.m.s.f.DefaultMavenResourcesFiltering - skip non existing resourceDirectory C:\Users\Admin\Automation MWF 8-00 to 9-30\Selenium_Learning\src\test\resources
2026-01-07 08:54:21,314 [Worker-3: Building] INFO  o.a.m.s.f.DefaultMavenResourcesFiltering - skip non existing resourceDirectory C:\Users\Admin\Automation MWF 8-00 to 9-30\Selenium_Learning\src\main\resources
2026-01-07 08:54:21,316 [Worker-3: Building] INFO  o.a.m.s.f.DefaultMavenResourcesFiltering - skip non existing resourceDirectory C:\Users\Admin\Automation MWF 8-00 to 9-30\Selenium_Learning\src\test\resources
2026-01-07 08:54:57,271 [Worker-8: Building] INFO  o.a.m.s.f.DefaultMavenResourcesFiltering - skip non existing resourceDirectory C:\Users\Admin\Automation MWF 8-00 to 9-30\Selenium_Learning\src\main\resources
2026-01-07 08:54:57,273 [Worker-8: Building] INFO  o.a.m.s.f.DefaultMavenResourcesFiltering - skip non existing resourceDirectory C:\Users\Admin\Automation MWF 8-00 to 9-30\Selenium_Learning\src\test\resources
2026-01-07 08:55:23,264 [Worker-11: Building] INFO  o.a.m.s.f.DefaultMavenResourcesFiltering - skip non existing resourceDirectory C:\Users\Admin\Automation MWF 8-00 to 9-30\Selenium_Learning\src\main\resources
2026-01-07 08:55:23,266 [Worker-11: Building] INFO  o.a.m.s.f.DefaultMavenResourcesFiltering - skip non existing resourceDirectory C:\Users\Admin\Automation MWF 8-00 to 9-30\Selenium_Learning\src\test\resources
2026-01-07 08:55:45,378 [Worker-10: Building] INFO  o.a.m.s.f.DefaultMavenResourcesFiltering - skip non existing resourceDirectory C:\Users\Admin\Automation MWF 8-00 to 9-30\Selenium_Learning\src\main\resources
2026-01-07 08:55:45,381 [Worker-10: Building] INFO  o.a.m.s.f.DefaultMavenResourcesFiltering - skip non existing resourceDirectory C:\Users\Admin\Automation MWF 8-00 to 9-30\Selenium_Learning\src\test\resources
2026-01-07 08:56:00,164 [Worker-16: Building] INFO  o.a.m.s.f.DefaultMavenResourcesFiltering - skip non existing resourceDirectory C:\Users\Admin\Automation MWF 8-00 to 9-30\Selenium_Learning\src\main\resources
2026-01-07 08:56:00,166 [Worker-16: Building] INFO  o.a.m.s.f.DefaultMavenResourcesFiltering - skip non existing resourceDirectory C:\Users\Admin\Automation MWF 8-00 to 9-30\Selenium_Learning\src\test\resources
2026-01-07 08:56:11,425 [Worker-10: Building] INFO  o.a.m.s.f.DefaultMavenResourcesFiltering - skip non existing resourceDirectory C:\Users\Admin\Automation MWF 8-00 to 9-30\Selenium_Learning\src\main\resources
2026-01-07 08:56:11,427 [Worker-10: Building] INFO  o.a.m.s.f.DefaultMavenResourcesFiltering - skip non existing resourceDirectory C:\Users\Admin\Automation MWF 8-00 to 9-30\Selenium_Learning\src\test\resources
2026-01-07 08:56:14,557 [Worker-19: Building] INFO  o.a.m.s.f.DefaultMavenResourcesFiltering - skip non existing resourceDirectory C:\Users\Admin\Automation MWF 8-00 to 9-30\Selenium_Learning\src\main\resources
2026-01-07 08:56:14,559 [Worker-19: Building] INFO  o.a.m.s.f.DefaultMavenResourcesFiltering - skip non existing resourceDirectory C:\Users\Admin\Automation MWF 8-00 to 9-30\Selenium_Learning\src\test\resources
2026-01-07 08:57:00,961 [Worker-10: Building] INFO  o.a.m.s.f.DefaultMavenResourcesFiltering - skip non existing resourceDirectory C:\Users\Admin\Automation MWF 8-00 to 9-30\Selenium_Learning\src\main\resources
2026-01-07 08:57:00,963 [Worker-10: Building] INFO  o.a.m.s.f.DefaultMavenResourcesFiltering - skip non existing resourceDirectory C:\Users\Admin\Automation MWF 8-00 to 9-30\Selenium_Learning\src\test\resources
2026-01-07 08:57:02,096 [Worker-3: Building] INFO  o.a.m.s.f.DefaultMavenResourcesFiltering - skip non existing resourceDirectory C:\Users\Admin\Automation MWF 8-00 to 9-30\Selenium_Learning\src\main\resources
2026-01-07 08:57:02,097 [Worker-3: Building] INFO  o.a.m.s.f.DefaultMavenResourcesFiltering - skip non existing resourceDirectory C:\Users\Admin\Automation MWF 8-00 to 9-30\Selenium_Learning\src\test\resources
2026-01-07 08:57:24,709 [Worker-15: Building] INFO  o.a.m.s.f.DefaultMavenResourcesFiltering - skip non existing resourceDirectory C:\Users\Admin\Automation MWF 8-00 to 9-30\Selenium_Learning\src\main\resources
2026-01-07 08:57:24,710 [Worker-15: Building] INFO  o.a.m.s.f.DefaultMavenResourcesFiltering - skip non existing resourceDirectory C:\Users\Admin\Automation MWF 8-00 to 9-30\Selenium_Learning\src\test\resources
2026-01-07 08:57:40,883 [Worker-9: Building] INFO  o.a.m.s.f.DefaultMavenResourcesFiltering - skip non existing resourceDirectory C:\Users\Admin\Automation MWF 8-00 to 9-30\Selenium_Learning\src\main\resources
2026-01-07 08:57:40,885 [Worker-9: Building] INFO  o.a.m.s.f.DefaultMavenResourcesFiltering - skip non existing resourceDirectory C:\Users\Admin\Automation MWF 8-00 to 9-30\Selenium_Learning\src\test\resources
2026-01-07 08:57:45,162 [Worker-3: Building] INFO  o.a.m.s.f.DefaultMavenResourcesFiltering - skip non existing resourceDirectory C:\Users\Admin\Automation MWF 8-00 to 9-30\Selenium_Learning\src\main\resources
2026-01-07 08:57:45,163 [Worker-3: Building] INFO  o.a.m.s.f.DefaultMavenResourcesFiltering - skip non existing resourceDirectory C:\Users\Admin\Automation MWF 8-00 to 9-30\Selenium_Learning\src\test\resources
2026-01-07 08:57:51,292 [Worker-9: Building] INFO  o.a.m.s.f.DefaultMavenResourcesFiltering - skip non existing resourceDirectory C:\Users\Admin\Automation MWF 8-00 to 9-30\Selenium_Learning\src\main\resources
2026-01-07 08:57:51,293 [Worker-9: Building] INFO  o.a.m.s.f.DefaultMavenResourcesFiltering - skip non existing resourceDirectory C:\Users\Admin\Automation MWF 8-00 to 9-30\Selenium_Learning\src\test\resources
2026-01-07 08:57:54,320 [Worker-8: Building] INFO  o.a.m.s.f.DefaultMavenResourcesFiltering - skip non existing resourceDirectory C:\Users\Admin\Automation MWF 8-00 to 9-30\Selenium_Learning\src\main\resources
2026-01-07 08:57:54,321 [Worker-8: Building] INFO  o.a.m.s.f.DefaultMavenResourcesFiltering - skip non existing resourceDirectory C:\Users\Admin\Automation MWF 8-00 to 9-30\Selenium_Learning\src\test\resources
2026-01-07 08:58:58,084 [Worker-14: Building] INFO  o.a.m.s.f.DefaultMavenResourcesFiltering - skip non existing resourceDirectory C:\Users\Admin\Automation MWF 8-00 to 9-30\Selenium_Learning\src\main\resources
2026-01-07 08:58:58,087 [Worker-14: Building] INFO  o.a.m.s.f.DefaultMavenResourcesFiltering - skip non existing resourceDirectory C:\Users\Admin\Automation MWF 8-00 to 9-30\Selenium_Learning\src\test\resources
2026-01-07 08:59:03,361 [Worker-15: Building] INFO  o.a.m.s.f.DefaultMavenResourcesFiltering - skip non existing resourceDirectory C:\Users\Admin\Automation MWF 8-00 to 9-30\Selenium_Learning\src\main\resources
2026-01-07 08:59:03,363 [Worker-15: Building] INFO  o.a.m.s.f.DefaultMavenResourcesFiltering - skip non existing resourceDirectory C:\Users\Admin\Automation MWF 8-00 to 9-30\Selenium_Learning\src\test\resources
2026-01-07 08:59:09,464 [Worker-9: Building] INFO  o.a.m.s.f.DefaultMavenResourcesFiltering - skip non existing resourceDirectory C:\Users\Admin\Automation MWF 8-00 to 9-30\Selenium_Learning\src\main\resources
2026-01-07 08:59:09,465 [Worker-9: Building] INFO  o.a.m.s.f.DefaultMavenResourcesFiltering - skip non existing resourceDirectory C:\Users\Admin\Automation MWF 8-00 to 9-30\Selenium_Learning\src\test\resources
2026-01-07 08:59:25,752 [Worker-14: Building] INFO  o.a.m.s.f.DefaultMavenResourcesFiltering - skip non existing resourceDirectory C:\Users\Admin\Automation MWF 8-00 to 9-30\Selenium_Learning\src\main\resources
2026-01-07 08:59:25,753 [Worker-14: Building] INFO  o.a.m.s.f.DefaultMavenResourcesFiltering - skip non existing resourceDirectory C:\Users\Admin\Automation MWF 8-00 to 9-30\Selenium_Learning\src\test\resources
2026-01-07 08:59:39,170 [Worker-8: Building] INFO  o.a.m.s.f.DefaultMavenResourcesFiltering - skip non existing resourceDirectory C:\Users\Admin\Automation MWF 8-00 to 9-30\Selenium_Learning\src\main\resources
2026-01-07 08:59:39,171 [Worker-8: Building] INFO  o.a.m.s.f.DefaultMavenResourcesFiltering - skip non existing resourceDirectory C:\Users\Admin\Automation MWF 8-00 to 9-30\Selenium_Learning\src\test\resources
2026-01-07 08:59:50,244 [Worker-10: Building] INFO  o.a.m.s.f.DefaultMavenResourcesFiltering - skip non existing resourceDirectory C:\Users\Admin\Automation MWF 8-00 to 9-30\Selenium_Learning\src\main\resources
2026-01-07 08:59:50,246 [Worker-10: Building] INFO  o.a.m.s.f.DefaultMavenResourcesFiltering - skip non existing resourceDirectory C:\Users\Admin\Automation MWF 8-00 to 9-30\Selenium_Learning\src\test\resources
2026-01-07 08:59:53,217 [Worker-15: Building] INFO  o.a.m.s.f.DefaultMavenResourcesFiltering - skip non existing resourceDirectory C:\Users\Admin\Automation MWF 8-00 to 9-30\Selenium_Learning\src\main\resources
2026-01-07 08:59:53,218 [Worker-15: Building] INFO  o.a.m.s.f.DefaultMavenResourcesFiltering - skip non existing resourceDirectory C:\Users\Admin\Automation MWF 8-00 to 9-30\Selenium_Learning\src\test\resources
2026-01-07 09:00:39,189 [Worker-8: Building] INFO  o.a.m.s.f.DefaultMavenResourcesFiltering - skip non existing resourceDirectory C:\Users\Admin\Automation MWF 8-00 to 9-30\Selenium_Learning\src\main\resources
2026-01-07 09:00:39,192 [Worker-8: Building] INFO  o.a.m.s.f.DefaultMavenResourcesFiltering - skip non existing resourceDirectory C:\Users\Admin\Automation MWF 8-00 to 9-30\Selenium_Learning\src\test\resources
2026-01-07 09:01:07,060 [Worker-8: Building] INFO  o.a.m.s.f.DefaultMavenResourcesFiltering - skip non existing resourceDirectory C:\Users\Admin\Automation MWF 8-00 to 9-30\Selenium_Learning\src\main\resources
2026-01-07 09:01:07,061 [Worker-8: Building] INFO  o.a.m.s.f.DefaultMavenResourcesFiltering - skip non existing resourceDirectory C:\Users\Admin\Automation MWF 8-00 to 9-30\Selenium_Learning\src\test\resources
2026-01-07 09:04:47,939 [Worker-23: Building] INFO  o.a.m.s.f.DefaultMavenResourcesFiltering - skip non existing resourceDirectory C:\Users\Admin\Automation MWF 8-00 to 9-30\Selenium_Learning\src\main\resources
2026-01-07 09:04:47,940 [Worker-23: Building] INFO  o.a.m.s.f.DefaultMavenResourcesFiltering - skip non existing resourceDirectory C:\Users\Admin\Automation MWF 8-00 to 9-30\Selenium_Learning\src\test\resources
2026-01-07 09:06:36,556 [Worker-25: Building] INFO  o.a.m.s.f.DefaultMavenResourcesFiltering - skip non existing resourceDirectory C:\Users\Admin\Automation MWF 8-00 to 9-30\Selenium_Learning\src\main\resources
2026-01-07 09:06:36,557 [Worker-25: Building] INFO  o.a.m.s.f.DefaultMavenResourcesFiltering - skip non existing resourceDirectory C:\Users\Admin\Automation MWF 8-00 to 9-30\Selenium_Learning\src\test\resources
2026-01-07 09:06:50,867 [Worker-24: Building] INFO  o.a.m.s.f.DefaultMavenResourcesFiltering - skip non existing resourceDirectory C:\Users\Admin\Automation MWF 8-00 to 9-30\Selenium_Learning\src\main\resources
2026-01-07 09:06:50,868 [Worker-24: Building] INFO  o.a.m.s.f.DefaultMavenResourcesFiltering - skip non existing resourceDirectory C:\Users\Admin\Automation MWF 8-00 to 9-30\Selenium_Learning\src\test\resources
2026-01-07 09:06:51,949 [Worker-24: Building] INFO  o.a.m.s.f.DefaultMavenResourcesFiltering - skip non existing resourceDirectory C:\Users\Admin\Automation MWF 8-00 to 9-30\Selenium_Learning\src\main\resources
2026-01-07 09:06:51,951 [Worker-24: Building] INFO  o.a.m.s.f.DefaultMavenResourcesFiltering - skip non existing resourceDirectory C:\Users\Admin\Automation MWF 8-00 to 9-30\Selenium_Learning\src\test\resources
2026-01-07 09:06:58,487 [Worker-26: Building] INFO  o.a.m.s.f.DefaultMavenResourcesFiltering - skip non existing resourceDirectory C:\Users\Admin\Automation MWF 8-00 to 9-30\Selenium_Learning\src\main\resources
2026-01-07 09:06:58,488 [Worker-26: Building] INFO  o.a.m.s.f.DefaultMavenResourcesFiltering - skip non existing resourceDirectory C:\Users\Admin\Automation MWF 8-00 to 9-30\Selenium_Learning\src\test\resources
2026-01-07 09:07:07,198 [Worker-28: Building] INFO  o.a.m.s.f.DefaultMavenResourcesFiltering - skip non existing resourceDirectory C:\Users\Admin\Automation MWF 8-00 to 9-30\Selenium_Learning\src\main\resources
2026-01-07 09:07:07,199 [Worker-28: Building] INFO  o.a.m.s.f.DefaultMavenResourcesFiltering - skip non existing resourceDirectory C:\Users\Admin\Automation MWF 8-00 to 9-30\Selenium_Learning\src\test\resources
2026-01-07 09:08:42,524 [Worker-11: Building] INFO  o.a.m.s.f.DefaultMavenResourcesFiltering - skip non existing resourceDirectory C:\Users\Admin\Automation MWF 8-00 to 9-30\Selenium_Learning\src\main\resources
2026-01-07 09:08:42,526 [Worker-11: Building] INFO  o.a.m.s.f.DefaultMavenResourcesFiltering - skip non existing resourceDirectory C:\Users\Admin\Automation MWF 8-00 to 9-30\Selenium_Learning\src\test\resources
2026-01-07 09:09:39,892 [Worker-23: Building] INFO  o.a.m.s.f.DefaultMavenResourcesFiltering - skip non existing resourceDirectory C:\Users\Admin\Automation MWF 8-00 to 9-30\Selenium_Learning\src\main\resources
2026-01-07 09:09:39,893 [Worker-23: Building] INFO  o.a.m.s.f.DefaultMavenResourcesFiltering - skip non existing resourceDirectory C:\Users\Admin\Automation MWF 8-00 to 9-30\Selenium_Learning\src\test\resources
2026-01-07 09:09:43,258 [Worker-24: Building] INFO  o.a.m.s.f.DefaultMavenResourcesFiltering - skip non existing resourceDirectory C:\Users\Admin\Automation MWF 8-00 to 9-30\Selenium_Learning\src\main\resources
2026-01-07 09:09:43,261 [Worker-24: Building] INFO  o.a.m.s.f.DefaultMavenResourcesFiltering - skip non existing resourceDirectory C:\Users\Admin\Automation MWF 8-00 to 9-30\Selenium_Learning\src\test\resources
2026-01-07 09:09:44,310 [Worker-23: Building] INFO  o.a.m.s.f.DefaultMavenResourcesFiltering - skip non existing resourceDirectory C:\Users\Admin\Automation MWF 8-00 to 9-30\Selenium_Learning\src\main\resources
2026-01-07 09:09:44,311 [Worker-23: Building] INFO  o.a.m.s.f.DefaultMavenResourcesFiltering - skip non existing resourceDirectory C:\Users\Admin\Automation MWF 8-00 to 9-30\Selenium_Learning\src\test\resources
2026-01-07 09:12:52,946 [Worker-26: Building] INFO  o.a.m.s.f.DefaultMavenResourcesFiltering - skip non existing resourceDirectory C:\Users\Admin\Automation MWF 8-00 to 9-30\Selenium_Learning\src\main\resources
2026-01-07 09:12:52,948 [Worker-26: Building] INFO  o.a.m.s.f.DefaultMavenResourcesFiltering - skip non existing resourceDirectory C:\Users\Admin\Automation MWF 8-00 to 9-30\Selenium_Learning\src\test\resources
2026-01-09 08:24:01,367 [Worker-0: Loading available Gradle versions] INFO  o.e.b.c.i.u.g.PublishedGradleVersions - Gradle version information cache is up-to-date. Trying to read.
2026-01-09 08:32:49,726 [Worker-24: Building] INFO  o.a.m.s.f.DefaultMavenResourcesFiltering - skip non existing resourceDirectory C:\Users\Admin\Automation MWF 8-00 to 9-30\Selenium_Learning\src\main\resources
2026-01-09 08:32:49,736 [Worker-24: Building] INFO  o.a.m.s.f.DefaultMavenResourcesFiltering - skip non existing resourceDirectory C:\Users\Admin\Automation MWF 8-00 to 9-30\Selenium_Learning\src\test\resources
2026-01-09 08:33:17,873 [Worker-26: Building] INFO  o.a.m.s.f.DefaultMavenResourcesFiltering - skip non existing resourceDirectory C:\Users\Admin\Automation MWF 8-00 to 9-30\Selenium_Learning\src\main\resources
2026-01-09 08:33:17,875 [Worker-26: Building] INFO  o.a.m.s.f.DefaultMavenResourcesFiltering - skip non existing resourceDirectory C:\Users\Admin\Automation MWF 8-00 to 9-30\Selenium_Learning\src\test\resources
2026-01-09 08:33:18,987 [Worker-26: Building] INFO  o.a.m.s.f.DefaultMavenResourcesFiltering - skip non existing resourceDirectory C:\Users\Admin\Automation MWF 8-00 to 9-30\Selenium_Learning\src\main\resources
2026-01-09 08:33:18,989 [Worker-26: Building] INFO  o.a.m.s.f.DefaultMavenResourcesFiltering - skip non existing resourceDirectory C:\Users\Admin\Automation MWF 8-00 to 9-30\Selenium_Learning\src\test\resources
2026-01-09 08:33:37,349 [Worker-29: Building] INFO  o.a.m.s.f.DefaultMavenResourcesFiltering - skip non existing resourceDirectory C:\Users\Admin\Automation MWF 8-00 to 9-30\Selenium_Learning\src\main\resources
2026-01-09 08:33:37,352 [Worker-29: Building] INFO  o.a.m.s.f.DefaultMavenResourcesFiltering - skip non existing resourceDirectory C:\Users\Admin\Automation MWF 8-00 to 9-30\Selenium_Learning\src\test\resources
2026-01-09 08:34:00,999 [Worker-28: Building] INFO  o.a.m.s.f.DefaultMavenResourcesFiltering - skip non existing resourceDirectory C:\Users\Admin\Automation MWF 8-00 to 9-30\Selenium_Learning\src\main\resources
2026-01-09 08:34:01,003 [Worker-28: Building] INFO  o.a.m.s.f.DefaultMavenResourcesFiltering - skip non existing resourceDirectory C:\Users\Admin\Automation MWF 8-00 to 9-30\Selenium_Learning\src\test\resources
2026-01-09 08:35:56,717 [Worker-26: Building] INFO  o.a.m.s.f.DefaultMavenResourcesFiltering - skip non existing resourceDirectory C:\Users\Admin\Automation MWF 8-00 to 9-30\Selenium_Learning\src\main\resources
2026-01-09 08:35:56,720 [Worker-26: Building] INFO  o.a.m.s.f.DefaultMavenResourcesFiltering - skip non existing resourceDirectory C:\Users\Admin\Automation MWF 8-00 to 9-30\Selenium_Learning\src\test\resources
2026-01-09 08:39:50,631 [Worker-31: Building] INFO  o.a.m.s.f.DefaultMavenResourcesFiltering - skip non existing resourceDirectory C:\Users\Admin\Automation MWF 8-00 to 9-30\Selenium_Learning\src\main\resources
2026-01-09 08:39:50,633 [Worker-31: Building] INFO  o.a.m.s.f.DefaultMavenResourcesFiltering - skip non existing resourceDirectory C:\Users\Admin\Automation MWF 8-00 to 9-30\Selenium_Learning\src\test\resources
2026-01-09 08:40:10,267 [Worker-31: Building] INFO  o.a.m.s.f.DefaultMavenResourcesFiltering - skip non existing resourceDirectory C:\Users\Admin\Automation MWF 8-00 to 9-30\Selenium_Learning\src\main\resources
2026-01-09 08:40:10,269 [Worker-31: Building] INFO  o.a.m.s.f.DefaultMavenResourcesFiltering - skip non existing resourceDirectory C:\Users\Admin\Automation MWF 8-00 to 9-30\Selenium_Learning\src\test\resources
2026-01-09 08:40:11,557 [Worker-26: Building] INFO  o.a.m.s.f.DefaultMavenResourcesFiltering - skip non existing resourceDirectory C:\Users\Admin\Automation MWF 8-00 to 9-30\Selenium_Learning\src\main\resources
2026-01-09 08:40:11,559 [Worker-26: Building] INFO  o.a.m.s.f.DefaultMavenResourcesFiltering - skip non existing resourceDirectory C:\Users\Admin\Automation MWF 8-00 to 9-30\Selenium_Learning\src\test\resources
2026-01-09 08:41:05,951 [Worker-33: Building] INFO  o.a.m.s.f.DefaultMavenResourcesFiltering - skip non existing resourceDirectory C:\Users\Admin\Automation MWF 8-00 to 9-30\Selenium_Learning\src\main\resources
2026-01-09 08:41:05,953 [Worker-33: Building] INFO  o.a.m.s.f.DefaultMavenResourcesFiltering - skip non existing resourceDirectory C:\Users\Admin\Automation MWF 8-00 to 9-30\Selenium_Learning\src\test\resources
2026-01-09 08:41:18,341 [Worker-32: Building] INFO  o.a.m.s.f.DefaultMavenResourcesFiltering - skip non existing resourceDirectory C:\Users\Admin\Automation MWF 8-00 to 9-30\Selenium_Learning\src\main\resources
2026-01-09 08:41:18,343 [Worker-32: Building] INFO  o.a.m.s.f.DefaultMavenResourcesFiltering - skip non existing resourceDirectory C:\Users\Admin\Automation MWF 8-00 to 9-30\Selenium_Learning\src\test\resources
2026-01-09 08:42:22,335 [Worker-31: Building] INFO  o.a.m.s.f.DefaultMavenResourcesFiltering - skip non existing resourceDirectory C:\Users\Admin\Automation MWF 8-00 to 9-30\Selenium_Learning\src\main\resources
2026-01-09 08:42:22,337 [Worker-31: Building] INFO  o.a.m.s.f.DefaultMavenResourcesFiltering - skip non existing resourceDirectory C:\Users\Admin\Automation MWF 8-00 to 9-30\Selenium_Learning\src\test\resources
2026-01-09 08:42:24,613 [Worker-26: Building] INFO  o.a.m.s.f.DefaultMavenResourcesFiltering - skip non existing resourceDirectory C:\Users\Admin\Automation MWF 8-00 to 9-30\Selenium_Learning\src\main\resources
2026-01-09 08:42:24,615 [Worker-26: Building] INFO  o.a.m.s.f.DefaultMavenResourcesFiltering - skip non existing resourceDirectory C:\Users\Admin\Automation MWF 8-00 to 9-30\Selenium_Learning\src\test\resources
2026-01-09 08:42:32,043 [Worker-33: Building] INFO  o.a.m.s.f.DefaultMavenResourcesFiltering - skip non existing resourceDirectory C:\Users\Admin\Automation MWF 8-00 to 9-30\Selenium_Learning\src\main\resources
2026-01-09 08:42:32,044 [Worker-33: Building] INFO  o.a.m.s.f.DefaultMavenResourcesFiltering - skip non existing resourceDirectory C:\Users\Admin\Automation MWF 8-00 to 9-30\Selenium_Learning\src\test\resources
2026-01-09 08:43:54,277 [Worker-30: Building] INFO  o.a.m.s.f.DefaultMavenResourcesFiltering - skip non existing resourceDirectory C:\Users\Admin\Automation MWF 8-00 to 9-30\Selenium_Learning\src\main\resources
2026-01-09 08:43:54,278 [Worker-30: Building] INFO  o.a.m.s.f.DefaultMavenResourcesFiltering - skip non existing resourceDirectory C:\Users\Admin\Automation MWF 8-00 to 9-30\Selenium_Learning\src\test\resources
2026-01-12 08:29:30,398 [Worker-5: Loading available Gradle versions] INFO  o.e.b.c.i.u.g.PublishedGradleVersions - Gradle version information cache is out-of-date. Trying to update.
2026-01-12 08:31:30,633 [Worker-0: Building] INFO  o.a.m.s.f.DefaultMavenResourcesFiltering - skip non existing resourceDirectory C:\Users\Admin\Automation MWF 8-00 to 9-30\Selenium_Learning\src\main\resources
2026-01-12 08:31:30,637 [Worker-0: Building] INFO  o.a.m.s.f.DefaultMavenResourcesFiltering - skip non existing resourceDirectory C:\Users\Admin\Automation MWF 8-00 to 9-30\Selenium_Learning\src\test\resources
2026-01-12 08:31:32,139 [Worker-9: Building] INFO  o.a.m.s.f.DefaultMavenResourcesFiltering - skip non existing resourceDirectory C:\Users\Admin\Automation MWF 8-00 to 9-30\Selenium_Learning\src\main\resources
2026-01-12 08:31:32,141 [Worker-9: Building] INFO  o.a.m.s.f.DefaultMavenResourcesFiltering - skip non existing resourceDirectory C:\Users\Admin\Automation MWF 8-00 to 9-30\Selenium_Learning\src\test\resources
2026-01-12 08:33:08,581 [Worker-9: Building] INFO  o.a.m.s.f.DefaultMavenResourcesFiltering - skip non existing resourceDirectory C:\Users\Admin\Automation MWF 8-00 to 9-30\Selenium_Learning\src\main\resources
2026-01-12 08:33:08,584 [Worker-9: Building] INFO  o.a.m.s.f.DefaultMavenResourcesFiltering - skip non existing resourceDirectory C:\Users\Admin\Automation MWF 8-00 to 9-30\Selenium_Learning\src\test\resources
2026-01-12 08:33:47,597 [Worker-22: Building] INFO  o.a.m.s.f.DefaultMavenResourcesFiltering - skip non existing resourceDirectory C:\Users\Admin\Automation MWF 8-00 to 9-30\Selenium_Learning\src\main\resources
2026-01-12 08:33:47,600 [Worker-22: Building] INFO  o.a.m.s.f.DefaultMavenResourcesFiltering - skip non existing resourceDirectory C:\Users\Admin\Automation MWF 8-00 to 9-30\Selenium_Learning\src\test\resources
2026-01-12 08:34:58,191 [Worker-4: Building] INFO  o.a.m.s.f.DefaultMavenResourcesFiltering - skip non existing resourceDirectory C:\Users\Admin\Automation MWF 8-00 to 9-30\Selenium_Learning\src\main\resources
2026-01-12 08:34:58,193 [Worker-4: Building] INFO  o.a.m.s.f.DefaultMavenResourcesFiltering - skip non existing resourceDirectory C:\Users\Admin\Automation MWF 8-00 to 9-30\Selenium_Learning\src\test\resources
2026-01-12 08:36:04,209 [Worker-9: Building] INFO  o.a.m.s.f.DefaultMavenResourcesFiltering - skip non existing resourceDirectory C:\Users\Admin\Automation MWF 8-00 to 9-30\Selenium_Learning\src\main\resources
2026-01-12 08:36:04,212 [Worker-9: Building] INFO  o.a.m.s.f.DefaultMavenResourcesFiltering - skip non existing resourceDirectory C:\Users\Admin\Automation MWF 8-00 to 9-30\Selenium_Learning\src\test\resources
2026-01-12 08:36:05,308 [Worker-17: Building] INFO  o.a.m.s.f.DefaultMavenResourcesFiltering - skip non existing resourceDirectory C:\Users\Admin\Automation MWF 8-00 to 9-30\Selenium_Learning\src\main\resources
2026-01-12 08:36:05,310 [Worker-17: Building] INFO  o.a.m.s.f.DefaultMavenResourcesFiltering - skip non existing resourceDirectory C:\Users\Admin\Automation MWF 8-00 to 9-30\Selenium_Learning\src\test\resources
2026-01-12 08:36:49,265 [Worker-0: Building] INFO  o.a.m.s.f.DefaultMavenResourcesFiltering - skip non existing resourceDirectory C:\Users\Admin\Automation MWF 8-00 to 9-30\Selenium_Learning\src\main\resources
2026-01-12 08:36:49,267 [Worker-0: Building] INFO  o.a.m.s.f.DefaultMavenResourcesFiltering - skip non existing resourceDirectory C:\Users\Admin\Automation MWF 8-00 to 9-30\Selenium_Learning\src\test\resources
2026-01-12 08:37:48,935 [Worker-22: Building] INFO  o.a.m.s.f.DefaultMavenResourcesFiltering - skip non existing resourceDirectory C:\Users\Admin\Automation MWF 8-00 to 9-30\Selenium_Learning\src\main\resources
2026-01-12 08:37:48,938 [Worker-22: Building] INFO  o.a.m.s.f.DefaultMavenResourcesFiltering - skip non existing resourceDirectory C:\Users\Admin\Automation MWF 8-00 to 9-30\Selenium_Learning\src\test\resources
2026-01-12 08:38:35,356 [Worker-24: Building] INFO  o.a.m.s.f.DefaultMavenResourcesFiltering - skip non existing resourceDirectory C:\Users\Admin\Automation MWF 8-00 to 9-30\Selenium_Learning\src\main\resources
2026-01-12 08:38:35,358 [Worker-24: Building] INFO  o.a.m.s.f.DefaultMavenResourcesFiltering - skip non existing resourceDirectory C:\Users\Admin\Automation MWF 8-00 to 9-30\Selenium_Learning\src\test\resources
2026-01-12 08:38:45,566 [Worker-24: Building] INFO  o.a.m.s.f.DefaultMavenResourcesFiltering - skip non existing resourceDirectory C:\Users\Admin\Automation MWF 8-00 to 9-30\Selenium_Learning\src\main\resources
2026-01-12 08:38:45,569 [Worker-24: Building] INFO  o.a.m.s.f.DefaultMavenResourcesFiltering - skip non existing resourceDirectory C:\Users\Admin\Automation MWF 8-00 to 9-30\Selenium_Learning\src\test\resources
2026-01-12 08:39:56,172 [Worker-5: Building] INFO  o.a.m.s.f.DefaultMavenResourcesFiltering - skip non existing resourceDirectory C:\Users\Admin\Automation MWF 8-00 to 9-30\Selenium_Learning\src\main\resources
2026-01-12 08:39:56,174 [Worker-5: Building] INFO  o.a.m.s.f.DefaultMavenResourcesFiltering - skip non existing resourceDirectory C:\Users\Admin\Automation MWF 8-00 to 9-30\Selenium_Learning\src\test\resources
2026-01-12 08:40:25,861 [Worker-23: Building] INFO  o.a.m.s.f.DefaultMavenResourcesFiltering - skip non existing resourceDirectory C:\Users\Admin\Automation MWF 8-00 to 9-30\Selenium_Learning\src\main\resources
2026-01-12 08:40:25,863 [Worker-23: Building] INFO  o.a.m.s.f.DefaultMavenResourcesFiltering - skip non existing resourceDirectory C:\Users\Admin\Automation MWF 8-00 to 9-30\Selenium_Learning\src\test\resources
2026-01-12 08:40:44,826 [Worker-23: Building] INFO  o.a.m.s.f.DefaultMavenResourcesFiltering - skip non existing resourceDirectory C:\Users\Admin\Automation MWF 8-00 to 9-30\Selenium_Learning\src\main\resources
2026-01-12 08:40:44,828 [Worker-23: Building] INFO  o.a.m.s.f.DefaultMavenResourcesFiltering - skip non existing resourceDirectory C:\Users\Admin\Automation MWF 8-00 to 9-30\Selenium_Learning\src\test\resources
2026-01-12 08:40:57,397 [Worker-15: Building] INFO  o.a.m.s.f.DefaultMavenResourcesFiltering - skip non existing resourceDirectory C:\Users\Admin\Automation MWF 8-00 to 9-30\Selenium_Learning\src\main\resources
2026-01-12 08:40:57,399 [Worker-15: Building] INFO  o.a.m.s.f.DefaultMavenResourcesFiltering - skip non existing resourceDirectory C:\Users\Admin\Automation MWF 8-00 to 9-30\Selenium_Learning\src\test\resources
2026-01-12 08:49:59,303 [Worker-29: Building] INFO  o.a.m.s.f.DefaultMavenResourcesFiltering - skip non existing resourceDirectory C:\Users\Admin\Automation MWF 8-00 to 9-30\Selenium_Learning\src\main\resources
2026-01-12 08:49:59,307 [Worker-29: Building] INFO  o.a.m.s.f.DefaultMavenResourcesFiltering - skip non existing resourceDirectory C:\Users\Admin\Automation MWF 8-00 to 9-30\Selenium_Learning\src\test\resources
2026-01-12 08:50:03,247 [Worker-30: Building] INFO  o.a.m.s.f.DefaultMavenResourcesFiltering - skip non existing resourceDirectory C:\Users\Admin\Automation MWF 8-00 to 9-30\Selenium_Learning\src\main\resources
2026-01-12 08:50:03,250 [Worker-30: Building] INFO  o.a.m.s.f.DefaultMavenResourcesFiltering - skip non existing resourceDirectory C:\Users\Admin\Automation MWF 8-00 to 9-30\Selenium_Learning\src\test\resources
2026-01-12 08:51:17,676 [Worker-30: Building] INFO  o.a.m.s.f.DefaultMavenResourcesFiltering - skip non existing resourceDirectory C:\Users\Admin\Automation MWF 8-00 to 9-30\Selenium_Learning\src\main\resources
2026-01-12 08:51:17,679 [Worker-30: Building] INFO  o.a.m.s.f.DefaultMavenResourcesFiltering - skip non existing resourceDirectory C:\Users\Admin\Automation MWF 8-00 to 9-30\Selenium_Learning\src\test\resources
2026-01-12 08:51:19,488 [Worker-30: Building] INFO  o.a.m.s.f.DefaultMavenResourcesFiltering - skip non existing resourceDirectory C:\Users\Admin\Automation MWF 8-00 to 9-30\Selenium_Learning\src\main\resources
2026-01-12 08:51:19,490 [Worker-30: Building] INFO  o.a.m.s.f.DefaultMavenResourcesFiltering - skip non existing resourceDirectory C:\Users\Admin\Automation MWF 8-00 to 9-30\Selenium_Learning\src\test\resources
2026-01-12 08:51:24,987 [Worker-31: Building] INFO  o.a.m.s.f.DefaultMavenResourcesFiltering - skip non existing resourceDirectory C:\Users\Admin\Automation MWF 8-00 to 9-30\Selenium_Learning\src\main\resources
2026-01-12 08:51:24,989 [Worker-31: Building] INFO  o.a.m.s.f.DefaultMavenResourcesFiltering - skip non existing resourceDirectory C:\Users\Admin\Automation MWF 8-00 to 9-30\Selenium_Learning\src\test\resources
2026-01-12 08:51:46,417 [Worker-9: Building] INFO  o.a.m.s.f.DefaultMavenResourcesFiltering - skip non existing resourceDirectory C:\Users\Admin\Automation MWF 8-00 to 9-30\Selenium_Learning\src\main\resources
2026-01-12 08:51:46,419 [Worker-9: Building] INFO  o.a.m.s.f.DefaultMavenResourcesFiltering - skip non existing resourceDirectory C:\Users\Admin\Automation MWF 8-00 to 9-30\Selenium_Learning\src\test\resources
2026-01-12 08:51:47,455 [Worker-30: Building] INFO  o.a.m.s.f.DefaultMavenResourcesFiltering - skip non existing resourceDirectory C:\Users\Admin\Automation MWF 8-00 to 9-30\Selenium_Learning\src\main\resources
2026-01-12 08:51:47,457 [Worker-30: Building] INFO  o.a.m.s.f.DefaultMavenResourcesFiltering - skip non existing resourceDirectory C:\Users\Admin\Automation MWF 8-00 to 9-30\Selenium_Learning\src\test\resources
2026-01-12 08:51:48,585 [Worker-23: Building] INFO  o.a.m.s.f.DefaultMavenResourcesFiltering - skip non existing resourceDirectory C:\Users\Admin\Automation MWF 8-00 to 9-30\Selenium_Learning\src\main\resources
2026-01-12 08:51:48,589 [Worker-23: Building] INFO  o.a.m.s.f.DefaultMavenResourcesFiltering - skip non existing resourceDirectory C:\Users\Admin\Automation MWF 8-00 to 9-30\Selenium_Learning\src\test\resources
2026-01-12 08:52:00,341 [Worker-9: Building] INFO  o.a.m.s.f.DefaultMavenResourcesFiltering - skip non existing resourceDirectory C:\Users\Admin\Automation MWF 8-00 to 9-30\Selenium_Learning\src\main\resources
2026-01-12 08:52:00,343 [Worker-9: Building] INFO  o.a.m.s.f.DefaultMavenResourcesFiltering - skip non existing resourceDirectory C:\Users\Admin\Automation MWF 8-00 to 9-30\Selenium_Learning\src\test\resources
2026-01-12 08:53:03,469 [Worker-29: Building] INFO  o.a.m.s.f.DefaultMavenResourcesFiltering - skip non existing resourceDirectory C:\Users\Admin\Automation MWF 8-00 to 9-30\Selenium_Learning\src\main\resources
2026-01-12 08:53:03,472 [Worker-29: Building] INFO  o.a.m.s.f.DefaultMavenResourcesFiltering - skip non existing resourceDirectory C:\Users\Admin\Automation MWF 8-00 to 9-30\Selenium_Learning\src\test\resources
2026-01-12 08:53:53,358 [Worker-31: Building] INFO  o.a.m.s.f.DefaultMavenResourcesFiltering - skip non existing resourceDirectory C:\Users\Admin\Automation MWF 8-00 to 9-30\Selenium_Learning\src\main\resources
2026-01-12 08:53:53,360 [Worker-31: Building] INFO  o.a.m.s.f.DefaultMavenResourcesFiltering - skip non existing resourceDirectory C:\Users\Admin\Automation MWF 8-00 to 9-30\Selenium_Learning\src\test\resources
2026-01-12 08:54:36,494 [Worker-9: Building] INFO  o.a.m.s.f.DefaultMavenResourcesFiltering - skip non existing resourceDirectory C:\Users\Admin\Automation MWF 8-00 to 9-30\Selenium_Learning\src\main\resources
2026-01-12 08:54:36,496 [Worker-9: Building] INFO  o.a.m.s.f.DefaultMavenResourcesFiltering - skip non existing resourceDirectory C:\Users\Admin\Automation MWF 8-00 to 9-30\Selenium_Learning\src\test\resources
2026-01-12 08:54:44,400 [Worker-31: Building] INFO  o.a.m.s.f.DefaultMavenResourcesFiltering - skip non existing resourceDirectory C:\Users\Admin\Automation MWF 8-00 to 9-30\Selenium_Learning\src\main\resources
2026-01-12 08:54:44,402 [Worker-31: Building] INFO  o.a.m.s.f.DefaultMavenResourcesFiltering - skip non existing resourceDirectory C:\Users\Admin\Automation MWF 8-00 to 9-30\Selenium_Learning\src\test\resources
2026-01-12 08:55:20,104 [Worker-23: Building] INFO  o.a.m.s.f.DefaultMavenResourcesFiltering - skip non existing resourceDirectory C:\Users\Admin\Automation MWF 8-00 to 9-30\Selenium_Learning\src\main\resources
2026-01-12 08:55:20,106 [Worker-23: Building] INFO  o.a.m.s.f.DefaultMavenResourcesFiltering - skip non existing resourceDirectory C:\Users\Admin\Automation MWF 8-00 to 9-30\Selenium_Learning\src\test\resources
2026-01-12 08:55:45,510 [Worker-23: Building] INFO  o.a.m.s.f.DefaultMavenResourcesFiltering - skip non existing resourceDirectory C:\Users\Admin\Automation MWF 8-00 to 9-30\Selenium_Learning\src\main\resources
2026-01-12 08:55:45,512 [Worker-23: Building] INFO  o.a.m.s.f.DefaultMavenResourcesFiltering - skip non existing resourceDirectory C:\Users\Admin\Automation MWF 8-00 to 9-30\Selenium_Learning\src\test\resources
2026-01-12 08:55:56,818 [Worker-29: Building] INFO  o.a.m.s.f.DefaultMavenResourcesFiltering - skip non existing resourceDirectory C:\Users\Admin\Automation MWF 8-00 to 9-30\Selenium_Learning\src\main\resources
2026-01-12 08:55:56,820 [Worker-29: Building] INFO  o.a.m.s.f.DefaultMavenResourcesFiltering - skip non existing resourceDirectory C:\Users\Admin\Automation MWF 8-00 to 9-30\Selenium_Learning\src\test\resources
2026-01-12 08:56:10,453 [Worker-32: Building] INFO  o.a.m.s.f.DefaultMavenResourcesFiltering - skip non existing resourceDirectory C:\Users\Admin\Automation MWF 8-00 to 9-30\Selenium_Learning\src\main\resources
2026-01-12 08:56:10,455 [Worker-32: Building] INFO  o.a.m.s.f.DefaultMavenResourcesFiltering - skip non existing resourceDirectory C:\Users\Admin\Automation MWF 8-00 to 9-30\Selenium_Learning\src\test\resources
2026-01-12 08:56:27,523 [Worker-9: Building] INFO  o.a.m.s.f.DefaultMavenResourcesFiltering - skip non existing resourceDirectory C:\Users\Admin\Automation MWF 8-00 to 9-30\Selenium_Learning\src\main\resources
2026-01-12 08:56:27,525 [Worker-9: Building] INFO  o.a.m.s.f.DefaultMavenResourcesFiltering - skip non existing resourceDirectory C:\Users\Admin\Automation MWF 8-00 to 9-30\Selenium_Learning\src\test\resources
2026-01-12 08:56:33,907 [Worker-29: Building] INFO  o.a.m.s.f.DefaultMavenResourcesFiltering - skip non existing resourceDirectory C:\Users\Admin\Automation MWF 8-00 to 9-30\Selenium_Learning\src\main\resources
2026-01-12 08:56:33,908 [Worker-29: Building] INFO  o.a.m.s.f.DefaultMavenResourcesFiltering - skip non existing resourceDirectory C:\Users\Admin\Automation MWF 8-00 to 9-30\Selenium_Learning\src\test\resources
2026-01-12 08:56:42,886 [Worker-31: Building] INFO  o.a.m.s.f.DefaultMavenResourcesFiltering - skip non existing resourceDirectory C:\Users\Admin\Automation MWF 8-00 to 9-30\Selenium_Learning\src\main\resources
2026-01-12 08:56:42,888 [Worker-31: Building] INFO  o.a.m.s.f.DefaultMavenResourcesFiltering - skip non existing resourceDirectory C:\Users\Admin\Automation MWF 8-00 to 9-30\Selenium_Learning\src\test\resources
2026-01-12 09:03:48,378 [Worker-34: Building] INFO  o.a.m.s.f.DefaultMavenResourcesFiltering - skip non existing resourceDirectory C:\Users\Admin\Automation MWF 8-00 to 9-30\Selenium_Learning\src\main\resources
2026-01-12 09:03:48,380 [Worker-34: Building] INFO  o.a.m.s.f.DefaultMavenResourcesFiltering - skip non existing resourceDirectory C:\Users\Admin\Automation MWF 8-00 to 9-30\Selenium_Learning\src\test\resources
2026-01-12 09:03:49,456 [Worker-35: Building] INFO  o.a.m.s.f.DefaultMavenResourcesFiltering - skip non existing resourceDirectory C:\Users\Admin\Automation MWF 8-00 to 9-30\Selenium_Learning\src\main\resources
2026-01-12 09:03:49,457 [Worker-35: Building] INFO  o.a.m.s.f.DefaultMavenResourcesFiltering - skip non existing resourceDirectory C:\Users\Admin\Automation MWF 8-00 to 9-30\Selenium_Learning\src\test\resources
2026-01-12 09:04:09,369 [Worker-36: Building] INFO  o.a.m.s.f.DefaultMavenResourcesFiltering - skip non existing resourceDirectory C:\Users\Admin\Automation MWF 8-00 to 9-30\Selenium_Learning\src\main\resources
2026-01-12 09:04:09,371 [Worker-36: Building] INFO  o.a.m.s.f.DefaultMavenResourcesFiltering - skip non existing resourceDirectory C:\Users\Admin\Automation MWF 8-00 to 9-30\Selenium_Learning\src\test\resources
2026-01-12 09:05:20,791 [Worker-36: Building] INFO  o.a.m.s.f.DefaultMavenResourcesFiltering - skip non existing resourceDirectory C:\Users\Admin\Automation MWF 8-00 to 9-30\Selenium_Learning\src\main\resources
2026-01-12 09:05:20,793 [Worker-36: Building] INFO  o.a.m.s.f.DefaultMavenResourcesFiltering - skip non existing resourceDirectory C:\Users\Admin\Automation MWF 8-00 to 9-30\Selenium_Learning\src\test\resources
2026-01-12 09:05:43,653 [Worker-35: Building] INFO  o.a.m.s.f.DefaultMavenResourcesFiltering - skip non existing resourceDirectory C:\Users\Admin\Automation MWF 8-00 to 9-30\Selenium_Learning\src\main\resources
2026-01-12 09:05:43,654 [Worker-35: Building] INFO  o.a.m.s.f.DefaultMavenResourcesFiltering - skip non existing resourceDirectory C:\Users\Admin\Automation MWF 8-00 to 9-30\Selenium_Learning\src\test\resources
2026-01-12 09:06:25,042 [Worker-35: Building] INFO  o.a.m.s.f.DefaultMavenResourcesFiltering - skip non existing resourceDirectory C:\Users\Admin\Automation MWF 8-00 to 9-30\Selenium_Learning\src\main\resources
2026-01-12 09:06:25,044 [Worker-35: Building] INFO  o.a.m.s.f.DefaultMavenResourcesFiltering - skip non existing resourceDirectory C:\Users\Admin\Automation MWF 8-00 to 9-30\Selenium_Learning\src\test\resources
2026-01-12 09:07:31,006 [Worker-34: Building] INFO  o.a.m.s.f.DefaultMavenResourcesFiltering - skip non existing resourceDirectory C:\Users\Admin\Automation MWF 8-00 to 9-30\Selenium_Learning\src\main\resources
2026-01-12 09:07:31,008 [Worker-34: Building] INFO  o.a.m.s.f.DefaultMavenResourcesFiltering - skip non existing resourceDirectory C:\Users\Admin\Automation MWF 8-00 to 9-30\Selenium_Learning\src\test\resources
2026-01-16 08:31:22,971 [Worker-5: Loading available Gradle versions] INFO  o.e.b.c.i.u.g.PublishedGradleVersions - Gradle version information cache is out-of-date. Trying to update.
2026-01-16 08:33:21,917 [Worker-16: Building] INFO  o.a.m.s.f.DefaultMavenResourcesFiltering - skip non existing resourceDirectory C:\Users\Admin\Automation MWF 8-00 to 9-30\Selenium_Learning\src\main\resources
2026-01-16 08:33:21,925 [Worker-16: Building] INFO  o.a.m.s.f.DefaultMavenResourcesFiltering - skip non existing resourceDirectory C:\Users\Admin\Automation MWF 8-00 to 9-30\Selenium_Learning\src\test\resources
2026-01-16 08:33:27,117 [Worker-22: Building] INFO  o.a.m.s.f.DefaultMavenResourcesFiltering - skip non existing resourceDirectory C:\Users\Admin\Automation MWF 8-00 to 9-30\Selenium_Learning\src\main\resources
2026-01-16 08:33:27,120 [Worker-22: Building] INFO  o.a.m.s.f.DefaultMavenResourcesFiltering - skip non existing resourceDirectory C:\Users\Admin\Automation MWF 8-00 to 9-30\Selenium_Learning\src\test\resources
2026-01-16 08:33:41,353 [Worker-0: Building] INFO  o.a.m.s.f.DefaultMavenResourcesFiltering - skip non existing resourceDirectory C:\Users\Admin\Automation MWF 8-00 to 9-30\Selenium_Learning\src\main\resources
2026-01-16 08:33:41,355 [Worker-0: Building] INFO  o.a.m.s.f.DefaultMavenResourcesFiltering - skip non existing resourceDirectory C:\Users\Admin\Automation MWF 8-00 to 9-30\Selenium_Learning\src\test\resources
2026-01-16 08:34:11,035 [Worker-16: Building] INFO  o.a.m.s.f.DefaultMavenResourcesFiltering - skip non existing resourceDirectory C:\Users\Admin\Automation MWF 8-00 to 9-30\Selenium_Learning\src\main\resources
2026-01-16 08:34:11,037 [Worker-16: Building] INFO  o.a.m.s.f.DefaultMavenResourcesFiltering - skip non existing resourceDirectory C:\Users\Admin\Automation MWF 8-00 to 9-30\Selenium_Learning\src\test\resources
2026-01-16 08:36:03,223 [Worker-8: Building] INFO  o.a.m.s.f.DefaultMavenResourcesFiltering - skip non existing resourceDirectory C:\Users\Admin\Automation MWF 8-00 to 9-30\Selenium_Learning\src\main\resources
2026-01-16 08:36:03,226 [Worker-8: Building] INFO  o.a.m.s.f.DefaultMavenResourcesFiltering - skip non existing resourceDirectory C:\Users\Admin\Automation MWF 8-00 to 9-30\Selenium_Learning\src\test\resources
2026-01-16 08:36:04,571 [Worker-25: Building] INFO  o.a.m.s.f.DefaultMavenResourcesFiltering - skip non existing resourceDirectory C:\Users\Admin\Automation MWF 8-00 to 9-30\Selenium_Learning\src\main\resources
2026-01-16 08:36:04,574 [Worker-25: Building] INFO  o.a.m.s.f.DefaultMavenResourcesFiltering - skip non existing resourceDirectory C:\Users\Admin\Automation MWF 8-00 to 9-30\Selenium_Learning\src\test\resources
2026-01-16 08:40:38,489 [Worker-27: Building] INFO  o.a.m.s.f.DefaultMavenResourcesFiltering - skip non existing resourceDirectory C:\Users\Admin\Automation MWF 8-00 to 9-30\Selenium_Learning\src\main\resources
2026-01-16 08:40:38,491 [Worker-27: Building] INFO  o.a.m.s.f.DefaultMavenResourcesFiltering - skip non existing resourceDirectory C:\Users\Admin\Automation MWF 8-00 to 9-30\Selenium_Learning\src\test\resources
2026-01-16 08:40:39,733 [Worker-22: Building] INFO  o.a.m.s.f.DefaultMavenResourcesFiltering - skip non existing resourceDirectory C:\Users\Admin\Automation MWF 8-00 to 9-30\Selenium_Learning\src\main\resources
2026-01-16 08:40:39,735 [Worker-22: Building] INFO  o.a.m.s.f.DefaultMavenResourcesFiltering - skip non existing resourceDirectory C:\Users\Admin\Automation MWF 8-00 to 9-30\Selenium_Learning\src\test\resources
2026-01-16 08:42:07,376 [Worker-26: Building] INFO  o.a.m.s.f.DefaultMavenResourcesFiltering - skip non existing resourceDirectory C:\Users\Admin\Automation MWF 8-00 to 9-30\Selenium_Learning\src\main\resources
2026-01-16 08:42:07,378 [Worker-26: Building] INFO  o.a.m.s.f.DefaultMavenResourcesFiltering - skip non existing resourceDirectory C:\Users\Admin\Automation MWF 8-00 to 9-30\Selenium_Learning\src\test\resources
2026-01-16 08:42:14,573 [Worker-21: Building] INFO  o.a.m.s.f.DefaultMavenResourcesFiltering - skip non existing resourceDirectory C:\Users\Admin\Automation MWF 8-00 to 9-30\Selenium_Learning\src\main\resources
2026-01-16 08:42:14,576 [Worker-21: Building] INFO  o.a.m.s.f.DefaultMavenResourcesFiltering - skip non existing resourceDirectory C:\Users\Admin\Automation MWF 8-00 to 9-30\Selenium_Learning\src\test\resources
2026-01-16 08:42:42,716 [Worker-26: Building] INFO  o.a.m.s.f.DefaultMavenResourcesFiltering - skip non existing resourceDirectory C:\Users\Admin\Automation MWF 8-00 to 9-30\Selenium_Learning\src\main\resources
2026-01-16 08:42:42,718 [Worker-26: Building] INFO  o.a.m.s.f.DefaultMavenResourcesFiltering - skip non existing resourceDirectory C:\Users\Admin\Automation MWF 8-00 to 9-30\Selenium_Learning\src\test\resources
2026-01-16 08:42:55,715 [Worker-26: Building] INFO  o.a.m.s.f.DefaultMavenResourcesFiltering - skip non existing resourceDirectory C:\Users\Admin\Automation MWF 8-00 to 9-30\Selenium_Learning\src\main\resources
2026-01-16 08:42:55,717 [Worker-26: Building] INFO  o.a.m.s.f.DefaultMavenResourcesFiltering - skip non existing resourceDirectory C:\Users\Admin\Automation MWF 8-00 to 9-30\Selenium_Learning\src\test\resources
2026-01-16 08:44:55,554 [Worker-22: Building] INFO  o.a.m.s.f.DefaultMavenResourcesFiltering - skip non existing resourceDirectory C:\Users\Admin\Automation MWF 8-00 to 9-30\Selenium_Learning\src\main\resources
2026-01-16 08:44:55,556 [Worker-22: Building] INFO  o.a.m.s.f.DefaultMavenResourcesFiltering - skip non existing resourceDirectory C:\Users\Admin\Automation MWF 8-00 to 9-30\Selenium_Learning\src\test\resources
2026-01-16 08:45:39,659 [Worker-21: Building] INFO  o.a.m.s.f.DefaultMavenResourcesFiltering - skip non existing resourceDirectory C:\Users\Admin\Automation MWF 8-00 to 9-30\Selenium_Learning\src\main\resources
2026-01-16 08:45:39,660 [Worker-21: Building] INFO  o.a.m.s.f.DefaultMavenResourcesFiltering - skip non existing resourceDirectory C:\Users\Admin\Automation MWF 8-00 to 9-30\Selenium_Learning\src\test\resources
2026-01-16 08:48:42,890 [Worker-32: Building] INFO  o.a.m.s.f.DefaultMavenResourcesFiltering - skip non existing resourceDirectory C:\Users\Admin\Automation MWF 8-00 to 9-30\Selenium_Learning\src\main\resources
2026-01-16 08:48:42,893 [Worker-32: Building] INFO  o.a.m.s.f.DefaultMavenResourcesFiltering - skip non existing resourceDirectory C:\Users\Admin\Automation MWF 8-00 to 9-30\Selenium_Learning\src\test\resources
2026-01-16 08:49:41,788 [Worker-31: Building] INFO  o.a.m.s.f.DefaultMavenResourcesFiltering - skip non existing resourceDirectory C:\Users\Admin\Automation MWF 8-00 to 9-30\Selenium_Learning\src\main\resources
2026-01-16 08:49:41,789 [Worker-31: Building] INFO  o.a.m.s.f.DefaultMavenResourcesFiltering - skip non existing resourceDirectory C:\Users\Admin\Automation MWF 8-00 to 9-30\Selenium_Learning\src\test\resources
2026-01-16 08:51:38,625 [Worker-26: Building] INFO  o.a.m.s.f.DefaultMavenResourcesFiltering - skip non existing resourceDirectory C:\Users\Admin\Automation MWF 8-00 to 9-30\Selenium_Learning\src\main\resources
2026-01-16 08:51:38,628 [Worker-26: Building] INFO  o.a.m.s.f.DefaultMavenResourcesFiltering - skip non existing resourceDirectory C:\Users\Admin\Automation MWF 8-00 to 9-30\Selenium_Learning\src\test\resources
2026-01-16 08:51:44,065 [Worker-32: Building] INFO  o.a.m.s.f.DefaultMavenResourcesFiltering - skip non existing resourceDirectory C:\Users\Admin\Automation MWF 8-00 to 9-30\Selenium_Learning\src\main\resources
2026-01-16 08:51:44,067 [Worker-32: Building] INFO  o.a.m.s.f.DefaultMavenResourcesFiltering - skip non existing resourceDirectory C:\Users\Admin\Automation MWF 8-00 to 9-30\Selenium_Learning\src\test\resources
2026-01-16 08:51:52,217 [Worker-28: Building] INFO  o.a.m.s.f.DefaultMavenResourcesFiltering - skip non existing resourceDirectory C:\Users\Admin\Automation MWF 8-00 to 9-30\Selenium_Learning\src\main\resources
2026-01-16 08:51:52,219 [Worker-28: Building] INFO  o.a.m.s.f.DefaultMavenResourcesFiltering - skip non existing resourceDirectory C:\Users\Admin\Automation MWF 8-00 to 9-30\Selenium_Learning\src\test\resources
2026-01-16 08:55:11,566 [Worker-26: Building] INFO  o.a.m.s.f.DefaultMavenResourcesFiltering - skip non existing resourceDirectory C:\Users\Admin\Automation MWF 8-00 to 9-30\Selenium_Learning\src\main\resources
2026-01-16 08:55:11,568 [Worker-26: Building] INFO  o.a.m.s.f.DefaultMavenResourcesFiltering - skip non existing resourceDirectory C:\Users\Admin\Automation MWF 8-00 to 9-30\Selenium_Learning\src\test\resources
2026-01-16 08:55:13,145 [Worker-26: Building] INFO  o.a.m.s.f.DefaultMavenResourcesFiltering - skip non existing resourceDirectory C:\Users\Admin\Automation MWF 8-00 to 9-30\Selenium_Learning\src\main\resources
2026-01-16 08:55:13,146 [Worker-26: Building] INFO  o.a.m.s.f.DefaultMavenResourcesFiltering - skip non existing resourceDirectory C:\Users\Admin\Automation MWF 8-00 to 9-30\Selenium_Learning\src\test\resources
2026-01-16 08:55:18,062 [Worker-33: Building] INFO  o.a.m.s.f.DefaultMavenResourcesFiltering - skip non existing resourceDirectory C:\Users\Admin\Automation MWF 8-00 to 9-30\Selenium_Learning\src\main\resources
2026-01-16 08:55:18,065 [Worker-33: Building] INFO  o.a.m.s.f.DefaultMavenResourcesFiltering - skip non existing resourceDirectory C:\Users\Admin\Automation MWF 8-00 to 9-30\Selenium_Learning\src\test\resources
2026-01-16 08:56:16,335 [Worker-33: Building] INFO  o.a.m.s.f.DefaultMavenResourcesFiltering - skip non existing resourceDirectory C:\Users\Admin\Automation MWF 8-00 to 9-30\Selenium_Learning\src\main\resources
2026-01-16 08:56:16,339 [Worker-33: Building] INFO  o.a.m.s.f.DefaultMavenResourcesFiltering - skip non existing resourceDirectory C:\Users\Admin\Automation MWF 8-00 to 9-30\Selenium_Learning\src\test\resources
2026-01-16 08:56:19,307 [Worker-35: Building] INFO  o.a.m.s.f.DefaultMavenResourcesFiltering - skip non existing resourceDirectory C:\Users\Admin\Automation MWF 8-00 to 9-30\Selenium_Learning\src\main\resources
2026-01-16 08:56:19,308 [Worker-35: Building] INFO  o.a.m.s.f.DefaultMavenResourcesFiltering - skip non existing resourceDirectory C:\Users\Admin\Automation MWF 8-00 to 9-30\Selenium_Learning\src\test\resources
2026-01-16 08:57:17,144 [Worker-35: Building] INFO  o.a.m.s.f.DefaultMavenResourcesFiltering - skip non existing resourceDirectory C:\Users\Admin\Automation MWF 8-00 to 9-30\Selenium_Learning\src\main\resources
2026-01-16 08:57:17,146 [Worker-35: Building] INFO  o.a.m.s.f.DefaultMavenResourcesFiltering - skip non existing resourceDirectory C:\Users\Admin\Automation MWF 8-00 to 9-30\Selenium_Learning\src\test\resources
2026-01-16 08:57:43,435 [Worker-33: Building] INFO  o.a.m.s.f.DefaultMavenResourcesFiltering - skip non existing resourceDirectory C:\Users\Admin\Automation MWF 8-00 to 9-30\Selenium_Learning\src\main\resources
2026-01-16 08:57:43,436 [Worker-33: Building] INFO  o.a.m.s.f.DefaultMavenResourcesFiltering - skip non existing resourceDirectory C:\Users\Admin\Automation MWF 8-00 to 9-30\Selenium_Learning\src\test\resources
2026-01-16 08:57:46,746 [Worker-28: Building] INFO  o.a.m.s.f.DefaultMavenResourcesFiltering - skip non existing resourceDirectory C:\Users\Admin\Automation MWF 8-00 to 9-30\Selenium_Learning\src\main\resources
2026-01-16 08:57:46,747 [Worker-28: Building] INFO  o.a.m.s.f.DefaultMavenResourcesFiltering - skip non existing resourceDirectory C:\Users\Admin\Automation MWF 8-00 to 9-30\Selenium_Learning\src\test\resources
2026-01-16 08:59:31,095 [Worker-26: Building] INFO  o.a.m.s.f.DefaultMavenResourcesFiltering - skip non existing resourceDirectory C:\Users\Admin\Automation MWF 8-00 to 9-30\Selenium_Learning\src\main\resources
2026-01-16 08:59:31,097 [Worker-26: Building] INFO  o.a.m.s.f.DefaultMavenResourcesFiltering - skip non existing resourceDirectory C:\Users\Admin\Automation MWF 8-00 to 9-30\Selenium_Learning\src\test\resources
2026-01-16 08:59:58,675 [Worker-36: Building] INFO  o.a.m.s.f.DefaultMavenResourcesFiltering - skip non existing resourceDirectory C:\Users\Admin\Automation MWF 8-00 to 9-30\Selenium_Learning\src\main\resources
2026-01-16 08:59:58,676 [Worker-36: Building] INFO  o.a.m.s.f.DefaultMavenResourcesFiltering - skip non existing resourceDirectory C:\Users\Admin\Automation MWF 8-00 to 9-30\Selenium_Learning\src\test\resources
2026-01-16 08:59:59,769 [Worker-35: Building] INFO  o.a.m.s.f.DefaultMavenResourcesFiltering - skip non existing resourceDirectory C:\Users\Admin\Automation MWF 8-00 to 9-30\Selenium_Learning\src\main\resources
2026-01-16 08:59:59,772 [Worker-35: Building] INFO  o.a.m.s.f.DefaultMavenResourcesFiltering - skip non existing resourceDirectory C:\Users\Admin\Automation MWF 8-00 to 9-30\Selenium_Learning\src\test\resources
2026-01-16 09:01:00,856 [Worker-33: Building] INFO  o.a.m.s.f.DefaultMavenResourcesFiltering - skip non existing resourceDirectory C:\Users\Admin\Automation MWF 8-00 to 9-30\Selenium_Learning\src\main\resources
2026-01-16 09:01:00,858 [Worker-33: Building] INFO  o.a.m.s.f.DefaultMavenResourcesFiltering - skip non existing resourceDirectory C:\Users\Admin\Automation MWF 8-00 to 9-30\Selenium_Learning\src\test\resources
2026-01-16 09:01:02,011 [Worker-28: Building] INFO  o.a.m.s.f.DefaultMavenResourcesFiltering - skip non existing resourceDirectory C:\Users\Admin\Automation MWF 8-00 to 9-30\Selenium_Learning\src\main\resources
2026-01-16 09:01:02,013 [Worker-28: Building] INFO  o.a.m.s.f.DefaultMavenResourcesFiltering - skip non existing resourceDirectory C:\Users\Admin\Automation MWF 8-00 to 9-30\Selenium_Learning\src\test\resources
2026-01-16 09:02:21,000 [Worker-38: Building] INFO  o.a.m.s.f.DefaultMavenResourcesFiltering - skip non existing resourceDirectory C:\Users\Admin\Automation MWF 8-00 to 9-30\Selenium_Learning\src\main\resources
2026-01-16 09:02:21,001 [Worker-38: Building] INFO  o.a.m.s.f.DefaultMavenResourcesFiltering - skip non existing resourceDirectory C:\Users\Admin\Automation MWF 8-00 to 9-30\Selenium_Learning\src\test\resources
2026-01-16 09:03:14,827 [Worker-26: Launching P015_MouseDragAndDrop] INFO  o.a.m.s.f.DefaultMavenResourcesFiltering - skip non existing resourceDirectory C:\Users\Admin\Automation MWF 8-00 to 9-30\Selenium_Learning\src\main\resources
2026-01-16 09:03:14,829 [Worker-26: Launching P015_MouseDragAndDrop] INFO  o.a.m.s.f.DefaultMavenResourcesFiltering - skip non existing resourceDirectory C:\Users\Admin\Automation MWF 8-00 to 9-30\Selenium_Learning\src\test\resources
2026-01-16 09:03:37,148 [Worker-38: Building] INFO  o.a.m.s.f.DefaultMavenResourcesFiltering - skip non existing resourceDirectory C:\Users\Admin\Automation MWF 8-00 to 9-30\Selenium_Learning\src\main\resources
2026-01-16 09:03:37,149 [Worker-38: Building] INFO  o.a.m.s.f.DefaultMavenResourcesFiltering - skip non existing resourceDirectory C:\Users\Admin\Automation MWF 8-00 to 9-30\Selenium_Learning\src\test\resources
2026-01-16 09:03:51,886 [Worker-38: Building] INFO  o.a.m.s.f.DefaultMavenResourcesFiltering - skip non existing resourceDirectory C:\Users\Admin\Automation MWF 8-00 to 9-30\Selenium_Learning\src\main\resources
2026-01-16 09:03:51,888 [Worker-38: Building] INFO  o.a.m.s.f.DefaultMavenResourcesFiltering - skip non existing resourceDirectory C:\Users\Admin\Automation MWF 8-00 to 9-30\Selenium_Learning\src\test\resources
2026-01-16 09:05:05,886 [Worker-36: Building] INFO  o.a.m.s.f.DefaultMavenResourcesFiltering - skip non existing resourceDirectory C:\Users\Admin\Automation MWF 8-00 to 9-30\Selenium_Learning\src\main\resources
2026-01-16 09:05:05,887 [Worker-36: Building] INFO  o.a.m.s.f.DefaultMavenResourcesFiltering - skip non existing resourceDirectory C:\Users\Admin\Automation MWF 8-00 to 9-30\Selenium_Learning\src\test\resources
2026-01-16 09:06:47,091 [Worker-33: Building] INFO  o.a.m.s.f.DefaultMavenResourcesFiltering - skip non existing resourceDirectory C:\Users\Admin\Automation MWF 8-00 to 9-30\Selenium_Learning\src\main\resources
2026-01-16 09:06:47,094 [Worker-33: Building] INFO  o.a.m.s.f.DefaultMavenResourcesFiltering - skip non existing resourceDirectory C:\Users\Admin\Automation MWF 8-00 to 9-30\Selenium_Learning\src\test\resources
2026-01-16 09:07:27,634 [Worker-36: Building] INFO  o.a.m.s.f.DefaultMavenResourcesFiltering - skip non existing resourceDirectory C:\Users\Admin\Automation MWF 8-00 to 9-30\Selenium_Learning\src\main\resources
2026-01-16 09:07:27,636 [Worker-36: Building] INFO  o.a.m.s.f.DefaultMavenResourcesFiltering - skip non existing resourceDirectory C:\Users\Admin\Automation MWF 8-00 to 9-30\Selenium_Learning\src\test\resources
2026-01-16 09:10:39,430 [Worker-40: Building] INFO  o.a.m.s.f.DefaultMavenResourcesFiltering - skip non existing resourceDirectory C:\Users\Admin\Automation MWF 8-00 to 9-30\Selenium_Learning\src\main\resources
2026-01-16 09:10:39,431 [Worker-40: Building] INFO  o.a.m.s.f.DefaultMavenResourcesFiltering - skip non existing resourceDirectory C:\Users\Admin\Automation MWF 8-00 to 9-30\Selenium_Learning\src\test\resources
2026-01-16 09:13:55,353 [Worker-41: Building] INFO  o.a.m.s.f.DefaultMavenResourcesFiltering - skip non existing resourceDirectory C:\Users\Admin\Automation MWF 8-00 to 9-30\Selenium_Learning\src\main\resources
2026-01-16 09:13:55,355 [Worker-41: Building] INFO  o.a.m.s.f.DefaultMavenResourcesFiltering - skip non existing resourceDirectory C:\Users\Admin\Automation MWF 8-00 to 9-30\Selenium_Learning\src\test\resources
2026-01-16 09:14:19,153 [Worker-41: Building] INFO  o.a.m.s.f.DefaultMavenResourcesFiltering - skip non existing resourceDirectory C:\Users\Admin\Automation MWF 8-00 to 9-30\Selenium_Learning\src\main\resources
2026-01-16 09:14:19,154 [Worker-41: Building] INFO  o.a.m.s.f.DefaultMavenResourcesFiltering - skip non existing resourceDirectory C:\Users\Admin\Automation MWF 8-00 to 9-30\Selenium_Learning\src\test\resources
2026-01-16 09:14:20,196 [Worker-41: Building] INFO  o.a.m.s.f.DefaultMavenResourcesFiltering - skip non existing resourceDirectory C:\Users\Admin\Automation MWF 8-00 to 9-30\Selenium_Learning\src\main\resources
2026-01-16 09:14:20,198 [Worker-41: Building] INFO  o.a.m.s.f.DefaultMavenResourcesFiltering - skip non existing resourceDirectory C:\Users\Admin\Automation MWF 8-00 to 9-30\Selenium_Learning\src\test\resources
2026-01-16 09:14:43,064 [Worker-43: Building] INFO  o.a.m.s.f.DefaultMavenResourcesFiltering - skip non existing resourceDirectory C:\Users\Admin\Automation MWF 8-00 to 9-30\Selenium_Learning\src\main\resources
2026-01-16 09:14:43,065 [Worker-43: Building] INFO  o.a.m.s.f.DefaultMavenResourcesFiltering - skip non existing resourceDirectory C:\Users\Admin\Automation MWF 8-00 to 9-30\Selenium_Learning\src\test\resources
2026-01-21 08:32:41,703 [Worker-1: Loading available Gradle versions] INFO  o.e.b.c.i.u.g.PublishedGradleVersions - Gradle version information cache is out-of-date. Trying to update.
2026-01-21 08:33:09,362 [Worker-12: Building] INFO  o.a.m.s.f.DefaultMavenResourcesFiltering - skip non existing resourceDirectory C:\Users\Admin\Automation MWF 8-00 to 9-30\Selenium_Learning\src\main\resources
2026-01-21 08:33:09,369 [Worker-12: Building] INFO  o.a.m.s.f.DefaultMavenResourcesFiltering - skip non existing resourceDirectory C:\Users\Admin\Automation MWF 8-00 to 9-30\Selenium_Learning\src\test\resources
2026-01-21 08:33:23,627 [Worker-17: Building] INFO  o.a.m.s.f.DefaultMavenResourcesFiltering - skip non existing resourceDirectory C:\Users\Admin\Automation MWF 8-00 to 9-30\Selenium_Learning\src\main\resources
2026-01-21 08:33:23,631 [Worker-17: Building] INFO  o.a.m.s.f.DefaultMavenResourcesFiltering - skip non existing resourceDirectory C:\Users\Admin\Automation MWF 8-00 to 9-30\Selenium_Learning\src\test\resources
2026-01-21 08:33:37,458 [Worker-3: Building] INFO  o.a.m.s.f.DefaultMavenResourcesFiltering - skip non existing resourceDirectory C:\Users\Admin\Automation MWF 8-00 to 9-30\Selenium_Learning\src\main\resources
2026-01-21 08:33:37,461 [Worker-3: Building] INFO  o.a.m.s.f.DefaultMavenResourcesFiltering - skip non existing resourceDirectory C:\Users\Admin\Automation MWF 8-00 to 9-30\Selenium_Learning\src\test\resources
2026-01-21 08:33:48,099 [Worker-9: Building] INFO  o.a.m.s.f.DefaultMavenResourcesFiltering - skip non existing resourceDirectory C:\Users\Admin\Automation MWF 8-00 to 9-30\Selenium_Learning\src\main\resources
2026-01-21 08:33:48,101 [Worker-9: Building] INFO  o.a.m.s.f.DefaultMavenResourcesFiltering - skip non existing resourceDirectory C:\Users\Admin\Automation MWF 8-00 to 9-30\Selenium_Learning\src\test\resources
2026-01-21 08:38:15,887 [Worker-25: Building] INFO  o.a.m.s.f.DefaultMavenResourcesFiltering - skip non existing resourceDirectory C:\Users\Admin\Automation MWF 8-00 to 9-30\Selenium_Learning\src\main\resources
2026-01-21 08:38:15,890 [Worker-25: Building] INFO  o.a.m.s.f.DefaultMavenResourcesFiltering - skip non existing resourceDirectory C:\Users\Admin\Automation MWF 8-00 to 9-30\Selenium_Learning\src\test\resources
2026-01-21 08:40:11,276 [Worker-30: Building] INFO  o.a.m.s.f.DefaultMavenResourcesFiltering - skip non existing resourceDirectory C:\Users\Admin\Automation MWF 8-00 to 9-30\Selenium_Learning\src\main\resources
2026-01-21 08:40:11,278 [Worker-30: Building] INFO  o.a.m.s.f.DefaultMavenResourcesFiltering - skip non existing resourceDirectory C:\Users\Admin\Automation MWF 8-00 to 9-30\Selenium_Learning\src\test\resources
2026-01-21 08:40:34,988 [Worker-31: Building] INFO  o.a.m.s.f.DefaultMavenResourcesFiltering - skip non existing resourceDirectory C:\Users\Admin\Automation MWF 8-00 to 9-30\Selenium_Learning\src\main\resources
2026-01-21 08:40:34,990 [Worker-31: Building] INFO  o.a.m.s.f.DefaultMavenResourcesFiltering - skip non existing resourceDirectory C:\Users\Admin\Automation MWF 8-00 to 9-30\Selenium_Learning\src\test\resources
2026-01-21 08:40:36,146 [Worker-25: Building] INFO  o.a.m.s.f.DefaultMavenResourcesFiltering - skip non existing resourceDirectory C:\Users\Admin\Automation MWF 8-00 to 9-30\Selenium_Learning\src\main\resources
2026-01-21 08:40:36,149 [Worker-25: Building] INFO  o.a.m.s.f.DefaultMavenResourcesFiltering - skip non existing resourceDirectory C:\Users\Admin\Automation MWF 8-00 to 9-30\Selenium_Learning\src\test\resources
2026-01-21 08:44:38,576 [Worker-36: Building] INFO  o.a.m.s.f.DefaultMavenResourcesFiltering - skip non existing resourceDirectory C:\Users\Admin\Automation MWF 8-00 to 9-30\Selenium_Learning\src\main\resources
2026-01-21 08:44:38,577 [Worker-36: Building] INFO  o.a.m.s.f.DefaultMavenResourcesFiltering - skip non existing resourceDirectory C:\Users\Admin\Automation MWF 8-00 to 9-30\Selenium_Learning\src\test\resources
2026-01-21 08:44:48,960 [Worker-36: Building] INFO  o.a.m.s.f.DefaultMavenResourcesFiltering - skip non existing resourceDirectory C:\Users\Admin\Automation MWF 8-00 to 9-30\Selenium_Learning\src\main\resources
2026-01-21 08:44:48,961 [Worker-36: Building] INFO  o.a.m.s.f.DefaultMavenResourcesFiltering - skip non existing resourceDirectory C:\Users\Admin\Automation MWF 8-00 to 9-30\Selenium_Learning\src\test\resources
2026-01-21 08:46:03,151 [Worker-29: Building] INFO  o.a.m.s.f.DefaultMavenResourcesFiltering - skip non existing resourceDirectory C:\Users\Admin\Automation MWF 8-00 to 9-30\Selenium_Learning\src\main\resources
2026-01-21 08:46:03,153 [Worker-29: Building] INFO  o.a.m.s.f.DefaultMavenResourcesFiltering - skip non existing resourceDirectory C:\Users\Admin\Automation MWF 8-00 to 9-30\Selenium_Learning\src\test\resources
2026-01-21 08:48:00,717 [Worker-38: Building] INFO  o.a.m.s.f.DefaultMavenResourcesFiltering - skip non existing resourceDirectory C:\Users\Admin\Automation MWF 8-00 to 9-30\Selenium_Learning\src\main\resources
2026-01-21 08:48:00,719 [Worker-38: Building] INFO  o.a.m.s.f.DefaultMavenResourcesFiltering - skip non existing resourceDirectory C:\Users\Admin\Automation MWF 8-00 to 9-30\Selenium_Learning\src\test\resources
2026-01-21 08:48:23,461 [Worker-36: Building] INFO  o.a.m.s.f.DefaultMavenResourcesFiltering - skip non existing resourceDirectory C:\Users\Admin\Automation MWF 8-00 to 9-30\Selenium_Learning\src\main\resources
2026-01-21 08:48:23,462 [Worker-36: Building] INFO  o.a.m.s.f.DefaultMavenResourcesFiltering - skip non existing resourceDirectory C:\Users\Admin\Automation MWF 8-00 to 9-30\Selenium_Learning\src\test\resources
2026-01-21 08:49:30,348 [Worker-39: Building] INFO  o.a.m.s.f.DefaultMavenResourcesFiltering - skip non existing resourceDirectory C:\Users\Admin\Automation MWF 8-00 to 9-30\Selenium_Learning\src\main\resources
2026-01-21 08:49:30,350 [Worker-39: Building] INFO  o.a.m.s.f.DefaultMavenResourcesFiltering - skip non existing resourceDirectory C:\Users\Admin\Automation MWF 8-00 to 9-30\Selenium_Learning\src\test\resources
2026-01-21 08:49:58,475 [Worker-38: Building] INFO  o.a.m.s.f.DefaultMavenResourcesFiltering - skip non existing resourceDirectory C:\Users\Admin\Automation MWF 8-00 to 9-30\Selenium_Learning\src\main\resources
2026-01-21 08:49:58,477 [Worker-38: Building] INFO  o.a.m.s.f.DefaultMavenResourcesFiltering - skip non existing resourceDirectory C:\Users\Admin\Automation MWF 8-00 to 9-30\Selenium_Learning\src\test\resources
2026-01-21 08:50:22,175 [Worker-34: Building] INFO  o.a.m.s.f.DefaultMavenResourcesFiltering - skip non existing resourceDirectory C:\Users\Admin\Automation MWF 8-00 to 9-30\Selenium_Learning\src\main\resources
2026-01-21 08:50:22,176 [Worker-34: Building] INFO  o.a.m.s.f.DefaultMavenResourcesFiltering - skip non existing resourceDirectory C:\Users\Admin\Automation MWF 8-00 to 9-30\Selenium_Learning\src\test\resources
2026-01-21 08:50:35,507 [Worker-27: Building] INFO  o.a.m.s.f.DefaultMavenResourcesFiltering - skip non existing resourceDirectory C:\Users\Admin\Automation MWF 8-00 to 9-30\Selenium_Learning\src\main\resources
2026-01-21 08:50:35,508 [Worker-27: Building] INFO  o.a.m.s.f.DefaultMavenResourcesFiltering - skip non existing resourceDirectory C:\Users\Admin\Automation MWF 8-00 to 9-30\Selenium_Learning\src\test\resources
2026-01-21 08:51:11,960 [Worker-38: Building] INFO  o.a.m.s.f.DefaultMavenResourcesFiltering - skip non existing resourceDirectory C:\Users\Admin\Automation MWF 8-00 to 9-30\Selenium_Learning\src\main\resources
2026-01-21 08:51:11,962 [Worker-38: Building] INFO  o.a.m.s.f.DefaultMavenResourcesFiltering - skip non existing resourceDirectory C:\Users\Admin\Automation MWF 8-00 to 9-30\Selenium_Learning\src\test\resources
2026-01-21 08:51:15,252 [Worker-27: Building] INFO  o.a.m.s.f.DefaultMavenResourcesFiltering - skip non existing resourceDirectory C:\Users\Admin\Automation MWF 8-00 to 9-30\Selenium_Learning\src\main\resources
2026-01-21 08:51:15,253 [Worker-27: Building] INFO  o.a.m.s.f.DefaultMavenResourcesFiltering - skip non existing resourceDirectory C:\Users\Admin\Automation MWF 8-00 to 9-30\Selenium_Learning\src\test\resources
2026-01-21 08:52:45,631 [Worker-38: Building] INFO  o.a.m.s.f.DefaultMavenResourcesFiltering - skip non existing resourceDirectory C:\Users\Admin\Automation MWF 8-00 to 9-30\Selenium_Learning\src\main\resources
2026-01-21 08:52:45,633 [Worker-38: Building] INFO  o.a.m.s.f.DefaultMavenResourcesFiltering - skip non existing resourceDirectory C:\Users\Admin\Automation MWF 8-00 to 9-30\Selenium_Learning\src\test\resources
2026-01-21 08:53:24,705 [Worker-27: Building] INFO  o.a.m.s.f.DefaultMavenResourcesFiltering - skip non existing resourceDirectory C:\Users\Admin\Automation MWF 8-00 to 9-30\Selenium_Learning\src\main\resources
2026-01-21 08:53:24,708 [Worker-27: Building] INFO  o.a.m.s.f.DefaultMavenResourcesFiltering - skip non existing resourceDirectory C:\Users\Admin\Automation MWF 8-00 to 9-30\Selenium_Learning\src\test\resources
2026-01-21 08:53:36,027 [Worker-40: Building] INFO  o.a.m.s.f.DefaultMavenResourcesFiltering - skip non existing resourceDirectory C:\Users\Admin\Automation MWF 8-00 to 9-30\Selenium_Learning\src\main\resources
2026-01-21 08:53:36,029 [Worker-40: Building] INFO  o.a.m.s.f.DefaultMavenResourcesFiltering - skip non existing resourceDirectory C:\Users\Admin\Automation MWF 8-00 to 9-30\Selenium_Learning\src\test\resources
2026-01-21 08:57:22,382 [Worker-39: Building] INFO  o.a.m.s.f.DefaultMavenResourcesFiltering - skip non existing resourceDirectory C:\Users\Admin\Automation MWF 8-00 to 9-30\Selenium_Learning\src\main\resources
2026-01-21 08:57:22,384 [Worker-39: Building] INFO  o.a.m.s.f.DefaultMavenResourcesFiltering - skip non existing resourceDirectory C:\Users\Admin\Automation MWF 8-00 to 9-30\Selenium_Learning\src\test\resources
2026-01-21 08:57:25,796 [Worker-37: Building] INFO  o.a.m.s.f.DefaultMavenResourcesFiltering - skip non existing resourceDirectory C:\Users\Admin\Automation MWF 8-00 to 9-30\Selenium_Learning\src\main\resources
2026-01-21 08:57:25,798 [Worker-37: Building] INFO  o.a.m.s.f.DefaultMavenResourcesFiltering - skip non existing resourceDirectory C:\Users\Admin\Automation MWF 8-00 to 9-30\Selenium_Learning\src\test\resources
2026-01-21 08:57:46,189 [Worker-42: Building] INFO  o.a.m.s.f.DefaultMavenResourcesFiltering - skip non existing resourceDirectory C:\Users\Admin\Automation MWF 8-00 to 9-30\Selenium_Learning\src\main\resources
2026-01-21 08:57:46,190 [Worker-42: Building] INFO  o.a.m.s.f.DefaultMavenResourcesFiltering - skip non existing resourceDirectory C:\Users\Admin\Automation MWF 8-00 to 9-30\Selenium_Learning\src\test\resources
2026-01-21 08:57:57,932 [Worker-45: Building] INFO  o.a.m.s.f.DefaultMavenResourcesFiltering - skip non existing resourceDirectory C:\Users\Admin\Automation MWF 8-00 to 9-30\Selenium_Learning\src\main\resources
2026-01-21 08:57:57,934 [Worker-45: Building] INFO  o.a.m.s.f.DefaultMavenResourcesFiltering - skip non existing resourceDirectory C:\Users\Admin\Automation MWF 8-00 to 9-30\Selenium_Learning\src\test\resources
2026-01-21 08:58:04,682 [Worker-43: Building] INFO  o.a.m.s.f.DefaultMavenResourcesFiltering - skip non existing resourceDirectory C:\Users\Admin\Automation MWF 8-00 to 9-30\Selenium_Learning\src\main\resources
2026-01-21 08:58:04,685 [Worker-43: Building] INFO  o.a.m.s.f.DefaultMavenResourcesFiltering - skip non existing resourceDirectory C:\Users\Admin\Automation MWF 8-00 to 9-30\Selenium_Learning\src\test\resources
2026-01-21 08:58:09,803 [Worker-37: Building] INFO  o.a.m.s.f.DefaultMavenResourcesFiltering - skip non existing resourceDirectory C:\Users\Admin\Automation MWF 8-00 to 9-30\Selenium_Learning\src\main\resources
2026-01-21 08:58:09,805 [Worker-37: Building] INFO  o.a.m.s.f.DefaultMavenResourcesFiltering - skip non existing resourceDirectory C:\Users\Admin\Automation MWF 8-00 to 9-30\Selenium_Learning\src\test\resources
2026-01-21 08:58:26,567 [Worker-45: Building] INFO  o.a.m.s.f.DefaultMavenResourcesFiltering - skip non existing resourceDirectory C:\Users\Admin\Automation MWF 8-00 to 9-30\Selenium_Learning\src\main\resources
2026-01-21 08:58:26,568 [Worker-45: Building] INFO  o.a.m.s.f.DefaultMavenResourcesFiltering - skip non existing resourceDirectory C:\Users\Admin\Automation MWF 8-00 to 9-30\Selenium_Learning\src\test\resources
2026-01-21 08:58:30,154 [Worker-43: Building] INFO  o.a.m.s.f.DefaultMavenResourcesFiltering - skip non existing resourceDirectory C:\Users\Admin\Automation MWF 8-00 to 9-30\Selenium_Learning\src\main\resources
2026-01-21 08:58:30,155 [Worker-43: Building] INFO  o.a.m.s.f.DefaultMavenResourcesFiltering - skip non existing resourceDirectory C:\Users\Admin\Automation MWF 8-00 to 9-30\Selenium_Learning\src\test\resources
2026-01-21 08:59:25,160 [Worker-45: Building] INFO  o.a.m.s.f.DefaultMavenResourcesFiltering - skip non existing resourceDirectory C:\Users\Admin\Automation MWF 8-00 to 9-30\Selenium_Learning\src\main\resources
2026-01-21 08:59:25,161 [Worker-45: Building] INFO  o.a.m.s.f.DefaultMavenResourcesFiltering - skip non existing resourceDirectory C:\Users\Admin\Automation MWF 8-00 to 9-30\Selenium_Learning\src\test\resources
2026-01-21 09:00:19,426 [Worker-43: Building] INFO  o.a.m.s.f.DefaultMavenResourcesFiltering - skip non existing resourceDirectory C:\Users\Admin\Automation MWF 8-00 to 9-30\Selenium_Learning\src\main\resources
2026-01-21 09:00:19,428 [Worker-43: Building] INFO  o.a.m.s.f.DefaultMavenResourcesFiltering - skip non existing resourceDirectory C:\Users\Admin\Automation MWF 8-00 to 9-30\Selenium_Learning\src\test\resources
2026-01-21 09:00:45,649 [Worker-44: Building] INFO  o.a.m.s.f.DefaultMavenResourcesFiltering - skip non existing resourceDirectory C:\Users\Admin\Automation MWF 8-00 to 9-30\Selenium_Learning\src\main\resources
2026-01-21 09:00:45,651 [Worker-44: Building] INFO  o.a.m.s.f.DefaultMavenResourcesFiltering - skip non existing resourceDirectory C:\Users\Admin\Automation MWF 8-00 to 9-30\Selenium_Learning\src\test\resources
2026-01-21 09:01:09,140 [Worker-44: Building] INFO  o.a.m.s.f.DefaultMavenResourcesFiltering - skip non existing resourceDirectory C:\Users\Admin\Automation MWF 8-00 to 9-30\Selenium_Learning\src\main\resources
2026-01-21 09:01:09,142 [Worker-44: Building] INFO  o.a.m.s.f.DefaultMavenResourcesFiltering - skip non existing resourceDirectory C:\Users\Admin\Automation MWF 8-00 to 9-30\Selenium_Learning\src\test\resources
2026-01-21 09:01:16,380 [Worker-44: Building] INFO  o.a.m.s.f.DefaultMavenResourcesFiltering - skip non existing resourceDirectory C:\Users\Admin\Automation MWF 8-00 to 9-30\Selenium_Learning\src\main\resources
2026-01-21 09:01:16,382 [Worker-44: Building] INFO  o.a.m.s.f.DefaultMavenResourcesFiltering - skip non existing resourceDirectory C:\Users\Admin\Automation MWF 8-00 to 9-30\Selenium_Learning\src\test\resources
2026-01-21 09:01:41,382 [Worker-44: Building] INFO  o.a.m.s.f.DefaultMavenResourcesFiltering - skip non existing resourceDirectory C:\Users\Admin\Automation MWF 8-00 to 9-30\Selenium_Learning\src\main\resources
2026-01-21 09:01:41,383 [Worker-44: Building] INFO  o.a.m.s.f.DefaultMavenResourcesFiltering - skip non existing resourceDirectory C:\Users\Admin\Automation MWF 8-00 to 9-30\Selenium_Learning\src\test\resources
2026-01-21 09:03:00,100 [Worker-37: Building] INFO  o.a.m.s.f.DefaultMavenResourcesFiltering - skip non existing resourceDirectory C:\Users\Admin\Automation MWF 8-00 to 9-30\Selenium_Learning\src\main\resources
2026-01-21 09:03:00,103 [Worker-37: Building] INFO  o.a.m.s.f.DefaultMavenResourcesFiltering - skip non existing resourceDirectory C:\Users\Admin\Automation MWF 8-00 to 9-30\Selenium_Learning\src\test\resources
2026-01-21 09:03:02,357 [Worker-42: Building] INFO  o.a.m.s.f.DefaultMavenResourcesFiltering - skip non existing resourceDirectory C:\Users\Admin\Automation MWF 8-00 to 9-30\Selenium_Learning\src\main\resources
2026-01-21 09:03:02,359 [Worker-42: Building] INFO  o.a.m.s.f.DefaultMavenResourcesFiltering - skip non existing resourceDirectory C:\Users\Admin\Automation MWF 8-00 to 9-30\Selenium_Learning\src\test\resources
2026-01-21 09:03:28,246 [Worker-42: Building] INFO  o.a.m.s.f.DefaultMavenResourcesFiltering - skip non existing resourceDirectory C:\Users\Admin\Automation MWF 8-00 to 9-30\Selenium_Learning\src\main\resources
2026-01-21 09:03:28,247 [Worker-42: Building] INFO  o.a.m.s.f.DefaultMavenResourcesFiltering - skip non existing resourceDirectory C:\Users\Admin\Automation MWF 8-00 to 9-30\Selenium_Learning\src\test\resources
2026-01-21 09:03:36,525 [Worker-42: Building] INFO  o.a.m.s.f.DefaultMavenResourcesFiltering - skip non existing resourceDirectory C:\Users\Admin\Automation MWF 8-00 to 9-30\Selenium_Learning\src\main\resources
2026-01-21 09:03:36,527 [Worker-42: Building] INFO  o.a.m.s.f.DefaultMavenResourcesFiltering - skip non existing resourceDirectory C:\Users\Admin\Automation MWF 8-00 to 9-30\Selenium_Learning\src\test\resources
2026-01-21 09:03:53,631 [Worker-42: Building] INFO  o.a.m.s.f.DefaultMavenResourcesFiltering - skip non existing resourceDirectory C:\Users\Admin\Automation MWF 8-00 to 9-30\Selenium_Learning\src\main\resources
2026-01-21 09:03:53,632 [Worker-42: Building] INFO  o.a.m.s.f.DefaultMavenResourcesFiltering - skip non existing resourceDirectory C:\Users\Admin\Automation MWF 8-00 to 9-30\Selenium_Learning\src\test\resources
2026-01-21 09:03:54,700 [Worker-42: Building] INFO  o.a.m.s.f.DefaultMavenResourcesFiltering - skip non existing resourceDirectory C:\Users\Admin\Automation MWF 8-00 to 9-30\Selenium_Learning\src\main\resources
2026-01-21 09:03:54,701 [Worker-42: Building] INFO  o.a.m.s.f.DefaultMavenResourcesFiltering - skip non existing resourceDirectory C:\Users\Admin\Automation MWF 8-00 to 9-30\Selenium_Learning\src\test\resources
2026-01-21 09:04:45,729 [Worker-45: Building] INFO  o.e.m.c.i.l.LifecycleMappingFactory - Using org.eclipse.m2e.jdt.JarLifecycleMapping lifecycle mapping for MavenProject: com.selenium:Selenium_Learning:0.0.1-SNAPSHOT @ C:\Users\Admin\Automation MWF 8-00 to 9-30\Selenium_Learning\pom.xml.
2026-01-21 09:04:46,507 [Worker-45: Building] INFO  o.a.m.s.f.DefaultMavenResourcesFiltering - skip non existing resourceDirectory C:\Users\Admin\Automation MWF 8-00 to 9-30\Selenium_Learning\src\main\resources
2026-01-21 09:04:46,510 [Worker-45: Building] INFO  o.a.m.s.f.DefaultMavenResourcesFiltering - skip non existing resourceDirectory C:\Users\Admin\Automation MWF 8-00 to 9-30\Selenium_Learning\src\test\resources
2026-01-21 09:04:48,140 [Worker-42: Building] INFO  o.a.m.s.f.DefaultMavenResourcesFiltering - skip non existing resourceDirectory C:\Users\Admin\Automation MWF 8-00 to 9-30\Selenium_Learning\src\main\resources
2026-01-21 09:04:48,142 [Worker-42: Building] INFO  o.a.m.s.f.DefaultMavenResourcesFiltering - skip non existing resourceDirectory C:\Users\Admin\Automation MWF 8-00 to 9-30\Selenium_Learning\src\test\resources
2026-01-21 09:05:49,840 [Worker-42: Building] INFO  o.a.m.s.f.DefaultMavenResourcesFiltering - skip non existing resourceDirectory C:\Users\Admin\Automation MWF 8-00 to 9-30\Selenium_Learning\src\main\resources
2026-01-21 09:05:49,842 [Worker-42: Building] INFO  o.a.m.s.f.DefaultMavenResourcesFiltering - skip non existing resourceDirectory C:\Users\Admin\Automation MWF 8-00 to 9-30\Selenium_Learning\src\test\resources
2026-01-21 09:06:14,969 [Worker-43: Building] INFO  o.a.m.s.f.DefaultMavenResourcesFiltering - skip non existing resourceDirectory C:\Users\Admin\Automation MWF 8-00 to 9-30\Selenium_Learning\src\main\resources
2026-01-21 09:06:14,970 [Worker-43: Building] INFO  o.a.m.s.f.DefaultMavenResourcesFiltering - skip non existing resourceDirectory C:\Users\Admin\Automation MWF 8-00 to 9-30\Selenium_Learning\src\test\resources
2026-01-21 09:06:23,037 [Worker-46: Building] INFO  o.a.m.s.f.DefaultMavenResourcesFiltering - skip non existing resourceDirectory C:\Users\Admin\Automation MWF 8-00 to 9-30\Selenium_Learning\src\main\resources
2026-01-21 09:06:23,039 [Worker-46: Building] INFO  o.a.m.s.f.DefaultMavenResourcesFiltering - skip non existing resourceDirectory C:\Users\Admin\Automation MWF 8-00 to 9-30\Selenium_Learning\src\test\resources
2026-01-21 09:06:25,212 [Worker-43: Building] INFO  o.a.m.s.f.DefaultMavenResourcesFiltering - skip non existing resourceDirectory C:\Users\Admin\Automation MWF 8-00 to 9-30\Selenium_Learning\src\main\resources
2026-01-21 09:06:25,216 [Worker-43: Building] INFO  o.a.m.s.f.DefaultMavenResourcesFiltering - skip non existing resourceDirectory C:\Users\Admin\Automation MWF 8-00 to 9-30\Selenium_Learning\src\test\resources
2026-01-21 09:06:45,972 [Worker-46: Building] INFO  o.a.m.s.f.DefaultMavenResourcesFiltering - skip non existing resourceDirectory C:\Users\Admin\Automation MWF 8-00 to 9-30\Selenium_Learning\src\main\resources
2026-01-21 09:06:45,974 [Worker-46: Building] INFO  o.a.m.s.f.DefaultMavenResourcesFiltering - skip non existing resourceDirectory C:\Users\Admin\Automation MWF 8-00 to 9-30\Selenium_Learning\src\test\resources
2026-01-21 09:07:13,864 [Worker-42: Building] INFO  o.a.m.s.f.DefaultMavenResourcesFiltering - skip non existing resourceDirectory C:\Users\Admin\Automation MWF 8-00 to 9-30\Selenium_Learning\src\main\resources
2026-01-21 09:07:13,864 [Worker-42: Building] INFO  o.a.m.s.f.DefaultMavenResourcesFiltering - skip non existing resourceDirectory C:\Users\Admin\Automation MWF 8-00 to 9-30\Selenium_Learning\src\test\resources
2026-01-23 08:28:58,851 [Worker-5: Loading available Gradle versions] INFO  o.e.b.c.i.u.g.PublishedGradleVersions - Gradle version information cache is up-to-date. Trying to read.
2026-01-23 08:29:33,932 [Worker-1: Building] INFO  o.a.m.s.f.DefaultMavenResourcesFiltering - skip non existing resourceDirectory C:\Users\Admin\Automation MWF 8-00 to 9-30\Selenium_Learning\src\main\resources
2026-01-23 08:29:33,941 [Worker-1: Building] INFO  o.a.m.s.f.DefaultMavenResourcesFiltering - skip non existing resourceDirectory C:\Users\Admin\Automation MWF 8-00 to 9-30\Selenium_Learning\src\test\resources
2026-01-23 08:29:39,052 [Worker-4: Building] INFO  o.a.m.s.f.DefaultMavenResourcesFiltering - skip non existing resourceDirectory C:\Users\Admin\Automation MWF 8-00 to 9-30\Selenium_Learning\src\main\resources
2026-01-23 08:29:39,054 [Worker-4: Building] INFO  o.a.m.s.f.DefaultMavenResourcesFiltering - skip non existing resourceDirectory C:\Users\Admin\Automation MWF 8-00 to 9-30\Selenium_Learning\src\test\resources
2026-01-23 08:29:40,091 [Worker-22: Building] INFO  o.a.m.s.f.DefaultMavenResourcesFiltering - skip non existing resourceDirectory C:\Users\Admin\Automation MWF 8-00 to 9-30\Selenium_Learning\src\main\resources
2026-01-23 08:29:40,093 [Worker-22: Building] INFO  o.a.m.s.f.DefaultMavenResourcesFiltering - skip non existing resourceDirectory C:\Users\Admin\Automation MWF 8-00 to 9-30\Selenium_Learning\src\test\resources
2026-01-23 08:31:13,519 [Worker-10: Building] INFO  o.a.m.s.f.DefaultMavenResourcesFiltering - skip non existing resourceDirectory C:\Users\Admin\Automation MWF 8-00 to 9-30\Selenium_Learning\src\main\resources
2026-01-23 08:31:13,522 [Worker-10: Building] INFO  o.a.m.s.f.DefaultMavenResourcesFiltering - skip non existing resourceDirectory C:\Users\Admin\Automation MWF 8-00 to 9-30\Selenium_Learning\src\test\resources
2026-01-23 08:31:14,569 [Worker-13: Building] INFO  o.a.m.s.f.DefaultMavenResourcesFiltering - skip non existing resourceDirectory C:\Users\Admin\Automation MWF 8-00 to 9-30\Selenium_Learning\src\main\resources
2026-01-23 08:31:14,571 [Worker-13: Building] INFO  o.a.m.s.f.DefaultMavenResourcesFiltering - skip non existing resourceDirectory C:\Users\Admin\Automation MWF 8-00 to 9-30\Selenium_Learning\src\test\resources
2026-01-23 08:31:15,609 [Worker-15: Building] INFO  o.a.m.s.f.DefaultMavenResourcesFiltering - skip non existing resourceDirectory C:\Users\Admin\Automation MWF 8-00 to 9-30\Selenium_Learning\src\main\resources
2026-01-23 08:31:15,611 [Worker-15: Building] INFO  o.a.m.s.f.DefaultMavenResourcesFiltering - skip non existing resourceDirectory C:\Users\Admin\Automation MWF 8-00 to 9-30\Selenium_Learning\src\test\resources
2026-01-23 08:31:19,043 [Worker-7: Building] INFO  o.a.m.s.f.DefaultMavenResourcesFiltering - skip non existing resourceDirectory C:\Users\Admin\Automation MWF 8-00 to 9-30\Selenium_Learning\src\main\resources
2026-01-23 08:31:19,045 [Worker-7: Building] INFO  o.a.m.s.f.DefaultMavenResourcesFiltering - skip non existing resourceDirectory C:\Users\Admin\Automation MWF 8-00 to 9-30\Selenium_Learning\src\test\resources
2026-01-23 08:32:38,723 [Worker-19: Building] INFO  o.a.m.s.f.DefaultMavenResourcesFiltering - skip non existing resourceDirectory C:\Users\Admin\Automation MWF 8-00 to 9-30\Selenium_Learning\src\main\resources
2026-01-23 08:32:38,726 [Worker-19: Building] INFO  o.a.m.s.f.DefaultMavenResourcesFiltering - skip non existing resourceDirectory C:\Users\Admin\Automation MWF 8-00 to 9-30\Selenium_Learning\src\test\resources
2026-01-23 08:33:15,610 [Worker-0: Building] INFO  o.a.m.s.f.DefaultMavenResourcesFiltering - skip non existing resourceDirectory C:\Users\Admin\Automation MWF 8-00 to 9-30\Selenium_Learning\src\main\resources
2026-01-23 08:33:15,614 [Worker-0: Building] INFO  o.a.m.s.f.DefaultMavenResourcesFiltering - skip non existing resourceDirectory C:\Users\Admin\Automation MWF 8-00 to 9-30\Selenium_Learning\src\test\resources
2026-01-23 08:33:37,539 [Worker-7: Building] INFO  o.a.m.s.f.DefaultMavenResourcesFiltering - skip non existing resourceDirectory C:\Users\Admin\Automation MWF 8-00 to 9-30\Selenium_Learning\src\main\resources
2026-01-23 08:33:37,541 [Worker-7: Building] INFO  o.a.m.s.f.DefaultMavenResourcesFiltering - skip non existing resourceDirectory C:\Users\Admin\Automation MWF 8-00 to 9-30\Selenium_Learning\src\test\resources
2026-01-23 08:33:38,770 [Worker-3: Building] INFO  o.a.m.s.f.DefaultMavenResourcesFiltering - skip non existing resourceDirectory C:\Users\Admin\Automation MWF 8-00 to 9-30\Selenium_Learning\src\main\resources
2026-01-23 08:33:38,772 [Worker-3: Building] INFO  o.a.m.s.f.DefaultMavenResourcesFiltering - skip non existing resourceDirectory C:\Users\Admin\Automation MWF 8-00 to 9-30\Selenium_Learning\src\test\resources
2026-01-23 08:33:55,888 [Worker-0: Building] INFO  o.a.m.s.f.DefaultMavenResourcesFiltering - skip non existing resourceDirectory C:\Users\Admin\Automation MWF 8-00 to 9-30\Selenium_Learning\src\main\resources
2026-01-23 08:33:55,890 [Worker-0: Building] INFO  o.a.m.s.f.DefaultMavenResourcesFiltering - skip non existing resourceDirectory C:\Users\Admin\Automation MWF 8-00 to 9-30\Selenium_Learning\src\test\resources
2026-01-23 08:34:13,851 [Worker-0: Building] INFO  o.a.m.s.f.DefaultMavenResourcesFiltering - skip non existing resourceDirectory C:\Users\Admin\Automation MWF 8-00 to 9-30\Selenium_Learning\src\main\resources
2026-01-23 08:34:13,853 [Worker-0: Building] INFO  o.a.m.s.f.DefaultMavenResourcesFiltering - skip non existing resourceDirectory C:\Users\Admin\Automation MWF 8-00 to 9-30\Selenium_Learning\src\test\resources
2026-01-23 08:37:23,681 [Worker-24: Building] INFO  o.a.m.s.f.DefaultMavenResourcesFiltering - skip non existing resourceDirectory C:\Users\Admin\Automation MWF 8-00 to 9-30\Selenium_Learning\src\main\resources
2026-01-23 08:37:23,683 [Worker-24: Building] INFO  o.a.m.s.f.DefaultMavenResourcesFiltering - skip non existing resourceDirectory C:\Users\Admin\Automation MWF 8-00 to 9-30\Selenium_Learning\src\test\resources
2026-01-23 08:37:49,722 [Worker-26: Building] INFO  o.a.m.s.f.DefaultMavenResourcesFiltering - skip non existing resourceDirectory C:\Users\Admin\Automation MWF 8-00 to 9-30\Selenium_Learning\src\main\resources
2026-01-23 08:37:49,723 [Worker-26: Building] INFO  o.a.m.s.f.DefaultMavenResourcesFiltering - skip non existing resourceDirectory C:\Users\Admin\Automation MWF 8-00 to 9-30\Selenium_Learning\src\test\resources
2026-01-23 08:38:10,271 [Worker-23: Building] INFO  o.a.m.s.f.DefaultMavenResourcesFiltering - skip non existing resourceDirectory C:\Users\Admin\Automation MWF 8-00 to 9-30\Selenium_Learning\src\main\resources
2026-01-23 08:38:10,273 [Worker-23: Building] INFO  o.a.m.s.f.DefaultMavenResourcesFiltering - skip non existing resourceDirectory C:\Users\Admin\Automation MWF 8-00 to 9-30\Selenium_Learning\src\test\resources
2026-01-23 08:38:24,465 [Worker-24: Building] INFO  o.a.m.s.f.DefaultMavenResourcesFiltering - skip non existing resourceDirectory C:\Users\Admin\Automation MWF 8-00 to 9-30\Selenium_Learning\src\main\resources
2026-01-23 08:38:24,467 [Worker-24: Building] INFO  o.a.m.s.f.DefaultMavenResourcesFiltering - skip non existing resourceDirectory C:\Users\Admin\Automation MWF 8-00 to 9-30\Selenium_Learning\src\test\resources
2026-01-23 08:38:42,255 [Worker-25: Building] INFO  o.a.m.s.f.DefaultMavenResourcesFiltering - skip non existing resourceDirectory C:\Users\Admin\Automation MWF 8-00 to 9-30\Selenium_Learning\src\main\resources
2026-01-23 08:38:42,258 [Worker-25: Building] INFO  o.a.m.s.f.DefaultMavenResourcesFiltering - skip non existing resourceDirectory C:\Users\Admin\Automation MWF 8-00 to 9-30\Selenium_Learning\src\test\resources
2026-01-23 08:39:45,454 [Worker-26: Building] INFO  o.a.m.s.f.DefaultMavenResourcesFiltering - skip non existing resourceDirectory C:\Users\Admin\Automation MWF 8-00 to 9-30\Selenium_Learning\src\main\resources
2026-01-23 08:39:45,458 [Worker-26: Building] INFO  o.a.m.s.f.DefaultMavenResourcesFiltering - skip non existing resourceDirectory C:\Users\Admin\Automation MWF 8-00 to 9-30\Selenium_Learning\src\test\resources
2026-01-23 08:40:16,775 [Worker-26: Building] INFO  o.a.m.s.f.DefaultMavenResourcesFiltering - skip non existing resourceDirectory C:\Users\Admin\Automation MWF 8-00 to 9-30\Selenium_Learning\src\main\resources
2026-01-23 08:40:16,777 [Worker-26: Building] INFO  o.a.m.s.f.DefaultMavenResourcesFiltering - skip non existing resourceDirectory C:\Users\Admin\Automation MWF 8-00 to 9-30\Selenium_Learning\src\test\resources
2026-01-23 08:40:17,813 [Worker-26: Building] INFO  o.a.m.s.f.DefaultMavenResourcesFiltering - skip non existing resourceDirectory C:\Users\Admin\Automation MWF 8-00 to 9-30\Selenium_Learning\src\main\resources
2026-01-23 08:40:17,815 [Worker-26: Building] INFO  o.a.m.s.f.DefaultMavenResourcesFiltering - skip non existing resourceDirectory C:\Users\Admin\Automation MWF 8-00 to 9-30\Selenium_Learning\src\test\resources
2026-01-23 08:41:46,792 [Worker-12: Building] INFO  o.a.m.s.f.DefaultMavenResourcesFiltering - skip non existing resourceDirectory C:\Users\Admin\Automation MWF 8-00 to 9-30\Selenium_Learning\src\main\resources
2026-01-23 08:41:46,794 [Worker-12: Building] INFO  o.a.m.s.f.DefaultMavenResourcesFiltering - skip non existing resourceDirectory C:\Users\Admin\Automation MWF 8-00 to 9-30\Selenium_Learning\src\test\resources
2026-01-23 08:41:54,242 [Worker-24: Building] INFO  o.a.m.s.f.DefaultMavenResourcesFiltering - skip non existing resourceDirectory C:\Users\Admin\Automation MWF 8-00 to 9-30\Selenium_Learning\src\main\resources
2026-01-23 08:41:54,243 [Worker-24: Building] INFO  o.a.m.s.f.DefaultMavenResourcesFiltering - skip non existing resourceDirectory C:\Users\Admin\Automation MWF 8-00 to 9-30\Selenium_Learning\src\test\resources
2026-01-23 08:42:17,598 [Worker-25: Building] INFO  o.a.m.s.f.DefaultMavenResourcesFiltering - skip non existing resourceDirectory C:\Users\Admin\Automation MWF 8-00 to 9-30\Selenium_Learning\src\main\resources
2026-01-23 08:42:17,599 [Worker-25: Building] INFO  o.a.m.s.f.DefaultMavenResourcesFiltering - skip non existing resourceDirectory C:\Users\Admin\Automation MWF 8-00 to 9-30\Selenium_Learning\src\test\resources
2026-01-23 08:42:34,183 [Worker-24: Building] INFO  o.a.m.s.f.DefaultMavenResourcesFiltering - skip non existing resourceDirectory C:\Users\Admin\Automation MWF 8-00 to 9-30\Selenium_Learning\src\main\resources
2026-01-23 08:42:34,185 [Worker-24: Building] INFO  o.a.m.s.f.DefaultMavenResourcesFiltering - skip non existing resourceDirectory C:\Users\Admin\Automation MWF 8-00 to 9-30\Selenium_Learning\src\test\resources
2026-01-23 08:42:48,154 [Worker-26: Building] INFO  o.a.m.s.f.DefaultMavenResourcesFiltering - skip non existing resourceDirectory C:\Users\Admin\Automation MWF 8-00 to 9-30\Selenium_Learning\src\main\resources
2026-01-23 08:42:48,156 [Worker-26: Building] INFO  o.a.m.s.f.DefaultMavenResourcesFiltering - skip non existing resourceDirectory C:\Users\Admin\Automation MWF 8-00 to 9-30\Selenium_Learning\src\test\resources
2026-01-23 08:42:53,205 [Worker-24: Building] INFO  o.a.m.s.f.DefaultMavenResourcesFiltering - skip non existing resourceDirectory C:\Users\Admin\Automation MWF 8-00 to 9-30\Selenium_Learning\src\main\resources
2026-01-23 08:42:53,207 [Worker-24: Building] INFO  o.a.m.s.f.DefaultMavenResourcesFiltering - skip non existing resourceDirectory C:\Users\Admin\Automation MWF 8-00 to 9-30\Selenium_Learning\src\test\resources
2026-01-23 08:44:03,910 [Worker-26: Building] INFO  o.a.m.s.f.DefaultMavenResourcesFiltering - skip non existing resourceDirectory C:\Users\Admin\Automation MWF 8-00 to 9-30\Selenium_Learning\src\main\resources
2026-01-23 08:44:03,912 [Worker-26: Building] INFO  o.a.m.s.f.DefaultMavenResourcesFiltering - skip non existing resourceDirectory C:\Users\Admin\Automation MWF 8-00 to 9-30\Selenium_Learning\src\test\resources
2026-01-23 08:44:04,946 [Worker-5: Building] INFO  o.a.m.s.f.DefaultMavenResourcesFiltering - skip non existing resourceDirectory C:\Users\Admin\Automation MWF 8-00 to 9-30\Selenium_Learning\src\main\resources
2026-01-23 08:44:04,948 [Worker-5: Building] INFO  o.a.m.s.f.DefaultMavenResourcesFiltering - skip non existing resourceDirectory C:\Users\Admin\Automation MWF 8-00 to 9-30\Selenium_Learning\src\test\resources
2026-01-23 08:45:44,380 [Worker-27: Building] INFO  o.a.m.s.f.DefaultMavenResourcesFiltering - skip non existing resourceDirectory C:\Users\Admin\Automation MWF 8-00 to 9-30\Selenium_Learning\src\main\resources
2026-01-23 08:45:44,382 [Worker-27: Building] INFO  o.a.m.s.f.DefaultMavenResourcesFiltering - skip non existing resourceDirectory C:\Users\Admin\Automation MWF 8-00 to 9-30\Selenium_Learning\src\test\resources
2026-01-23 08:45:53,896 [Worker-5: Building] INFO  o.a.m.s.f.DefaultMavenResourcesFiltering - skip non existing resourceDirectory C:\Users\Admin\Automation MWF 8-00 to 9-30\Selenium_Learning\src\main\resources
2026-01-23 08:45:53,897 [Worker-5: Building] INFO  o.a.m.s.f.DefaultMavenResourcesFiltering - skip non existing resourceDirectory C:\Users\Admin\Automation MWF 8-00 to 9-30\Selenium_Learning\src\test\resources
2026-01-23 08:46:27,137 [Worker-27: Building] INFO  o.a.m.s.f.DefaultMavenResourcesFiltering - skip non existing resourceDirectory C:\Users\Admin\Automation MWF 8-00 to 9-30\Selenium_Learning\src\main\resources
2026-01-23 08:46:27,140 [Worker-27: Building] INFO  o.a.m.s.f.DefaultMavenResourcesFiltering - skip non existing resourceDirectory C:\Users\Admin\Automation MWF 8-00 to 9-30\Selenium_Learning\src\test\resources
2026-01-23 08:47:08,472 [Worker-28: Building] INFO  o.a.m.s.f.DefaultMavenResourcesFiltering - skip non existing resourceDirectory C:\Users\Admin\Automation MWF 8-00 to 9-30\Selenium_Learning\src\main\resources
2026-01-23 08:47:08,475 [Worker-28: Building] INFO  o.a.m.s.f.DefaultMavenResourcesFiltering - skip non existing resourceDirectory C:\Users\Admin\Automation MWF 8-00 to 9-30\Selenium_Learning\src\test\resources
2026-01-23 08:47:51,213 [Worker-5: Building] INFO  o.a.m.s.f.DefaultMavenResourcesFiltering - skip non existing resourceDirectory C:\Users\Admin\Automation MWF 8-00 to 9-30\Selenium_Learning\src\main\resources
2026-01-23 08:47:51,214 [Worker-5: Building] INFO  o.a.m.s.f.DefaultMavenResourcesFiltering - skip non existing resourceDirectory C:\Users\Admin\Automation MWF 8-00 to 9-30\Selenium_Learning\src\test\resources
2026-01-23 08:48:04,892 [Worker-28: Building] INFO  o.a.m.s.f.DefaultMavenResourcesFiltering - skip non existing resourceDirectory C:\Users\Admin\Automation MWF 8-00 to 9-30\Selenium_Learning\src\main\resources
2026-01-23 08:48:04,895 [Worker-28: Building] INFO  o.a.m.s.f.DefaultMavenResourcesFiltering - skip non existing resourceDirectory C:\Users\Admin\Automation MWF 8-00 to 9-30\Selenium_Learning\src\test\resources
2026-01-23 08:48:18,634 [Worker-27: Building] INFO  o.a.m.s.f.DefaultMavenResourcesFiltering - skip non existing resourceDirectory C:\Users\Admin\Automation MWF 8-00 to 9-30\Selenium_Learning\src\main\resources
2026-01-23 08:48:18,637 [Worker-27: Building] INFO  o.a.m.s.f.DefaultMavenResourcesFiltering - skip non existing resourceDirectory C:\Users\Admin\Automation MWF 8-00 to 9-30\Selenium_Learning\src\test\resources
2026-01-23 08:48:32,962 [Worker-28: Building] INFO  o.a.m.s.f.DefaultMavenResourcesFiltering - skip non existing resourceDirectory C:\Users\Admin\Automation MWF 8-00 to 9-30\Selenium_Learning\src\main\resources
2026-01-23 08:48:32,964 [Worker-28: Building] INFO  o.a.m.s.f.DefaultMavenResourcesFiltering - skip non existing resourceDirectory C:\Users\Admin\Automation MWF 8-00 to 9-30\Selenium_Learning\src\test\resources
2026-01-23 08:48:49,781 [Worker-28: Building] INFO  o.a.m.s.f.DefaultMavenResourcesFiltering - skip non existing resourceDirectory C:\Users\Admin\Automation MWF 8-00 to 9-30\Selenium_Learning\src\main\resources
2026-01-23 08:48:49,782 [Worker-28: Building] INFO  o.a.m.s.f.DefaultMavenResourcesFiltering - skip non existing resourceDirectory C:\Users\Admin\Automation MWF 8-00 to 9-30\Selenium_Learning\src\test\resources
2026-01-23 08:48:53,253 [Worker-27: Building] INFO  o.a.m.s.f.DefaultMavenResourcesFiltering - skip non existing resourceDirectory C:\Users\Admin\Automation MWF 8-00 to 9-30\Selenium_Learning\src\main\resources
2026-01-23 08:48:53,254 [Worker-27: Building] INFO  o.a.m.s.f.DefaultMavenResourcesFiltering - skip non existing resourceDirectory C:\Users\Admin\Automation MWF 8-00 to 9-30\Selenium_Learning\src\test\resources
2026-01-23 08:49:13,838 [Worker-25: Building] INFO  o.a.m.s.f.DefaultMavenResourcesFiltering - skip non existing resourceDirectory C:\Users\Admin\Automation MWF 8-00 to 9-30\Selenium_Learning\src\main\resources
2026-01-23 08:49:13,839 [Worker-25: Building] INFO  o.a.m.s.f.DefaultMavenResourcesFiltering - skip non existing resourceDirectory C:\Users\Admin\Automation MWF 8-00 to 9-30\Selenium_Learning\src\test\resources
2026-01-23 08:49:47,157 [Worker-25: Building] INFO  o.a.m.s.f.DefaultMavenResourcesFiltering - skip non existing resourceDirectory C:\Users\Admin\Automation MWF 8-00 to 9-30\Selenium_Learning\src\main\resources
2026-01-23 08:49:47,159 [Worker-25: Building] INFO  o.a.m.s.f.DefaultMavenResourcesFiltering - skip non existing resourceDirectory C:\Users\Admin\Automation MWF 8-00 to 9-30\Selenium_Learning\src\test\resources
2026-01-23 08:52:13,384 [Worker-24: Building] INFO  o.a.m.s.f.DefaultMavenResourcesFiltering - skip non existing resourceDirectory C:\Users\Admin\Automation MWF 8-00 to 9-30\Selenium_Learning\src\main\resources
2026-01-23 08:52:13,387 [Worker-24: Building] INFO  o.a.m.s.f.DefaultMavenResourcesFiltering - skip non existing resourceDirectory C:\Users\Admin\Automation MWF 8-00 to 9-30\Selenium_Learning\src\test\resources
2026-01-23 08:52:18,382 [Worker-31: Building] INFO  o.a.m.s.f.DefaultMavenResourcesFiltering - skip non existing resourceDirectory C:\Users\Admin\Automation MWF 8-00 to 9-30\Selenium_Learning\src\main\resources
2026-01-23 08:52:18,384 [Worker-31: Building] INFO  o.a.m.s.f.DefaultMavenResourcesFiltering - skip non existing resourceDirectory C:\Users\Admin\Automation MWF 8-00 to 9-30\Selenium_Learning\src\test\resources
2026-01-23 08:52:45,963 [Worker-31: Building] INFO  o.a.m.s.f.DefaultMavenResourcesFiltering - skip non existing resourceDirectory C:\Users\Admin\Automation MWF 8-00 to 9-30\Selenium_Learning\src\main\resources
2026-01-23 08:52:45,964 [Worker-31: Building] INFO  o.a.m.s.f.DefaultMavenResourcesFiltering - skip non existing resourceDirectory C:\Users\Admin\Automation MWF 8-00 to 9-30\Selenium_Learning\src\test\resources
2026-01-23 08:52:46,993 [Worker-23: Building] INFO  o.a.m.s.f.DefaultMavenResourcesFiltering - skip non existing resourceDirectory C:\Users\Admin\Automation MWF 8-00 to 9-30\Selenium_Learning\src\main\resources
2026-01-23 08:52:46,995 [Worker-23: Building] INFO  o.a.m.s.f.DefaultMavenResourcesFiltering - skip non existing resourceDirectory C:\Users\Admin\Automation MWF 8-00 to 9-30\Selenium_Learning\src\test\resources
2026-01-28 08:27:15,490 [Worker-2: Loading available Gradle versions] INFO  o.e.b.c.i.u.g.PublishedGradleVersions - Gradle version information cache is out-of-date. Trying to update.
2026-01-28 08:32:06,188 [Worker-1: Building] INFO  o.a.m.s.f.DefaultMavenResourcesFiltering - skip non existing resourceDirectory C:\Users\Admin\Automation MWF 8-00 to 9-30\Selenium_Learning\src\main\resources
2026-01-28 08:32:06,194 [Worker-1: Building] INFO  o.a.m.s.f.DefaultMavenResourcesFiltering - skip non existing resourceDirectory C:\Users\Admin\Automation MWF 8-00 to 9-30\Selenium_Learning\src\test\resources
2026-01-28 08:37:58,276 [Worker-14: Launching mavenrun-4bb2dccb-a7ff-4f77-8f97-8ee0937bdc14] INFO  o.eclipse.m2e.core.internal.Bundles - getClasspathEntries(Bundle=org.eclipse.m2e.maven.runtime_3.9.700.20240602-2313 [642])
2026-01-28 08:37:58,278 [Worker-14: Launching mavenrun-4bb2dccb-a7ff-4f77-8f97-8ee0937bdc14] INFO  o.eclipse.m2e.core.internal.Bundles - 	Entry: C:\Users\Admin\.p2\pool\plugins\org.eclipse.m2e.maven.runtime_3.9.700.20240602-2313
2026-01-28 08:37:58,278 [Worker-14: Launching mavenrun-4bb2dccb-a7ff-4f77-8f97-8ee0937bdc14] INFO  o.eclipse.m2e.core.internal.Bundles - 	Entry: C:\Users\Admin\.p2\pool\plugins\org.eclipse.m2e.maven.runtime_3.9.700.20240602-2313\jars\aopalliance-1.0.jar
2026-01-28 08:37:58,279 [Worker-14: Launching mavenrun-4bb2dccb-a7ff-4f77-8f97-8ee0937bdc14] INFO  o.eclipse.m2e.core.internal.Bundles - 	Entry: C:\Users\Admin\.p2\pool\plugins\org.eclipse.m2e.maven.runtime_3.9.700.20240602-2313\jars\guice-5.1.0.jar
2026-01-28 08:37:58,279 [Worker-14: Launching mavenrun-4bb2dccb-a7ff-4f77-8f97-8ee0937bdc14] INFO  o.eclipse.m2e.core.internal.Bundles - 	Entry: C:\Users\Admin\.p2\pool\plugins\org.eclipse.m2e.maven.runtime_3.9.700.20240602-2313\jars\httpclient-4.5.14.jar
2026-01-28 08:37:58,279 [Worker-14: Launching mavenrun-4bb2dccb-a7ff-4f77-8f97-8ee0937bdc14] INFO  o.eclipse.m2e.core.internal.Bundles - 	Entry: C:\Users\Admin\.p2\pool\plugins\org.eclipse.m2e.maven.runtime_3.9.700.20240602-2313\jars\httpcore-4.4.16.jar
2026-01-28 08:37:58,279 [Worker-14: Launching mavenrun-4bb2dccb-a7ff-4f77-8f97-8ee0937bdc14] INFO  o.eclipse.m2e.core.internal.Bundles - 	Entry: C:\Users\Admin\.p2\pool\plugins\org.eclipse.m2e.maven.runtime_3.9.700.20240602-2313\jars\jansi-2.4.1.jar
2026-01-28 08:37:58,279 [Worker-14: Launching mavenrun-4bb2dccb-a7ff-4f77-8f97-8ee0937bdc14] INFO  o.eclipse.m2e.core.internal.Bundles - 	Entry: C:\Users\Admin\.p2\pool\plugins\org.eclipse.m2e.maven.runtime_3.9.700.20240602-2313\jars\jcl-over-slf4j-1.7.36.jar
2026-01-28 08:37:58,280 [Worker-14: Launching mavenrun-4bb2dccb-a7ff-4f77-8f97-8ee0937bdc14] INFO  o.eclipse.m2e.core.internal.Bundles - 	Entry: C:\Users\Admin\.p2\pool\plugins\org.eclipse.m2e.maven.runtime_3.9.700.20240602-2313\jars\maven-artifact-3.9.7.jar
2026-01-28 08:37:58,280 [Worker-14: Launching mavenrun-4bb2dccb-a7ff-4f77-8f97-8ee0937bdc14] INFO  o.eclipse.m2e.core.internal.Bundles - 	Entry: C:\Users\Admin\.p2\pool\plugins\org.eclipse.m2e.maven.runtime_3.9.700.20240602-2313\jars\maven-builder-support-3.9.7.jar
2026-01-28 08:37:58,280 [Worker-14: Launching mavenrun-4bb2dccb-a7ff-4f77-8f97-8ee0937bdc14] INFO  o.eclipse.m2e.core.internal.Bundles - 	Entry: C:\Users\Admin\.p2\pool\plugins\org.eclipse.m2e.maven.runtime_3.9.700.20240602-2313\jars\maven-compat-3.9.7.jar
2026-01-28 08:37:58,280 [Worker-14: Launching mavenrun-4bb2dccb-a7ff-4f77-8f97-8ee0937bdc14] INFO  o.eclipse.m2e.core.internal.Bundles - 	Entry: C:\Users\Admin\.p2\pool\plugins\org.eclipse.m2e.maven.runtime_3.9.700.20240602-2313\jars\maven-core-3.9.7.jar
2026-01-28 08:37:58,280 [Worker-14: Launching mavenrun-4bb2dccb-a7ff-4f77-8f97-8ee0937bdc14] INFO  o.eclipse.m2e.core.internal.Bundles - 	Entry: C:\Users\Admin\.p2\pool\plugins\org.eclipse.m2e.maven.runtime_3.9.700.20240602-2313\jars\maven-embedder-3.9.7.jar
2026-01-28 08:37:58,280 [Worker-14: Launching mavenrun-4bb2dccb-a7ff-4f77-8f97-8ee0937bdc14] INFO  o.eclipse.m2e.core.internal.Bundles - 	Entry: C:\Users\Admin\.p2\pool\plugins\org.eclipse.m2e.maven.runtime_3.9.700.20240602-2313\jars\maven-model-3.9.7.jar
2026-01-28 08:37:58,280 [Worker-14: Launching mavenrun-4bb2dccb-a7ff-4f77-8f97-8ee0937bdc14] INFO  o.eclipse.m2e.core.internal.Bundles - 	Entry: C:\Users\Admin\.p2\pool\plugins\org.eclipse.m2e.maven.runtime_3.9.700.20240602-2313\jars\maven-model-builder-3.9.7.jar
2026-01-28 08:37:58,281 [Worker-14: Launching mavenrun-4bb2dccb-a7ff-4f77-8f97-8ee0937bdc14] INFO  o.eclipse.m2e.core.internal.Bundles - 	Entry: C:\Users\Admin\.p2\pool\plugins\org.eclipse.m2e.maven.runtime_3.9.700.20240602-2313\jars\maven-plugin-api-3.9.7.jar
2026-01-28 08:37:58,281 [Worker-14: Launching mavenrun-4bb2dccb-a7ff-4f77-8f97-8ee0937bdc14] INFO  o.eclipse.m2e.core.internal.Bundles - 	Entry: C:\Users\Admin\.p2\pool\plugins\org.eclipse.m2e.maven.runtime_3.9.700.20240602-2313\jars\maven-repository-metadata-3.9.7.jar
2026-01-28 08:37:58,281 [Worker-14: Launching mavenrun-4bb2dccb-a7ff-4f77-8f97-8ee0937bdc14] INFO  o.eclipse.m2e.core.internal.Bundles - 	Entry: C:\Users\Admin\.p2\pool\plugins\org.eclipse.m2e.maven.runtime_3.9.700.20240602-2313\jars\maven-resolver-api-1.9.20.jar
2026-01-28 08:37:58,281 [Worker-14: Launching mavenrun-4bb2dccb-a7ff-4f77-8f97-8ee0937bdc14] INFO  o.eclipse.m2e.core.internal.Bundles - 	Entry: C:\Users\Admin\.p2\pool\plugins\org.eclipse.m2e.maven.runtime_3.9.700.20240602-2313\jars\maven-resolver-connector-basic-1.9.20.jar
2026-01-28 08:37:58,281 [Worker-14: Launching mavenrun-4bb2dccb-a7ff-4f77-8f97-8ee0937bdc14] INFO  o.eclipse.m2e.core.internal.Bundles - 	Entry: C:\Users\Admin\.p2\pool\plugins\org.eclipse.m2e.maven.runtime_3.9.700.20240602-2313\jars\maven-resolver-impl-1.9.20.jar
2026-01-28 08:37:58,281 [Worker-14: Launching mavenrun-4bb2dccb-a7ff-4f77-8f97-8ee0937bdc14] INFO  o.eclipse.m2e.core.internal.Bundles - 	Entry: C:\Users\Admin\.p2\pool\plugins\org.eclipse.m2e.maven.runtime_3.9.700.20240602-2313\jars\maven-resolver-named-locks-1.9.20.jar
2026-01-28 08:37:58,281 [Worker-14: Launching mavenrun-4bb2dccb-a7ff-4f77-8f97-8ee0937bdc14] INFO  o.eclipse.m2e.core.internal.Bundles - 	Entry: C:\Users\Admin\.p2\pool\plugins\org.eclipse.m2e.maven.runtime_3.9.700.20240602-2313\jars\maven-resolver-provider-3.9.7.jar
2026-01-28 08:37:58,282 [Worker-14: Launching mavenrun-4bb2dccb-a7ff-4f77-8f97-8ee0937bdc14] INFO  o.eclipse.m2e.core.internal.Bundles - 	Entry: C:\Users\Admin\.p2\pool\plugins\org.eclipse.m2e.maven.runtime_3.9.700.20240602-2313\jars\maven-resolver-spi-1.9.20.jar
2026-01-28 08:37:58,282 [Worker-14: Launching mavenrun-4bb2dccb-a7ff-4f77-8f97-8ee0937bdc14] INFO  o.eclipse.m2e.core.internal.Bundles - 	Entry: C:\Users\Admin\.p2\pool\plugins\org.eclipse.m2e.maven.runtime_3.9.700.20240602-2313\jars\maven-resolver-transport-file-1.9.20.jar
2026-01-28 08:37:58,282 [Worker-14: Launching mavenrun-4bb2dccb-a7ff-4f77-8f97-8ee0937bdc14] INFO  o.eclipse.m2e.core.internal.Bundles - 	Entry: C:\Users\Admin\.p2\pool\plugins\org.eclipse.m2e.maven.runtime_3.9.700.20240602-2313\jars\maven-resolver-transport-http-1.9.20.jar
2026-01-28 08:37:58,282 [Worker-14: Launching mavenrun-4bb2dccb-a7ff-4f77-8f97-8ee0937bdc14] INFO  o.eclipse.m2e.core.internal.Bundles - 	Entry: C:\Users\Admin\.p2\pool\plugins\org.eclipse.m2e.maven.runtime_3.9.700.20240602-2313\jars\maven-resolver-transport-wagon-1.9.20.jar
2026-01-28 08:37:58,283 [Worker-14: Launching mavenrun-4bb2dccb-a7ff-4f77-8f97-8ee0937bdc14] INFO  o.eclipse.m2e.core.internal.Bundles - 	Entry: C:\Users\Admin\.p2\pool\plugins\org.eclipse.m2e.maven.runtime_3.9.700.20240602-2313\jars\maven-resolver-util-1.9.20.jar
2026-01-28 08:37:58,283 [Worker-14: Launching mavenrun-4bb2dccb-a7ff-4f77-8f97-8ee0937bdc14] INFO  o.eclipse.m2e.core.internal.Bundles - 	Entry: C:\Users\Admin\.p2\pool\plugins\org.eclipse.m2e.maven.runtime_3.9.700.20240602-2313\jars\maven-settings-3.9.7.jar
2026-01-28 08:37:58,283 [Worker-14: Launching mavenrun-4bb2dccb-a7ff-4f77-8f97-8ee0937bdc14] INFO  o.eclipse.m2e.core.internal.Bundles - 	Entry: C:\Users\Admin\.p2\pool\plugins\org.eclipse.m2e.maven.runtime_3.9.700.20240602-2313\jars\maven-settings-builder-3.9.7.jar
2026-01-28 08:37:58,283 [Worker-14: Launching mavenrun-4bb2dccb-a7ff-4f77-8f97-8ee0937bdc14] INFO  o.eclipse.m2e.core.internal.Bundles - 	Entry: C:\Users\Admin\.p2\pool\plugins\org.eclipse.m2e.maven.runtime_3.9.700.20240602-2313\jars\maven-shared-utils-3.4.2.jar
2026-01-28 08:37:58,283 [Worker-14: Launching mavenrun-4bb2dccb-a7ff-4f77-8f97-8ee0937bdc14] INFO  o.eclipse.m2e.core.internal.Bundles - 	Entry: C:\Users\Admin\.p2\pool\plugins\org.eclipse.m2e.maven.runtime_3.9.700.20240602-2313\jars\org.eclipse.sisu.inject-0.9.0.M2.jar
2026-01-28 08:37:58,284 [Worker-14: Launching mavenrun-4bb2dccb-a7ff-4f77-8f97-8ee0937bdc14] INFO  o.eclipse.m2e.core.internal.Bundles - 	Entry: C:\Users\Admin\.p2\pool\plugins\org.eclipse.m2e.maven.runtime_3.9.700.20240602-2313\jars\org.eclipse.sisu.plexus-0.9.0.M2.jar
2026-01-28 08:37:58,284 [Worker-14: Launching mavenrun-4bb2dccb-a7ff-4f77-8f97-8ee0937bdc14] INFO  o.eclipse.m2e.core.internal.Bundles - 	Entry: C:\Users\Admin\.p2\pool\plugins\org.eclipse.m2e.maven.runtime_3.9.700.20240602-2313\jars\plexus-build-api-0.0.7.jar
2026-01-28 08:37:58,284 [Worker-14: Launching mavenrun-4bb2dccb-a7ff-4f77-8f97-8ee0937bdc14] INFO  o.eclipse.m2e.core.internal.Bundles - 	Entry: C:\Users\Admin\.p2\pool\plugins\org.eclipse.m2e.maven.runtime_3.9.700.20240602-2313\jars\plexus-build-api-1.2.0.jar
2026-01-28 08:37:58,285 [Worker-14: Launching mavenrun-4bb2dccb-a7ff-4f77-8f97-8ee0937bdc14] INFO  o.eclipse.m2e.core.internal.Bundles - 	Entry: C:\Users\Admin\.p2\pool\plugins\org.eclipse.m2e.maven.runtime_3.9.700.20240602-2313\jars\plexus-cipher-2.0.jar
2026-01-28 08:37:58,285 [Worker-14: Launching mavenrun-4bb2dccb-a7ff-4f77-8f97-8ee0937bdc14] INFO  o.eclipse.m2e.core.internal.Bundles - 	Entry: C:\Users\Admin\.p2\pool\plugins\org.eclipse.m2e.maven.runtime_3.9.700.20240602-2313\jars\plexus-classworlds-2.8.0.jar
2026-01-28 08:37:58,285 [Worker-14: Launching mavenrun-4bb2dccb-a7ff-4f77-8f97-8ee0937bdc14] INFO  o.eclipse.m2e.core.internal.Bundles - 	Entry: C:\Users\Admin\.p2\pool\plugins\org.eclipse.m2e.maven.runtime_3.9.700.20240602-2313\jars\plexus-component-annotations-2.1.0.jar
2026-01-28 08:37:58,285 [Worker-14: Launching mavenrun-4bb2dccb-a7ff-4f77-8f97-8ee0937bdc14] INFO  o.eclipse.m2e.core.internal.Bundles - 	Entry: C:\Users\Admin\.p2\pool\plugins\org.eclipse.m2e.maven.runtime_3.9.700.20240602-2313\jars\plexus-interpolation-1.27.jar
2026-01-28 08:37:58,285 [Worker-14: Launching mavenrun-4bb2dccb-a7ff-4f77-8f97-8ee0937bdc14] INFO  o.eclipse.m2e.core.internal.Bundles - 	Entry: C:\Users\Admin\.p2\pool\plugins\org.eclipse.m2e.maven.runtime_3.9.700.20240602-2313\jars\plexus-sec-dispatcher-2.0.jar
2026-01-28 08:37:58,285 [Worker-14: Launching mavenrun-4bb2dccb-a7ff-4f77-8f97-8ee0937bdc14] INFO  o.eclipse.m2e.core.internal.Bundles - 	Entry: C:\Users\Admin\.p2\pool\plugins\org.eclipse.m2e.maven.runtime_3.9.700.20240602-2313\jars\plexus-utils-3.5.1.jar
2026-01-28 08:37:58,285 [Worker-14: Launching mavenrun-4bb2dccb-a7ff-4f77-8f97-8ee0937bdc14] INFO  o.eclipse.m2e.core.internal.Bundles - 	Entry: C:\Users\Admin\.p2\pool\plugins\org.eclipse.m2e.maven.runtime_3.9.700.20240602-2313\jars\wagon-file-3.5.3.jar
2026-01-28 08:37:58,286 [Worker-14: Launching mavenrun-4bb2dccb-a7ff-4f77-8f97-8ee0937bdc14] INFO  o.eclipse.m2e.core.internal.Bundles - 	Entry: C:\Users\Admin\.p2\pool\plugins\org.eclipse.m2e.maven.runtime_3.9.700.20240602-2313\jars\wagon-http-3.5.3.jar
2026-01-28 08:37:58,286 [Worker-14: Launching mavenrun-4bb2dccb-a7ff-4f77-8f97-8ee0937bdc14] INFO  o.eclipse.m2e.core.internal.Bundles - 	Entry: C:\Users\Admin\.p2\pool\plugins\org.eclipse.m2e.maven.runtime_3.9.700.20240602-2313\jars\wagon-http-shared-3.5.3.jar
2026-01-28 08:37:58,286 [Worker-14: Launching mavenrun-4bb2dccb-a7ff-4f77-8f97-8ee0937bdc14] INFO  o.eclipse.m2e.core.internal.Bundles - 	Entry: C:\Users\Admin\.p2\pool\plugins\org.eclipse.m2e.maven.runtime_3.9.700.20240602-2313\jars\wagon-provider-api-3.5.3.jar
2026-01-28 08:37:58,287 [Worker-14: Launching mavenrun-4bb2dccb-a7ff-4f77-8f97-8ee0937bdc14] INFO  o.eclipse.m2e.core.internal.Bundles - getClasspathEntries(Bundle=com.google.guava_33.4.8.jre [1147])
2026-01-28 08:37:58,287 [Worker-14: Launching mavenrun-4bb2dccb-a7ff-4f77-8f97-8ee0937bdc14] INFO  o.eclipse.m2e.core.internal.Bundles - 	Entry: C:\Users\Admin\.p2\pool\plugins\com.google.guava_33.4.8.jre.jar
2026-01-28 08:37:58,287 [Worker-14: Launching mavenrun-4bb2dccb-a7ff-4f77-8f97-8ee0937bdc14] INFO  o.eclipse.m2e.core.internal.Bundles - getClasspathEntries(Bundle=slf4j.api_2.0.17 [1007])
2026-01-28 08:37:58,288 [Worker-14: Launching mavenrun-4bb2dccb-a7ff-4f77-8f97-8ee0937bdc14] INFO  o.eclipse.m2e.core.internal.Bundles - 	Entry: C:\Users\Admin\.p2\pool\plugins\slf4j.api_2.0.17.jar
2026-01-28 08:37:58,288 [Worker-14: Launching mavenrun-4bb2dccb-a7ff-4f77-8f97-8ee0937bdc14] INFO  o.eclipse.m2e.core.internal.Bundles - getClasspathEntries(Bundle=javax.inject_1.0.0.v20091030 [1223])
2026-01-28 08:37:58,288 [Worker-14: Launching mavenrun-4bb2dccb-a7ff-4f77-8f97-8ee0937bdc14] INFO  o.eclipse.m2e.core.internal.Bundles - 	Entry: C:\Users\Admin\.p2\pool\plugins\javax.inject_1.0.0.v20091030.jar
2026-01-28 08:37:58,288 [Worker-14: Launching mavenrun-4bb2dccb-a7ff-4f77-8f97-8ee0937bdc14] INFO  o.eclipse.m2e.core.internal.Bundles - getClasspathEntries(Bundle=javax.annotation_1.3.5.v20200909-1856 [44])
2026-01-28 08:37:58,289 [Worker-14: Launching mavenrun-4bb2dccb-a7ff-4f77-8f97-8ee0937bdc14] INFO  o.eclipse.m2e.core.internal.Bundles - 	Entry: C:\Users\Admin\.p2\pool\plugins\javax.annotation_1.3.5.v20200909-1856.jar
2026-01-28 08:37:58,289 [Worker-14: Launching mavenrun-4bb2dccb-a7ff-4f77-8f97-8ee0937bdc14] INFO  o.eclipse.m2e.core.internal.Bundles - getClasspathEntries(Bundle=org.apache.commons.cli_1.9.0 [1161])
2026-01-28 08:37:58,289 [Worker-14: Launching mavenrun-4bb2dccb-a7ff-4f77-8f97-8ee0937bdc14] INFO  o.eclipse.m2e.core.internal.Bundles - 	Entry: C:\Users\Admin\.p2\pool\plugins\org.apache.commons.cli_1.9.0.jar
2026-01-28 08:37:58,289 [Worker-14: Launching mavenrun-4bb2dccb-a7ff-4f77-8f97-8ee0937bdc14] INFO  o.eclipse.m2e.core.internal.Bundles - getClasspathEntries(Bundle=org.apache.commons.commons-codec_1.16.0 [81])
2026-01-28 08:37:58,290 [Worker-14: Launching mavenrun-4bb2dccb-a7ff-4f77-8f97-8ee0937bdc14] INFO  o.eclipse.m2e.core.internal.Bundles - 	Entry: C:\Users\Admin\.p2\pool\plugins\org.apache.commons.commons-codec_1.16.0.jar
2026-01-28 08:37:58,290 [Worker-14: Launching mavenrun-4bb2dccb-a7ff-4f77-8f97-8ee0937bdc14] INFO  o.eclipse.m2e.core.internal.Bundles - getClasspathEntries(Bundle=org.apache.commons.lang3_3.17.0 [1064])
2026-01-28 08:37:58,290 [Worker-14: Launching mavenrun-4bb2dccb-a7ff-4f77-8f97-8ee0937bdc14] INFO  o.eclipse.m2e.core.internal.Bundles - 	Entry: C:\Users\Admin\.p2\pool\plugins\org.apache.commons.lang3_3.17.0.jar
2026-01-28 08:37:58,290 [Worker-14: Launching mavenrun-4bb2dccb-a7ff-4f77-8f97-8ee0937bdc14] INFO  o.eclipse.m2e.core.internal.Bundles - getClasspathEntries(Bundle=com.google.guava.failureaccess_1.0.3 [1148])
2026-01-28 08:37:58,290 [Worker-14: Launching mavenrun-4bb2dccb-a7ff-4f77-8f97-8ee0937bdc14] INFO  o.eclipse.m2e.core.internal.Bundles - 	Entry: C:\Users\Admin\.p2\pool\plugins\com.google.guava.failureaccess_1.0.3.jar
2026-01-28 08:37:58,293 [Worker-14: Launching mavenrun-4bb2dccb-a7ff-4f77-8f97-8ee0937bdc14] INFO  o.e.m.i.launch.MavenLaunchDelegate - Run build in "C:\Users\Admin\AppData\Local\Temp\m2e-archetypeGenerator1852960731885485292":
2026-01-28 08:37:58,295 [Worker-14: Launching mavenrun-4bb2dccb-a7ff-4f77-8f97-8ee0937bdc14] INFO  o.e.m.i.launch.MavenLaunchDelegate -  mvn  -DarchetypeGroupId=org.apache.maven.archetypes -DarchetypeArtifactId=maven-archetype-quickstart -DarchetypeVersion=1.1 -DgroupId=basic -DartifactId=JUnit_Learning -Dversion=0.0.1-SNAPSHOT -Dpackage=basic -DoutputDirectory="C:\Users\Admin\Automation MWF 8-00 to 9-30" -Dstyle.color=always -U archetype:generate
2026-01-28 08:38:04,299 [Worker-26: Creating maven-archetype-quickstart] INFO  o.e.m.c.i.p.ProjectConfigurationManager - Collecting project info '/pom.xml' C:\Users\Admin\Automation MWF 8-00 to 9-30\JUnit_Learning\pom.xml
2026-01-28 08:38:04,848 [Worker-26: Creating maven-archetype-quickstart] INFO  o.e.m.c.i.l.LifecycleMappingFactory - Using org.eclipse.m2e.jdt.JarLifecycleMapping lifecycle mapping for MavenProject: basic:JUnit_Learning:0.0.1-SNAPSHOT @ C:\Users\Admin\Automation MWF 8-00 to 9-30\JUnit_Learning\pom.xml.
2026-01-28 08:38:05,197 [Worker-26: Creating maven-archetype-quickstart] INFO  o.e.m.j.i.AbstractJavaProjectConfigurator - Adding source folder /JUnit_Learning/src/main/java
2026-01-28 08:38:05,199 [Worker-26: Creating maven-archetype-quickstart] INFO  o.e.m.j.i.AbstractJavaProjectConfigurator - Adding resource folder /JUnit_Learning/src/main/resources
2026-01-28 08:38:05,202 [Worker-26: Creating maven-archetype-quickstart] INFO  o.e.m.j.i.AbstractJavaProjectConfigurator - Adding source folder /JUnit_Learning/src/test/java
2026-01-28 08:38:05,203 [Worker-26: Creating maven-archetype-quickstart] INFO  o.e.m.j.i.AbstractJavaProjectConfigurator - Adding resource folder /JUnit_Learning/src/test/resources
2026-01-28 08:38:05,272 [Worker-26: Creating maven-archetype-quickstart] INFO  o.e.m.c.i.p.ProjectConfigurationManager - Imported and configured 1 project(s) in 0 sec
2026-01-28 08:38:05,571 [Worker-27: Building] INFO  o.a.m.s.f.DefaultMavenResourcesFiltering - skip non existing resourceDirectory C:\Users\Admin\Automation MWF 8-00 to 9-30\JUnit_Learning\src\main\resources
2026-01-28 08:38:05,574 [Worker-27: Building] INFO  o.a.m.s.f.DefaultMavenResourcesFiltering - skip non existing resourceDirectory C:\Users\Admin\Automation MWF 8-00 to 9-30\JUnit_Learning\src\test\resources
2026-01-28 08:39:14,358 [Worker-28: Building] INFO  o.e.m.c.i.l.LifecycleMappingFactory - Using org.eclipse.m2e.jdt.JarLifecycleMapping lifecycle mapping for MavenProject: basic:JUnit_Learning:0.0.1-SNAPSHOT @ C:\Users\Admin\Automation MWF 8-00 to 9-30\JUnit_Learning\pom.xml.
2026-01-28 08:39:14,555 [Worker-28: Building] INFO  o.e.m.c.i.e.AbstractTransferListenerAdapter - Downloading https://repo.maven.apache.org/maven2/org/seleniumhq/selenium/selenium-java/4.40.0/selenium-java-4.40.0.pom
2026-01-28 08:39:14,570 [Worker-28: Building] INFO  o.e.m.c.i.e.AbstractTransferListenerAdapter - Downloaded https://repo.maven.apache.org/maven2/org/seleniumhq/selenium/selenium-java/4.40.0/selenium-java-4.40.0.pom
2026-01-28 08:39:14,617 [Worker-28: Building] INFO  o.e.m.c.i.e.AbstractTransferListenerAdapter - Downloading https://repo.maven.apache.org/maven2/org/seleniumhq/selenium/selenium-api/4.40.0/selenium-api-4.40.0.pom
2026-01-28 08:39:14,622 [Worker-28: Building] INFO  o.e.m.c.i.e.AbstractTransferListenerAdapter - Downloaded https://repo.maven.apache.org/maven2/org/seleniumhq/selenium/selenium-api/4.40.0/selenium-api-4.40.0.pom
2026-01-28 08:39:14,669 [Worker-28: Building] INFO  o.e.m.c.i.e.AbstractTransferListenerAdapter - Downloading https://repo.maven.apache.org/maven2/org/seleniumhq/selenium/selenium-chrome-driver/4.40.0/selenium-chrome-driver-4.40.0.pom
2026-01-28 08:39:14,673 [Worker-28: Building] INFO  o.e.m.c.i.e.AbstractTransferListenerAdapter - Downloaded https://repo.maven.apache.org/maven2/org/seleniumhq/selenium/selenium-chrome-driver/4.40.0/selenium-chrome-driver-4.40.0.pom
2026-01-28 08:39:14,726 [Worker-28: Building] INFO  o.e.m.c.i.e.AbstractTransferListenerAdapter - Downloading https://repo.maven.apache.org/maven2/org/seleniumhq/selenium/selenium-chromium-driver/4.40.0/selenium-chromium-driver-4.40.0.pom
2026-01-28 08:39:14,732 [Worker-28: Building] INFO  o.e.m.c.i.e.AbstractTransferListenerAdapter - Downloaded https://repo.maven.apache.org/maven2/org/seleniumhq/selenium/selenium-chromium-driver/4.40.0/selenium-chromium-driver-4.40.0.pom
2026-01-28 08:39:14,776 [Worker-28: Building] INFO  o.e.m.c.i.e.AbstractTransferListenerAdapter - Downloading https://repo.maven.apache.org/maven2/org/seleniumhq/selenium/selenium-json/4.40.0/selenium-json-4.40.0.pom
2026-01-28 08:39:14,780 [Worker-28: Building] INFO  o.e.m.c.i.e.AbstractTransferListenerAdapter - Downloaded https://repo.maven.apache.org/maven2/org/seleniumhq/selenium/selenium-json/4.40.0/selenium-json-4.40.0.pom
2026-01-28 08:39:14,825 [Worker-28: Building] INFO  o.e.m.c.i.e.AbstractTransferListenerAdapter - Downloading https://repo.maven.apache.org/maven2/org/seleniumhq/selenium/selenium-remote-driver/4.40.0/selenium-remote-driver-4.40.0.pom
2026-01-28 08:39:14,841 [Worker-28: Building] INFO  o.e.m.c.i.e.AbstractTransferListenerAdapter - Downloaded https://repo.maven.apache.org/maven2/org/seleniumhq/selenium/selenium-remote-driver/4.40.0/selenium-remote-driver-4.40.0.pom
2026-01-28 08:39:14,918 [Worker-28: Building] INFO  o.e.m.c.i.e.AbstractTransferListenerAdapter - Downloading https://repo.maven.apache.org/maven2/io/opentelemetry/opentelemetry-api/1.58.0/opentelemetry-api-1.58.0.pom
2026-01-28 08:39:14,921 [Worker-28: Building] INFO  o.e.m.c.i.e.AbstractTransferListenerAdapter - Downloaded https://repo.maven.apache.org/maven2/io/opentelemetry/opentelemetry-api/1.58.0/opentelemetry-api-1.58.0.pom
2026-01-28 08:39:14,966 [Worker-28: Building] INFO  o.e.m.c.i.e.AbstractTransferListenerAdapter - Downloading https://repo.maven.apache.org/maven2/io/opentelemetry/opentelemetry-context/1.58.0/opentelemetry-context-1.58.0.pom
2026-01-28 08:39:14,971 [Worker-28: Building] INFO  o.e.m.c.i.e.AbstractTransferListenerAdapter - Downloaded https://repo.maven.apache.org/maven2/io/opentelemetry/opentelemetry-context/1.58.0/opentelemetry-context-1.58.0.pom
2026-01-28 08:39:15,016 [Worker-28: Building] INFO  o.e.m.c.i.e.AbstractTransferListenerAdapter - Downloading https://repo.maven.apache.org/maven2/io/opentelemetry/opentelemetry-common/1.58.0/opentelemetry-common-1.58.0.pom
2026-01-28 08:39:15,021 [Worker-28: Building] INFO  o.e.m.c.i.e.AbstractTransferListenerAdapter - Downloaded https://repo.maven.apache.org/maven2/io/opentelemetry/opentelemetry-common/1.58.0/opentelemetry-common-1.58.0.pom
2026-01-28 08:39:15,082 [Worker-28: Building] INFO  o.e.m.c.i.e.AbstractTransferListenerAdapter - Downloading https://repo.maven.apache.org/maven2/io/opentelemetry/opentelemetry-exporter-logging/1.58.0/opentelemetry-exporter-logging-1.58.0.pom
2026-01-28 08:39:15,087 [Worker-28: Building] INFO  o.e.m.c.i.e.AbstractTransferListenerAdapter - Downloaded https://repo.maven.apache.org/maven2/io/opentelemetry/opentelemetry-exporter-logging/1.58.0/opentelemetry-exporter-logging-1.58.0.pom
2026-01-28 08:39:15,134 [Worker-28: Building] INFO  o.e.m.c.i.e.AbstractTransferListenerAdapter - Downloading https://repo.maven.apache.org/maven2/io/opentelemetry/opentelemetry-sdk/1.58.0/opentelemetry-sdk-1.58.0.pom
2026-01-28 08:39:15,138 [Worker-28: Building] INFO  o.e.m.c.i.e.AbstractTransferListenerAdapter - Downloaded https://repo.maven.apache.org/maven2/io/opentelemetry/opentelemetry-sdk/1.58.0/opentelemetry-sdk-1.58.0.pom
2026-01-28 08:39:15,184 [Worker-28: Building] INFO  o.e.m.c.i.e.AbstractTransferListenerAdapter - Downloading https://repo.maven.apache.org/maven2/io/opentelemetry/opentelemetry-sdk-common/1.58.0/opentelemetry-sdk-common-1.58.0.pom
2026-01-28 08:39:15,189 [Worker-28: Building] INFO  o.e.m.c.i.e.AbstractTransferListenerAdapter - Downloaded https://repo.maven.apache.org/maven2/io/opentelemetry/opentelemetry-sdk-common/1.58.0/opentelemetry-sdk-common-1.58.0.pom
2026-01-28 08:39:15,232 [Worker-28: Building] INFO  o.e.m.c.i.e.AbstractTransferListenerAdapter - Downloading https://repo.maven.apache.org/maven2/io/opentelemetry/opentelemetry-sdk-trace/1.58.0/opentelemetry-sdk-trace-1.58.0.pom
2026-01-28 08:39:15,237 [Worker-28: Building] INFO  o.e.m.c.i.e.AbstractTransferListenerAdapter - Downloaded https://repo.maven.apache.org/maven2/io/opentelemetry/opentelemetry-sdk-trace/1.58.0/opentelemetry-sdk-trace-1.58.0.pom
2026-01-28 08:39:15,281 [Worker-28: Building] INFO  o.e.m.c.i.e.AbstractTransferListenerAdapter - Downloading https://repo.maven.apache.org/maven2/io/opentelemetry/opentelemetry-sdk-metrics/1.58.0/opentelemetry-sdk-metrics-1.58.0.pom
2026-01-28 08:39:15,284 [Worker-28: Building] INFO  o.e.m.c.i.e.AbstractTransferListenerAdapter - Downloaded https://repo.maven.apache.org/maven2/io/opentelemetry/opentelemetry-sdk-metrics/1.58.0/opentelemetry-sdk-metrics-1.58.0.pom
2026-01-28 08:39:15,329 [Worker-28: Building] INFO  o.e.m.c.i.e.AbstractTransferListenerAdapter - Downloading https://repo.maven.apache.org/maven2/io/opentelemetry/opentelemetry-sdk-logs/1.58.0/opentelemetry-sdk-logs-1.58.0.pom
2026-01-28 08:39:15,344 [Worker-28: Building] INFO  o.e.m.c.i.e.AbstractTransferListenerAdapter - Downloaded https://repo.maven.apache.org/maven2/io/opentelemetry/opentelemetry-sdk-logs/1.58.0/opentelemetry-sdk-logs-1.58.0.pom
2026-01-28 08:39:15,389 [Worker-28: Building] INFO  o.e.m.c.i.e.AbstractTransferListenerAdapter - Downloading https://repo.maven.apache.org/maven2/io/opentelemetry/opentelemetry-sdk-extension-autoconfigure-spi/1.58.0/opentelemetry-sdk-extension-autoconfigure-spi-1.58.0.pom
2026-01-28 08:39:15,392 [Worker-28: Building] INFO  o.e.m.c.i.e.AbstractTransferListenerAdapter - Downloaded https://repo.maven.apache.org/maven2/io/opentelemetry/opentelemetry-sdk-extension-autoconfigure-spi/1.58.0/opentelemetry-sdk-extension-autoconfigure-spi-1.58.0.pom
2026-01-28 08:39:15,436 [Worker-28: Building] INFO  o.e.m.c.i.e.AbstractTransferListenerAdapter - Downloading https://repo.maven.apache.org/maven2/io/opentelemetry/opentelemetry-sdk-extension-autoconfigure/1.58.0/opentelemetry-sdk-extension-autoconfigure-1.58.0.pom
2026-01-28 08:39:15,440 [Worker-28: Building] INFO  o.e.m.c.i.e.AbstractTransferListenerAdapter - Downloaded https://repo.maven.apache.org/maven2/io/opentelemetry/opentelemetry-sdk-extension-autoconfigure/1.58.0/opentelemetry-sdk-extension-autoconfigure-1.58.0.pom
2026-01-28 08:39:15,482 [Worker-28: Building] INFO  o.e.m.c.i.e.AbstractTransferListenerAdapter - Downloading https://repo.maven.apache.org/maven2/net/bytebuddy/byte-buddy/1.18.4/byte-buddy-1.18.4.pom
2026-01-28 08:39:15,488 [Worker-28: Building] INFO  o.e.m.c.i.e.AbstractTransferListenerAdapter - Downloaded https://repo.maven.apache.org/maven2/net/bytebuddy/byte-buddy/1.18.4/byte-buddy-1.18.4.pom
2026-01-28 08:39:15,533 [Worker-28: Building] INFO  o.e.m.c.i.e.AbstractTransferListenerAdapter - Downloading https://repo.maven.apache.org/maven2/net/bytebuddy/byte-buddy-parent/1.18.4/byte-buddy-parent-1.18.4.pom
2026-01-28 08:39:15,538 [Worker-28: Building] INFO  o.e.m.c.i.e.AbstractTransferListenerAdapter - Downloaded https://repo.maven.apache.org/maven2/net/bytebuddy/byte-buddy-parent/1.18.4/byte-buddy-parent-1.18.4.pom
2026-01-28 08:39:15,583 [Worker-28: Building] INFO  o.e.m.c.i.e.AbstractTransferListenerAdapter - Downloading https://repo.maven.apache.org/maven2/org/seleniumhq/selenium/selenium-http/4.40.0/selenium-http-4.40.0.pom
2026-01-28 08:39:15,587 [Worker-28: Building] INFO  o.e.m.c.i.e.AbstractTransferListenerAdapter - Downloaded https://repo.maven.apache.org/maven2/org/seleniumhq/selenium/selenium-http/4.40.0/selenium-http-4.40.0.pom
2026-01-28 08:39:15,633 [Worker-28: Building] INFO  o.e.m.c.i.e.AbstractTransferListenerAdapter - Downloading https://repo.maven.apache.org/maven2/org/seleniumhq/selenium/selenium-manager/4.40.0/selenium-manager-4.40.0.pom
2026-01-28 08:39:15,637 [Worker-28: Building] INFO  o.e.m.c.i.e.AbstractTransferListenerAdapter - Downloaded https://repo.maven.apache.org/maven2/org/seleniumhq/selenium/selenium-manager/4.40.0/selenium-manager-4.40.0.pom
2026-01-28 08:39:15,685 [Worker-28: Building] INFO  o.e.m.c.i.e.AbstractTransferListenerAdapter - Downloading https://repo.maven.apache.org/maven2/org/seleniumhq/selenium/selenium-os/4.40.0/selenium-os-4.40.0.pom
2026-01-28 08:39:15,689 [Worker-28: Building] INFO  o.e.m.c.i.e.AbstractTransferListenerAdapter - Downloaded https://repo.maven.apache.org/maven2/org/seleniumhq/selenium/selenium-os/4.40.0/selenium-os-4.40.0.pom
2026-01-28 08:39:15,736 [Worker-28: Building] INFO  o.e.m.c.i.e.AbstractTransferListenerAdapter - Downloading https://repo.maven.apache.org/maven2/org/seleniumhq/selenium/selenium-devtools-v142/4.40.0/selenium-devtools-v142-4.40.0.pom
2026-01-28 08:39:15,740 [Worker-28: Building] INFO  o.e.m.c.i.e.AbstractTransferListenerAdapter - Downloaded https://repo.maven.apache.org/maven2/org/seleniumhq/selenium/selenium-devtools-v142/4.40.0/selenium-devtools-v142-4.40.0.pom
2026-01-28 08:39:15,785 [Worker-28: Building] INFO  o.e.m.c.i.e.AbstractTransferListenerAdapter - Downloading https://repo.maven.apache.org/maven2/org/seleniumhq/selenium/selenium-devtools-v143/4.40.0/selenium-devtools-v143-4.40.0.pom
2026-01-28 08:39:15,790 [Worker-28: Building] INFO  o.e.m.c.i.e.AbstractTransferListenerAdapter - Downloaded https://repo.maven.apache.org/maven2/org/seleniumhq/selenium/selenium-devtools-v143/4.40.0/selenium-devtools-v143-4.40.0.pom
2026-01-28 08:39:15,837 [Worker-28: Building] INFO  o.e.m.c.i.e.AbstractTransferListenerAdapter - Downloading https://repo.maven.apache.org/maven2/org/seleniumhq/selenium/selenium-devtools-v144/4.40.0/selenium-devtools-v144-4.40.0.pom
2026-01-28 08:39:15,841 [Worker-28: Building] INFO  o.e.m.c.i.e.AbstractTransferListenerAdapter - Downloaded https://repo.maven.apache.org/maven2/org/seleniumhq/selenium/selenium-devtools-v144/4.40.0/selenium-devtools-v144-4.40.0.pom
2026-01-28 08:39:15,887 [Worker-28: Building] INFO  o.e.m.c.i.e.AbstractTransferListenerAdapter - Downloading https://repo.maven.apache.org/maven2/org/seleniumhq/selenium/selenium-edge-driver/4.40.0/selenium-edge-driver-4.40.0.pom
2026-01-28 08:39:15,890 [Worker-28: Building] INFO  o.e.m.c.i.e.AbstractTransferListenerAdapter - Downloaded https://repo.maven.apache.org/maven2/org/seleniumhq/selenium/selenium-edge-driver/4.40.0/selenium-edge-driver-4.40.0.pom
2026-01-28 08:39:15,934 [Worker-28: Building] INFO  o.e.m.c.i.e.AbstractTransferListenerAdapter - Downloading https://repo.maven.apache.org/maven2/org/seleniumhq/selenium/selenium-firefox-driver/4.40.0/selenium-firefox-driver-4.40.0.pom
2026-01-28 08:39:16,016 [Worker-28: Building] INFO  o.e.m.c.i.e.AbstractTransferListenerAdapter - Downloaded https://repo.maven.apache.org/maven2/org/seleniumhq/selenium/selenium-firefox-driver/4.40.0/selenium-firefox-driver-4.40.0.pom
2026-01-28 08:39:16,058 [Worker-28: Building] INFO  o.e.m.c.i.e.AbstractTransferListenerAdapter - Downloading https://repo.maven.apache.org/maven2/org/seleniumhq/selenium/selenium-ie-driver/4.40.0/selenium-ie-driver-4.40.0.pom
2026-01-28 08:39:16,062 [Worker-28: Building] INFO  o.e.m.c.i.e.AbstractTransferListenerAdapter - Downloaded https://repo.maven.apache.org/maven2/org/seleniumhq/selenium/selenium-ie-driver/4.40.0/selenium-ie-driver-4.40.0.pom
2026-01-28 08:39:16,104 [Worker-28: Building] INFO  o.e.m.c.i.e.AbstractTransferListenerAdapter - Downloading https://repo.maven.apache.org/maven2/org/seleniumhq/selenium/selenium-safari-driver/4.40.0/selenium-safari-driver-4.40.0.pom
2026-01-28 08:39:16,108 [Worker-28: Building] INFO  o.e.m.c.i.e.AbstractTransferListenerAdapter - Downloaded https://repo.maven.apache.org/maven2/org/seleniumhq/selenium/selenium-safari-driver/4.40.0/selenium-safari-driver-4.40.0.pom
2026-01-28 08:39:16,152 [Worker-28: Building] INFO  o.e.m.c.i.e.AbstractTransferListenerAdapter - Downloading https://repo.maven.apache.org/maven2/org/seleniumhq/selenium/selenium-support/4.40.0/selenium-support-4.40.0.pom
2026-01-28 08:39:16,156 [Worker-28: Building] INFO  o.e.m.c.i.e.AbstractTransferListenerAdapter - Downloaded https://repo.maven.apache.org/maven2/org/seleniumhq/selenium/selenium-support/4.40.0/selenium-support-4.40.0.pom
2026-01-28 08:39:16,226 [Worker-28: Building] INFO  o.e.m.c.i.e.AbstractTransferListenerAdapter - Downloading https://repo.maven.apache.org/maven2/org/seleniumhq/selenium/selenium-java/4.40.0/selenium-java-4.40.0.jar
2026-01-28 08:39:16,233 [Worker-28: Building] INFO  o.e.m.c.i.e.AbstractTransferListenerAdapter - Downloaded https://repo.maven.apache.org/maven2/org/seleniumhq/selenium/selenium-java/4.40.0/selenium-java-4.40.0.jar
2026-01-28 08:39:16,275 [BasicRepositoryConnector-repo.maven.apache.org-0-2] INFO  o.e.m.c.i.e.AbstractTransferListenerAdapter - Downloading https://repo.maven.apache.org/maven2/org/seleniumhq/selenium/selenium-chromium-driver/4.40.0/selenium-chromium-driver-4.40.0.jar
2026-01-28 08:39:16,281 [BasicRepositoryConnector-repo.maven.apache.org-0-2] INFO  o.e.m.c.i.e.AbstractTransferListenerAdapter - Downloaded https://repo.maven.apache.org/maven2/org/seleniumhq/selenium/selenium-chromium-driver/4.40.0/selenium-chromium-driver-4.40.0.jar
2026-01-28 08:39:16,328 [BasicRepositoryConnector-repo.maven.apache.org-0-2] INFO  o.e.m.c.i.e.AbstractTransferListenerAdapter - Downloading https://repo.maven.apache.org/maven2/org/seleniumhq/selenium/selenium-devtools-v142/4.40.0/selenium-devtools-v142-4.40.0.jar
2026-01-28 08:39:16,412 [BasicRepositoryConnector-repo.maven.apache.org-0-0] INFO  o.e.m.c.i.e.AbstractTransferListenerAdapter - Downloading https://repo.maven.apache.org/maven2/org/seleniumhq/selenium/selenium-api/4.40.0/selenium-api-4.40.0.jar
2026-01-28 08:39:16,412 [BasicRepositoryConnector-repo.maven.apache.org-0-3] INFO  o.e.m.c.i.e.AbstractTransferListenerAdapter - Downloading https://repo.maven.apache.org/maven2/org/seleniumhq/selenium/selenium-json/4.40.0/selenium-json-4.40.0.jar
2026-01-28 08:39:16,412 [BasicRepositoryConnector-repo.maven.apache.org-0-4] INFO  o.e.m.c.i.e.AbstractTransferListenerAdapter - Downloading https://repo.maven.apache.org/maven2/org/seleniumhq/selenium/selenium-manager/4.40.0/selenium-manager-4.40.0.jar
2026-01-28 08:39:16,443 [BasicRepositoryConnector-repo.maven.apache.org-0-3] INFO  o.e.m.c.i.e.AbstractTransferListenerAdapter - Downloaded https://repo.maven.apache.org/maven2/org/seleniumhq/selenium/selenium-json/4.40.0/selenium-json-4.40.0.jar
2026-01-28 08:39:16,464 [BasicRepositoryConnector-repo.maven.apache.org-0-0] INFO  o.e.m.c.i.e.AbstractTransferListenerAdapter - Downloaded https://repo.maven.apache.org/maven2/org/seleniumhq/selenium/selenium-api/4.40.0/selenium-api-4.40.0.jar
2026-01-28 08:39:16,484 [BasicRepositoryConnector-repo.maven.apache.org-0-3] INFO  o.e.m.c.i.e.AbstractTransferListenerAdapter - Downloading https://repo.maven.apache.org/maven2/org/seleniumhq/selenium/selenium-devtools-v143/4.40.0/selenium-devtools-v143-4.40.0.jar
2026-01-28 08:39:16,513 [BasicRepositoryConnector-repo.maven.apache.org-0-0] INFO  o.e.m.c.i.e.AbstractTransferListenerAdapter - Downloading https://repo.maven.apache.org/maven2/org/seleniumhq/selenium/selenium-devtools-v144/4.40.0/selenium-devtools-v144-4.40.0.jar
2026-01-28 08:39:16,726 [BasicRepositoryConnector-repo.maven.apache.org-0-1] INFO  o.e.m.c.i.e.AbstractTransferListenerAdapter - Downloading https://repo.maven.apache.org/maven2/org/seleniumhq/selenium/selenium-chrome-driver/4.40.0/selenium-chrome-driver-4.40.0.jar
2026-01-28 08:39:16,814 [BasicRepositoryConnector-repo.maven.apache.org-0-1] INFO  o.e.m.c.i.e.AbstractTransferListenerAdapter - Downloaded https://repo.maven.apache.org/maven2/org/seleniumhq/selenium/selenium-chrome-driver/4.40.0/selenium-chrome-driver-4.40.0.jar
2026-01-28 08:39:16,871 [BasicRepositoryConnector-repo.maven.apache.org-0-1] INFO  o.e.m.c.i.e.AbstractTransferListenerAdapter - Downloading https://repo.maven.apache.org/maven2/org/seleniumhq/selenium/selenium-edge-driver/4.40.0/selenium-edge-driver-4.40.0.jar
2026-01-28 08:39:16,876 [BasicRepositoryConnector-repo.maven.apache.org-0-1] INFO  o.e.m.c.i.e.AbstractTransferListenerAdapter - Downloaded https://repo.maven.apache.org/maven2/org/seleniumhq/selenium/selenium-edge-driver/4.40.0/selenium-edge-driver-4.40.0.jar
2026-01-28 08:39:16,931 [BasicRepositoryConnector-repo.maven.apache.org-0-1] INFO  o.e.m.c.i.e.AbstractTransferListenerAdapter - Downloading https://repo.maven.apache.org/maven2/org/seleniumhq/selenium/selenium-firefox-driver/4.40.0/selenium-firefox-driver-4.40.0.jar
2026-01-28 08:39:16,941 [BasicRepositoryConnector-repo.maven.apache.org-0-1] INFO  o.e.m.c.i.e.AbstractTransferListenerAdapter - Downloaded https://repo.maven.apache.org/maven2/org/seleniumhq/selenium/selenium-firefox-driver/4.40.0/selenium-firefox-driver-4.40.0.jar
2026-01-28 08:39:17,181 [BasicRepositoryConnector-repo.maven.apache.org-0-1] INFO  o.e.m.c.i.e.AbstractTransferListenerAdapter - Downloading https://repo.maven.apache.org/maven2/org/seleniumhq/selenium/selenium-http/4.40.0/selenium-http-4.40.0.jar
2026-01-28 08:39:17,332 [BasicRepositoryConnector-repo.maven.apache.org-0-1] INFO  o.e.m.c.i.e.AbstractTransferListenerAdapter - Downloaded https://repo.maven.apache.org/maven2/org/seleniumhq/selenium/selenium-http/4.40.0/selenium-http-4.40.0.jar
2026-01-28 08:39:17,336 [BasicRepositoryConnector-repo.maven.apache.org-0-0] INFO  o.e.m.c.i.e.AbstractTransferListenerAdapter - Downloaded https://repo.maven.apache.org/maven2/org/seleniumhq/selenium/selenium-devtools-v144/4.40.0/selenium-devtools-v144-4.40.0.jar
2026-01-28 08:39:17,377 [BasicRepositoryConnector-repo.maven.apache.org-0-1] INFO  o.e.m.c.i.e.AbstractTransferListenerAdapter - Downloading https://repo.maven.apache.org/maven2/org/seleniumhq/selenium/selenium-ie-driver/4.40.0/selenium-ie-driver-4.40.0.jar
2026-01-28 08:39:17,381 [BasicRepositoryConnector-repo.maven.apache.org-0-0] INFO  o.e.m.c.i.e.AbstractTransferListenerAdapter - Downloading https://repo.maven.apache.org/maven2/org/seleniumhq/selenium/selenium-remote-driver/4.40.0/selenium-remote-driver-4.40.0.jar
2026-01-28 08:39:17,381 [BasicRepositoryConnector-repo.maven.apache.org-0-1] INFO  o.e.m.c.i.e.AbstractTransferListenerAdapter - Downloaded https://repo.maven.apache.org/maven2/org/seleniumhq/selenium/selenium-ie-driver/4.40.0/selenium-ie-driver-4.40.0.jar
2026-01-28 08:39:17,444 [BasicRepositoryConnector-repo.maven.apache.org-0-1] INFO  o.e.m.c.i.e.AbstractTransferListenerAdapter - Downloading https://repo.maven.apache.org/maven2/io/opentelemetry/opentelemetry-api/1.58.0/opentelemetry-api-1.58.0.jar
2026-01-28 08:39:17,470 [BasicRepositoryConnector-repo.maven.apache.org-0-2] INFO  o.e.m.c.i.e.AbstractTransferListenerAdapter - Downloaded https://repo.maven.apache.org/maven2/org/seleniumhq/selenium/selenium-devtools-v142/4.40.0/selenium-devtools-v142-4.40.0.jar
2026-01-28 08:39:17,529 [BasicRepositoryConnector-repo.maven.apache.org-0-2] INFO  o.e.m.c.i.e.AbstractTransferListenerAdapter - Downloading https://repo.maven.apache.org/maven2/io/opentelemetry/opentelemetry-context/1.58.0/opentelemetry-context-1.58.0.jar
2026-01-28 08:39:17,560 [BasicRepositoryConnector-repo.maven.apache.org-0-2] INFO  o.e.m.c.i.e.AbstractTransferListenerAdapter - Downloaded https://repo.maven.apache.org/maven2/io/opentelemetry/opentelemetry-context/1.58.0/opentelemetry-context-1.58.0.jar
2026-01-28 08:39:17,584 [BasicRepositoryConnector-repo.maven.apache.org-0-0] INFO  o.e.m.c.i.e.AbstractTransferListenerAdapter - Downloaded https://repo.maven.apache.org/maven2/org/seleniumhq/selenium/selenium-remote-driver/4.40.0/selenium-remote-driver-4.40.0.jar
2026-01-28 08:39:17,605 [BasicRepositoryConnector-repo.maven.apache.org-0-1] INFO  o.e.m.c.i.e.AbstractTransferListenerAdapter - Downloaded https://repo.maven.apache.org/maven2/io/opentelemetry/opentelemetry-api/1.58.0/opentelemetry-api-1.58.0.jar
2026-01-28 08:39:17,614 [BasicRepositoryConnector-repo.maven.apache.org-0-3] INFO  o.e.m.c.i.e.AbstractTransferListenerAdapter - Downloaded https://repo.maven.apache.org/maven2/org/seleniumhq/selenium/selenium-devtools-v143/4.40.0/selenium-devtools-v143-4.40.0.jar
2026-01-28 08:39:17,615 [BasicRepositoryConnector-repo.maven.apache.org-0-2] INFO  o.e.m.c.i.e.AbstractTransferListenerAdapter - Downloading https://repo.maven.apache.org/maven2/io/opentelemetry/opentelemetry-common/1.58.0/opentelemetry-common-1.58.0.jar
2026-01-28 08:39:17,619 [BasicRepositoryConnector-repo.maven.apache.org-0-2] INFO  o.e.m.c.i.e.AbstractTransferListenerAdapter - Downloaded https://repo.maven.apache.org/maven2/io/opentelemetry/opentelemetry-common/1.58.0/opentelemetry-common-1.58.0.jar
2026-01-28 08:39:17,628 [BasicRepositoryConnector-repo.maven.apache.org-0-0] INFO  o.e.m.c.i.e.AbstractTransferListenerAdapter - Downloading https://repo.maven.apache.org/maven2/io/opentelemetry/opentelemetry-exporter-logging/1.58.0/opentelemetry-exporter-logging-1.58.0.jar
2026-01-28 08:39:17,631 [BasicRepositoryConnector-repo.maven.apache.org-0-0] INFO  o.e.m.c.i.e.AbstractTransferListenerAdapter - Downloaded https://repo.maven.apache.org/maven2/io/opentelemetry/opentelemetry-exporter-logging/1.58.0/opentelemetry-exporter-logging-1.58.0.jar
2026-01-28 08:39:17,642 [BasicRepositoryConnector-repo.maven.apache.org-0-1] INFO  o.e.m.c.i.e.AbstractTransferListenerAdapter - Downloading https://repo.maven.apache.org/maven2/io/opentelemetry/opentelemetry-sdk-common/1.58.0/opentelemetry-sdk-common-1.58.0.jar
2026-01-28 08:39:17,656 [BasicRepositoryConnector-repo.maven.apache.org-0-3] INFO  o.e.m.c.i.e.AbstractTransferListenerAdapter - Downloading https://repo.maven.apache.org/maven2/io/opentelemetry/opentelemetry-sdk-extension-autoconfigure-spi/1.58.0/opentelemetry-sdk-extension-autoconfigure-spi-1.58.0.jar
2026-01-28 08:39:17,659 [BasicRepositoryConnector-repo.maven.apache.org-0-3] INFO  o.e.m.c.i.e.AbstractTransferListenerAdapter - Downloaded https://repo.maven.apache.org/maven2/io/opentelemetry/opentelemetry-sdk-extension-autoconfigure-spi/1.58.0/opentelemetry-sdk-extension-autoconfigure-spi-1.58.0.jar
2026-01-28 08:39:17,662 [BasicRepositoryConnector-repo.maven.apache.org-0-2] INFO  o.e.m.c.i.e.AbstractTransferListenerAdapter - Downloading https://repo.maven.apache.org/maven2/io/opentelemetry/opentelemetry-sdk-extension-autoconfigure/1.58.0/opentelemetry-sdk-extension-autoconfigure-1.58.0.jar
2026-01-28 08:39:17,668 [BasicRepositoryConnector-repo.maven.apache.org-0-0] INFO  o.e.m.c.i.e.AbstractTransferListenerAdapter - Downloading https://repo.maven.apache.org/maven2/io/opentelemetry/opentelemetry-sdk-trace/1.58.0/opentelemetry-sdk-trace-1.58.0.jar
2026-01-28 08:39:17,680 [BasicRepositoryConnector-repo.maven.apache.org-0-1] INFO  o.e.m.c.i.e.AbstractTransferListenerAdapter - Downloaded https://repo.maven.apache.org/maven2/io/opentelemetry/opentelemetry-sdk-common/1.58.0/opentelemetry-sdk-common-1.58.0.jar
2026-01-28 08:39:17,684 [BasicRepositoryConnector-repo.maven.apache.org-0-0] INFO  o.e.m.c.i.e.AbstractTransferListenerAdapter - Downloaded https://repo.maven.apache.org/maven2/io/opentelemetry/opentelemetry-sdk-trace/1.58.0/opentelemetry-sdk-trace-1.58.0.jar
2026-01-28 08:39:17,689 [BasicRepositoryConnector-repo.maven.apache.org-0-2] INFO  o.e.m.c.i.e.AbstractTransferListenerAdapter - Downloaded https://repo.maven.apache.org/maven2/io/opentelemetry/opentelemetry-sdk-extension-autoconfigure/1.58.0/opentelemetry-sdk-extension-autoconfigure-1.58.0.jar
2026-01-28 08:39:17,698 [BasicRepositoryConnector-repo.maven.apache.org-0-3] INFO  o.e.m.c.i.e.AbstractTransferListenerAdapter - Downloading https://repo.maven.apache.org/maven2/io/opentelemetry/opentelemetry-sdk/1.58.0/opentelemetry-sdk-1.58.0.jar
2026-01-28 08:39:17,701 [BasicRepositoryConnector-repo.maven.apache.org-0-3] INFO  o.e.m.c.i.e.AbstractTransferListenerAdapter - Downloaded https://repo.maven.apache.org/maven2/io/opentelemetry/opentelemetry-sdk/1.58.0/opentelemetry-sdk-1.58.0.jar
2026-01-28 08:39:17,720 [BasicRepositoryConnector-repo.maven.apache.org-0-1] INFO  o.e.m.c.i.e.AbstractTransferListenerAdapter - Downloading https://repo.maven.apache.org/maven2/io/opentelemetry/opentelemetry-sdk-metrics/1.58.0/opentelemetry-sdk-metrics-1.58.0.jar
2026-01-28 08:39:17,723 [BasicRepositoryConnector-repo.maven.apache.org-0-0] INFO  o.e.m.c.i.e.AbstractTransferListenerAdapter - Downloading https://repo.maven.apache.org/maven2/io/opentelemetry/opentelemetry-sdk-logs/1.58.0/opentelemetry-sdk-logs-1.58.0.jar
2026-01-28 08:39:17,731 [BasicRepositoryConnector-repo.maven.apache.org-0-0] INFO  o.e.m.c.i.e.AbstractTransferListenerAdapter - Downloaded https://repo.maven.apache.org/maven2/io/opentelemetry/opentelemetry-sdk-logs/1.58.0/opentelemetry-sdk-logs-1.58.0.jar
2026-01-28 08:39:17,733 [BasicRepositoryConnector-repo.maven.apache.org-0-2] INFO  o.e.m.c.i.e.AbstractTransferListenerAdapter - Downloading https://repo.maven.apache.org/maven2/net/bytebuddy/byte-buddy/1.18.4/byte-buddy-1.18.4.jar
2026-01-28 08:39:17,738 [BasicRepositoryConnector-repo.maven.apache.org-0-4] INFO  o.e.m.c.i.e.AbstractTransferListenerAdapter - Downloaded https://repo.maven.apache.org/maven2/org/seleniumhq/selenium/selenium-manager/4.40.0/selenium-manager-4.40.0.jar
2026-01-28 08:39:17,740 [BasicRepositoryConnector-repo.maven.apache.org-0-3] INFO  o.e.m.c.i.e.AbstractTransferListenerAdapter - Downloading https://repo.maven.apache.org/maven2/org/seleniumhq/selenium/selenium-os/4.40.0/selenium-os-4.40.0.jar
2026-01-28 08:39:17,743 [BasicRepositoryConnector-repo.maven.apache.org-0-3] INFO  o.e.m.c.i.e.AbstractTransferListenerAdapter - Downloaded https://repo.maven.apache.org/maven2/org/seleniumhq/selenium/selenium-os/4.40.0/selenium-os-4.40.0.jar
2026-01-28 08:39:17,772 [BasicRepositoryConnector-repo.maven.apache.org-0-0] INFO  o.e.m.c.i.e.AbstractTransferListenerAdapter - Downloading https://repo.maven.apache.org/maven2/org/seleniumhq/selenium/selenium-safari-driver/4.40.0/selenium-safari-driver-4.40.0.jar
2026-01-28 08:39:17,776 [BasicRepositoryConnector-repo.maven.apache.org-0-0] INFO  o.e.m.c.i.e.AbstractTransferListenerAdapter - Downloaded https://repo.maven.apache.org/maven2/org/seleniumhq/selenium/selenium-safari-driver/4.40.0/selenium-safari-driver-4.40.0.jar
2026-01-28 08:39:17,782 [BasicRepositoryConnector-repo.maven.apache.org-0-4] INFO  o.e.m.c.i.e.AbstractTransferListenerAdapter - Downloading https://repo.maven.apache.org/maven2/org/seleniumhq/selenium/selenium-support/4.40.0/selenium-support-4.40.0.jar
2026-01-28 08:39:17,810 [BasicRepositoryConnector-repo.maven.apache.org-0-4] INFO  o.e.m.c.i.e.AbstractTransferListenerAdapter - Downloaded https://repo.maven.apache.org/maven2/org/seleniumhq/selenium/selenium-support/4.40.0/selenium-support-4.40.0.jar
2026-01-28 08:39:17,855 [BasicRepositoryConnector-repo.maven.apache.org-0-1] INFO  o.e.m.c.i.e.AbstractTransferListenerAdapter - Downloaded https://repo.maven.apache.org/maven2/io/opentelemetry/opentelemetry-sdk-metrics/1.58.0/opentelemetry-sdk-metrics-1.58.0.jar
2026-01-28 08:39:19,692 [BasicRepositoryConnector-repo.maven.apache.org-0-2] INFO  o.e.m.c.i.e.AbstractTransferListenerAdapter - Downloaded https://repo.maven.apache.org/maven2/net/bytebuddy/byte-buddy/1.18.4/byte-buddy-1.18.4.jar
2026-01-28 08:39:19,840 [Worker-28: Building] INFO  o.a.m.s.f.DefaultMavenResourcesFiltering - skip non existing resourceDirectory C:\Users\Admin\Automation MWF 8-00 to 9-30\JUnit_Learning\src\main\resources
2026-01-28 08:39:19,843 [Worker-28: Building] INFO  o.a.m.s.f.DefaultMavenResourcesFiltering - skip non existing resourceDirectory C:\Users\Admin\Automation MWF 8-00 to 9-30\JUnit_Learning\src\test\resources
2026-01-28 08:39:20,898 [Worker-29: Download sources and javadoc] INFO  o.e.m.c.i.e.AbstractTransferListenerAdapter - Downloading https://repo.maven.apache.org/maven2/org/seleniumhq/selenium/selenium-java/4.40.0/selenium-java-4.40.0-sources.jar
2026-01-28 08:39:20,904 [Worker-29: Download sources and javadoc] INFO  o.e.m.c.i.e.AbstractTransferListenerAdapter - Downloaded https://repo.maven.apache.org/maven2/org/seleniumhq/selenium/selenium-java/4.40.0/selenium-java-4.40.0-sources.jar
2026-01-28 08:39:20,910 [Worker-29: Download sources and javadoc] INFO  o.e.m.j.internal.DownloadSourcesJob - Downloaded sources for org.seleniumhq.selenium:selenium-java:4.40.0
2026-01-28 08:39:21,032 [Worker-30: Building] INFO  o.a.m.s.f.DefaultMavenResourcesFiltering - skip non existing resourceDirectory C:\Users\Admin\Automation MWF 8-00 to 9-30\JUnit_Learning\src\main\resources
2026-01-28 08:39:21,034 [Worker-29: Download sources and javadoc] INFO  o.e.m.c.i.e.AbstractTransferListenerAdapter - Downloading https://repo.maven.apache.org/maven2/org/seleniumhq/selenium/selenium-api/4.40.0/selenium-api-4.40.0-sources.jar
2026-01-28 08:39:21,035 [Worker-30: Building] INFO  o.a.m.s.f.DefaultMavenResourcesFiltering - skip non existing resourceDirectory C:\Users\Admin\Automation MWF 8-00 to 9-30\JUnit_Learning\src\test\resources
2026-01-28 08:39:21,091 [Worker-29: Download sources and javadoc] INFO  o.e.m.c.i.e.AbstractTransferListenerAdapter - Downloaded https://repo.maven.apache.org/maven2/org/seleniumhq/selenium/selenium-api/4.40.0/selenium-api-4.40.0-sources.jar
2026-01-28 08:39:21,095 [Worker-29: Download sources and javadoc] INFO  o.e.m.j.internal.DownloadSourcesJob - Downloaded sources for org.seleniumhq.selenium:selenium-api:4.40.0
2026-01-28 08:39:21,203 [Worker-29: Download sources and javadoc] INFO  o.e.m.c.i.e.AbstractTransferListenerAdapter - Downloading https://repo.maven.apache.org/maven2/org/seleniumhq/selenium/selenium-chrome-driver/4.40.0/selenium-chrome-driver-4.40.0-sources.jar
2026-01-28 08:39:21,207 [Worker-29: Download sources and javadoc] INFO  o.e.m.c.i.e.AbstractTransferListenerAdapter - Downloaded https://repo.maven.apache.org/maven2/org/seleniumhq/selenium/selenium-chrome-driver/4.40.0/selenium-chrome-driver-4.40.0-sources.jar
2026-01-28 08:39:21,212 [Worker-29: Download sources and javadoc] INFO  o.e.m.j.internal.DownloadSourcesJob - Downloaded sources for org.seleniumhq.selenium:selenium-chrome-driver:4.40.0
2026-01-28 08:39:21,327 [Worker-29: Download sources and javadoc] INFO  o.e.m.c.i.e.AbstractTransferListenerAdapter - Downloading https://repo.maven.apache.org/maven2/org/seleniumhq/selenium/selenium-chromium-driver/4.40.0/selenium-chromium-driver-4.40.0-sources.jar
2026-01-28 08:39:21,332 [Worker-29: Download sources and javadoc] INFO  o.e.m.c.i.e.AbstractTransferListenerAdapter - Downloaded https://repo.maven.apache.org/maven2/org/seleniumhq/selenium/selenium-chromium-driver/4.40.0/selenium-chromium-driver-4.40.0-sources.jar
2026-01-28 08:39:21,335 [Worker-29: Download sources and javadoc] INFO  o.e.m.j.internal.DownloadSourcesJob - Downloaded sources for org.seleniumhq.selenium:selenium-chromium-driver:4.40.0
2026-01-28 08:39:21,438 [Worker-29: Download sources and javadoc] INFO  o.e.m.c.i.e.AbstractTransferListenerAdapter - Downloading https://repo.maven.apache.org/maven2/org/seleniumhq/selenium/selenium-json/4.40.0/selenium-json-4.40.0-sources.jar
2026-01-28 08:39:21,474 [Worker-29: Download sources and javadoc] INFO  o.e.m.c.i.e.AbstractTransferListenerAdapter - Downloaded https://repo.maven.apache.org/maven2/org/seleniumhq/selenium/selenium-json/4.40.0/selenium-json-4.40.0-sources.jar
2026-01-28 08:39:21,477 [Worker-29: Download sources and javadoc] INFO  o.e.m.j.internal.DownloadSourcesJob - Downloaded sources for org.seleniumhq.selenium:selenium-json:4.40.0
2026-01-28 08:39:21,580 [Worker-29: Download sources and javadoc] INFO  o.e.m.c.i.e.AbstractTransferListenerAdapter - Downloading https://repo.maven.apache.org/maven2/org/seleniumhq/selenium/selenium-manager/4.40.0/selenium-manager-4.40.0-sources.jar
2026-01-28 08:39:21,584 [Worker-29: Download sources and javadoc] INFO  o.e.m.c.i.e.AbstractTransferListenerAdapter - Downloaded https://repo.maven.apache.org/maven2/org/seleniumhq/selenium/selenium-manager/4.40.0/selenium-manager-4.40.0-sources.jar
2026-01-28 08:39:21,587 [Worker-29: Download sources and javadoc] INFO  o.e.m.j.internal.DownloadSourcesJob - Downloaded sources for org.seleniumhq.selenium:selenium-manager:4.40.0
2026-01-28 08:39:21,687 [Worker-29: Download sources and javadoc] INFO  o.e.m.c.i.e.AbstractTransferListenerAdapter - Downloading https://repo.maven.apache.org/maven2/org/seleniumhq/selenium/selenium-devtools-v142/4.40.0/selenium-devtools-v142-4.40.0-sources.jar
2026-01-28 08:39:21,812 [Worker-29: Download sources and javadoc] INFO  o.e.m.c.i.e.AbstractTransferListenerAdapter - Downloaded https://repo.maven.apache.org/maven2/org/seleniumhq/selenium/selenium-devtools-v142/4.40.0/selenium-devtools-v142-4.40.0-sources.jar
2026-01-28 08:39:21,814 [Worker-29: Download sources and javadoc] INFO  o.e.m.j.internal.DownloadSourcesJob - Downloaded sources for org.seleniumhq.selenium:selenium-devtools-v142:4.40.0
2026-01-28 08:39:21,911 [Worker-29: Download sources and javadoc] INFO  o.e.m.c.i.e.AbstractTransferListenerAdapter - Downloading https://repo.maven.apache.org/maven2/org/seleniumhq/selenium/selenium-devtools-v143/4.40.0/selenium-devtools-v143-4.40.0-sources.jar
2026-01-28 08:39:22,027 [Worker-29: Download sources and javadoc] INFO  o.e.m.c.i.e.AbstractTransferListenerAdapter - Downloaded https://repo.maven.apache.org/maven2/org/seleniumhq/selenium/selenium-devtools-v143/4.40.0/selenium-devtools-v143-4.40.0-sources.jar
2026-01-28 08:39:22,030 [Worker-29: Download sources and javadoc] INFO  o.e.m.j.internal.DownloadSourcesJob - Downloaded sources for org.seleniumhq.selenium:selenium-devtools-v143:4.40.0
2026-01-28 08:39:22,130 [Worker-29: Download sources and javadoc] INFO  o.e.m.c.i.e.AbstractTransferListenerAdapter - Downloading https://repo.maven.apache.org/maven2/org/seleniumhq/selenium/selenium-devtools-v144/4.40.0/selenium-devtools-v144-4.40.0-sources.jar
2026-01-28 08:39:22,246 [Worker-29: Download sources and javadoc] INFO  o.e.m.c.i.e.AbstractTransferListenerAdapter - Downloaded https://repo.maven.apache.org/maven2/org/seleniumhq/selenium/selenium-devtools-v144/4.40.0/selenium-devtools-v144-4.40.0-sources.jar
2026-01-28 08:39:22,247 [Worker-29: Download sources and javadoc] INFO  o.e.m.j.internal.DownloadSourcesJob - Downloaded sources for org.seleniumhq.selenium:selenium-devtools-v144:4.40.0
2026-01-28 08:39:22,357 [Worker-29: Download sources and javadoc] INFO  o.e.m.c.i.e.AbstractTransferListenerAdapter - Downloading https://repo.maven.apache.org/maven2/org/seleniumhq/selenium/selenium-edge-driver/4.40.0/selenium-edge-driver-4.40.0-sources.jar
2026-01-28 08:39:22,361 [Worker-29: Download sources and javadoc] INFO  o.e.m.c.i.e.AbstractTransferListenerAdapter - Downloaded https://repo.maven.apache.org/maven2/org/seleniumhq/selenium/selenium-edge-driver/4.40.0/selenium-edge-driver-4.40.0-sources.jar
2026-01-28 08:39:22,363 [Worker-29: Download sources and javadoc] INFO  o.e.m.j.internal.DownloadSourcesJob - Downloaded sources for org.seleniumhq.selenium:selenium-edge-driver:4.40.0
2026-01-28 08:39:22,468 [Worker-29: Download sources and javadoc] INFO  o.e.m.c.i.e.AbstractTransferListenerAdapter - Downloading https://repo.maven.apache.org/maven2/org/seleniumhq/selenium/selenium-firefox-driver/4.40.0/selenium-firefox-driver-4.40.0-sources.jar
2026-01-28 08:39:22,507 [Worker-29: Download sources and javadoc] INFO  o.e.m.c.i.e.AbstractTransferListenerAdapter - Downloaded https://repo.maven.apache.org/maven2/org/seleniumhq/selenium/selenium-firefox-driver/4.40.0/selenium-firefox-driver-4.40.0-sources.jar
2026-01-28 08:39:22,509 [Worker-29: Download sources and javadoc] INFO  o.e.m.j.internal.DownloadSourcesJob - Downloaded sources for org.seleniumhq.selenium:selenium-firefox-driver:4.40.0
2026-01-28 08:39:22,614 [Worker-29: Download sources and javadoc] INFO  o.e.m.c.i.e.AbstractTransferListenerAdapter - Downloading https://repo.maven.apache.org/maven2/org/seleniumhq/selenium/selenium-http/4.40.0/selenium-http-4.40.0-sources.jar
2026-01-28 08:39:22,642 [Worker-29: Download sources and javadoc] INFO  o.e.m.c.i.e.AbstractTransferListenerAdapter - Downloaded https://repo.maven.apache.org/maven2/org/seleniumhq/selenium/selenium-http/4.40.0/selenium-http-4.40.0-sources.jar
2026-01-28 08:39:22,645 [Worker-29: Download sources and javadoc] INFO  o.e.m.j.internal.DownloadSourcesJob - Downloaded sources for org.seleniumhq.selenium:selenium-http:4.40.0
2026-01-28 08:39:22,754 [Worker-29: Download sources and javadoc] INFO  o.e.m.c.i.e.AbstractTransferListenerAdapter - Downloading https://repo.maven.apache.org/maven2/org/seleniumhq/selenium/selenium-ie-driver/4.40.0/selenium-ie-driver-4.40.0-sources.jar
2026-01-28 08:39:22,759 [Worker-29: Download sources and javadoc] INFO  o.e.m.c.i.e.AbstractTransferListenerAdapter - Downloaded https://repo.maven.apache.org/maven2/org/seleniumhq/selenium/selenium-ie-driver/4.40.0/selenium-ie-driver-4.40.0-sources.jar
2026-01-28 08:39:22,762 [Worker-29: Download sources and javadoc] INFO  o.e.m.j.internal.DownloadSourcesJob - Downloaded sources for org.seleniumhq.selenium:selenium-ie-driver:4.40.0
2026-01-28 08:39:22,868 [Worker-29: Download sources and javadoc] INFO  o.e.m.c.i.e.AbstractTransferListenerAdapter - Downloading https://repo.maven.apache.org/maven2/org/seleniumhq/selenium/selenium-remote-driver/4.40.0/selenium-remote-driver-4.40.0-sources.jar
2026-01-28 08:39:22,945 [Worker-29: Download sources and javadoc] INFO  o.e.m.c.i.e.AbstractTransferListenerAdapter - Downloaded https://repo.maven.apache.org/maven2/org/seleniumhq/selenium/selenium-remote-driver/4.40.0/selenium-remote-driver-4.40.0-sources.jar
2026-01-28 08:39:22,948 [Worker-29: Download sources and javadoc] INFO  o.e.m.j.internal.DownloadSourcesJob - Downloaded sources for org.seleniumhq.selenium:selenium-remote-driver:4.40.0
2026-01-28 08:39:23,060 [Worker-29: Download sources and javadoc] INFO  o.e.m.c.i.e.AbstractTransferListenerAdapter - Downloading https://repo.maven.apache.org/maven2/io/opentelemetry/opentelemetry-api/1.58.0/opentelemetry-api-1.58.0-sources.jar
2026-01-28 08:39:23,094 [Worker-29: Download sources and javadoc] INFO  o.e.m.c.i.e.AbstractTransferListenerAdapter - Downloaded https://repo.maven.apache.org/maven2/io/opentelemetry/opentelemetry-api/1.58.0/opentelemetry-api-1.58.0-sources.jar
2026-01-28 08:39:23,096 [Worker-29: Download sources and javadoc] INFO  o.e.m.j.internal.DownloadSourcesJob - Downloaded sources for io.opentelemetry:opentelemetry-api:1.58.0
2026-01-28 08:39:23,192 [Worker-29: Download sources and javadoc] INFO  o.e.m.c.i.e.AbstractTransferListenerAdapter - Downloading https://repo.maven.apache.org/maven2/io/opentelemetry/opentelemetry-context/1.58.0/opentelemetry-context-1.58.0-sources.jar
2026-01-28 08:39:23,223 [Worker-29: Download sources and javadoc] INFO  o.e.m.c.i.e.AbstractTransferListenerAdapter - Downloaded https://repo.maven.apache.org/maven2/io/opentelemetry/opentelemetry-context/1.58.0/opentelemetry-context-1.58.0-sources.jar
2026-01-28 08:39:23,225 [Worker-29: Download sources and javadoc] INFO  o.e.m.j.internal.DownloadSourcesJob - Downloaded sources for io.opentelemetry:opentelemetry-context:1.58.0
2026-01-28 08:39:23,320 [Worker-29: Download sources and javadoc] INFO  o.e.m.c.i.e.AbstractTransferListenerAdapter - Downloading https://repo.maven.apache.org/maven2/io/opentelemetry/opentelemetry-common/1.58.0/opentelemetry-common-1.58.0-sources.jar
2026-01-28 08:39:23,323 [Worker-29: Download sources and javadoc] INFO  o.e.m.c.i.e.AbstractTransferListenerAdapter - Downloaded https://repo.maven.apache.org/maven2/io/opentelemetry/opentelemetry-common/1.58.0/opentelemetry-common-1.58.0-sources.jar
2026-01-28 08:39:23,325 [Worker-29: Download sources and javadoc] INFO  o.e.m.j.internal.DownloadSourcesJob - Downloaded sources for io.opentelemetry:opentelemetry-common:1.58.0
2026-01-28 08:39:23,418 [Worker-29: Download sources and javadoc] INFO  o.e.m.c.i.e.AbstractTransferListenerAdapter - Downloading https://repo.maven.apache.org/maven2/io/opentelemetry/opentelemetry-exporter-logging/1.58.0/opentelemetry-exporter-logging-1.58.0-sources.jar
2026-01-28 08:39:23,425 [Worker-29: Download sources and javadoc] INFO  o.e.m.c.i.e.AbstractTransferListenerAdapter - Downloaded https://repo.maven.apache.org/maven2/io/opentelemetry/opentelemetry-exporter-logging/1.58.0/opentelemetry-exporter-logging-1.58.0-sources.jar
2026-01-28 08:39:23,428 [Worker-29: Download sources and javadoc] INFO  o.e.m.j.internal.DownloadSourcesJob - Downloaded sources for io.opentelemetry:opentelemetry-exporter-logging:1.58.0
2026-01-28 08:39:23,535 [Worker-29: Download sources and javadoc] INFO  o.e.m.c.i.e.AbstractTransferListenerAdapter - Downloading https://repo.maven.apache.org/maven2/io/opentelemetry/opentelemetry-sdk-common/1.58.0/opentelemetry-sdk-common-1.58.0-sources.jar
2026-01-28 08:39:23,569 [Worker-29: Download sources and javadoc] INFO  o.e.m.c.i.e.AbstractTransferListenerAdapter - Downloaded https://repo.maven.apache.org/maven2/io/opentelemetry/opentelemetry-sdk-common/1.58.0/opentelemetry-sdk-common-1.58.0-sources.jar
2026-01-28 08:39:23,573 [Worker-29: Download sources and javadoc] INFO  o.e.m.j.internal.DownloadSourcesJob - Downloaded sources for io.opentelemetry:opentelemetry-sdk-common:1.58.0
2026-01-28 08:39:23,670 [Worker-29: Download sources and javadoc] INFO  o.e.m.c.i.e.AbstractTransferListenerAdapter - Downloading https://repo.maven.apache.org/maven2/io/opentelemetry/opentelemetry-sdk-extension-autoconfigure-spi/1.58.0/opentelemetry-sdk-extension-autoconfigure-spi-1.58.0-sources.jar
2026-01-28 08:39:23,675 [Worker-29: Download sources and javadoc] INFO  o.e.m.c.i.e.AbstractTransferListenerAdapter - Downloaded https://repo.maven.apache.org/maven2/io/opentelemetry/opentelemetry-sdk-extension-autoconfigure-spi/1.58.0/opentelemetry-sdk-extension-autoconfigure-spi-1.58.0-sources.jar
2026-01-28 08:39:23,678 [Worker-29: Download sources and javadoc] INFO  o.e.m.j.internal.DownloadSourcesJob - Downloaded sources for io.opentelemetry:opentelemetry-sdk-extension-autoconfigure-spi:1.58.0
2026-01-28 08:39:23,776 [Worker-29: Download sources and javadoc] INFO  o.e.m.c.i.e.AbstractTransferListenerAdapter - Downloading https://repo.maven.apache.org/maven2/io/opentelemetry/opentelemetry-sdk-extension-autoconfigure/1.58.0/opentelemetry-sdk-extension-autoconfigure-1.58.0-sources.jar
2026-01-28 08:39:23,781 [Worker-29: Download sources and javadoc] INFO  o.e.m.c.i.e.AbstractTransferListenerAdapter - Downloaded https://repo.maven.apache.org/maven2/io/opentelemetry/opentelemetry-sdk-extension-autoconfigure/1.58.0/opentelemetry-sdk-extension-autoconfigure-1.58.0-sources.jar
2026-01-28 08:39:23,784 [Worker-29: Download sources and javadoc] INFO  o.e.m.j.internal.DownloadSourcesJob - Downloaded sources for io.opentelemetry:opentelemetry-sdk-extension-autoconfigure:1.58.0
2026-01-28 08:39:23,889 [Worker-29: Download sources and javadoc] INFO  o.e.m.c.i.e.AbstractTransferListenerAdapter - Downloading https://repo.maven.apache.org/maven2/io/opentelemetry/opentelemetry-sdk-trace/1.58.0/opentelemetry-sdk-trace-1.58.0-sources.jar
2026-01-28 08:39:23,925 [Worker-29: Download sources and javadoc] INFO  o.e.m.c.i.e.AbstractTransferListenerAdapter - Downloaded https://repo.maven.apache.org/maven2/io/opentelemetry/opentelemetry-sdk-trace/1.58.0/opentelemetry-sdk-trace-1.58.0-sources.jar
2026-01-28 08:39:23,929 [Worker-29: Download sources and javadoc] INFO  o.e.m.j.internal.DownloadSourcesJob - Downloaded sources for io.opentelemetry:opentelemetry-sdk-trace:1.58.0
2026-01-28 08:39:24,022 [Worker-29: Download sources and javadoc] INFO  o.e.m.c.i.e.AbstractTransferListenerAdapter - Downloading https://repo.maven.apache.org/maven2/io/opentelemetry/opentelemetry-sdk/1.58.0/opentelemetry-sdk-1.58.0-sources.jar
2026-01-28 08:39:24,028 [Worker-29: Download sources and javadoc] INFO  o.e.m.c.i.e.AbstractTransferListenerAdapter - Downloaded https://repo.maven.apache.org/maven2/io/opentelemetry/opentelemetry-sdk/1.58.0/opentelemetry-sdk-1.58.0-sources.jar
2026-01-28 08:39:24,034 [Worker-29: Download sources and javadoc] INFO  o.e.m.j.internal.DownloadSourcesJob - Downloaded sources for io.opentelemetry:opentelemetry-sdk:1.58.0
2026-01-28 08:39:24,129 [Worker-29: Download sources and javadoc] INFO  o.e.m.c.i.e.AbstractTransferListenerAdapter - Downloading https://repo.maven.apache.org/maven2/io/opentelemetry/opentelemetry-sdk-metrics/1.58.0/opentelemetry-sdk-metrics-1.58.0-sources.jar
2026-01-28 08:39:24,179 [Worker-29: Download sources and javadoc] INFO  o.e.m.c.i.e.AbstractTransferListenerAdapter - Downloaded https://repo.maven.apache.org/maven2/io/opentelemetry/opentelemetry-sdk-metrics/1.58.0/opentelemetry-sdk-metrics-1.58.0-sources.jar
2026-01-28 08:39:24,182 [Worker-29: Download sources and javadoc] INFO  o.e.m.j.internal.DownloadSourcesJob - Downloaded sources for io.opentelemetry:opentelemetry-sdk-metrics:1.58.0
2026-01-28 08:39:24,270 [Worker-29: Download sources and javadoc] INFO  o.e.m.c.i.e.AbstractTransferListenerAdapter - Downloading https://repo.maven.apache.org/maven2/io/opentelemetry/opentelemetry-sdk-logs/1.58.0/opentelemetry-sdk-logs-1.58.0-sources.jar
2026-01-28 08:39:24,303 [Worker-29: Download sources and javadoc] INFO  o.e.m.c.i.e.AbstractTransferListenerAdapter - Downloaded https://repo.maven.apache.org/maven2/io/opentelemetry/opentelemetry-sdk-logs/1.58.0/opentelemetry-sdk-logs-1.58.0-sources.jar
2026-01-28 08:39:24,311 [Worker-29: Download sources and javadoc] INFO  o.e.m.j.internal.DownloadSourcesJob - Downloaded sources for io.opentelemetry:opentelemetry-sdk-logs:1.58.0
2026-01-28 08:39:24,411 [Worker-29: Download sources and javadoc] INFO  o.e.m.c.i.e.AbstractTransferListenerAdapter - Downloading https://repo.maven.apache.org/maven2/net/bytebuddy/byte-buddy/1.18.4/byte-buddy-1.18.4-sources.jar
2026-01-28 08:39:24,706 [Worker-29: Download sources and javadoc] INFO  o.e.m.c.i.e.AbstractTransferListenerAdapter - Downloaded https://repo.maven.apache.org/maven2/net/bytebuddy/byte-buddy/1.18.4/byte-buddy-1.18.4-sources.jar
2026-01-28 08:39:24,709 [Worker-29: Download sources and javadoc] INFO  o.e.m.j.internal.DownloadSourcesJob - Downloaded sources for net.bytebuddy:byte-buddy:1.18.4
2026-01-28 08:39:24,810 [Worker-29: Download sources and javadoc] INFO  o.e.m.c.i.e.AbstractTransferListenerAdapter - Downloading https://repo.maven.apache.org/maven2/org/seleniumhq/selenium/selenium-os/4.40.0/selenium-os-4.40.0-sources.jar
2026-01-28 08:39:24,813 [Worker-29: Download sources and javadoc] INFO  o.e.m.c.i.e.AbstractTransferListenerAdapter - Downloaded https://repo.maven.apache.org/maven2/org/seleniumhq/selenium/selenium-os/4.40.0/selenium-os-4.40.0-sources.jar
2026-01-28 08:39:24,815 [Worker-29: Download sources and javadoc] INFO  o.e.m.j.internal.DownloadSourcesJob - Downloaded sources for org.seleniumhq.selenium:selenium-os:4.40.0
2026-01-28 08:39:24,911 [Worker-29: Download sources and javadoc] INFO  o.e.m.c.i.e.AbstractTransferListenerAdapter - Downloading https://repo.maven.apache.org/maven2/org/seleniumhq/selenium/selenium-safari-driver/4.40.0/selenium-safari-driver-4.40.0-sources.jar
2026-01-28 08:39:24,918 [Worker-29: Download sources and javadoc] INFO  o.e.m.c.i.e.AbstractTransferListenerAdapter - Downloaded https://repo.maven.apache.org/maven2/org/seleniumhq/selenium/selenium-safari-driver/4.40.0/selenium-safari-driver-4.40.0-sources.jar
2026-01-28 08:39:24,921 [Worker-29: Download sources and javadoc] INFO  o.e.m.j.internal.DownloadSourcesJob - Downloaded sources for org.seleniumhq.selenium:selenium-safari-driver:4.40.0
2026-01-28 08:39:25,030 [Worker-29: Download sources and javadoc] INFO  o.e.m.c.i.e.AbstractTransferListenerAdapter - Downloading https://repo.maven.apache.org/maven2/org/seleniumhq/selenium/selenium-support/4.40.0/selenium-support-4.40.0-sources.jar
2026-01-28 08:39:25,064 [Worker-29: Download sources and javadoc] INFO  o.e.m.c.i.e.AbstractTransferListenerAdapter - Downloaded https://repo.maven.apache.org/maven2/org/seleniumhq/selenium/selenium-support/4.40.0/selenium-support-4.40.0-sources.jar
2026-01-28 08:39:25,066 [Worker-29: Download sources and javadoc] INFO  o.e.m.j.internal.DownloadSourcesJob - Downloaded sources for org.seleniumhq.selenium:selenium-support:4.40.0
2026-01-28 08:39:44,756 [Worker-28: Building] INFO  o.a.m.s.f.DefaultMavenResourcesFiltering - skip non existing resourceDirectory C:\Users\Admin\Automation MWF 8-00 to 9-30\JUnit_Learning\src\main\resources
2026-01-28 08:39:44,760 [Worker-28: Building] INFO  o.a.m.s.f.DefaultMavenResourcesFiltering - skip non existing resourceDirectory C:\Users\Admin\Automation MWF 8-00 to 9-30\JUnit_Learning\src\test\resources
2026-01-28 08:39:46,810 [Worker-30: Building] INFO  o.a.m.s.f.DefaultMavenResourcesFiltering - skip non existing resourceDirectory C:\Users\Admin\Automation MWF 8-00 to 9-30\JUnit_Learning\src\main\resources
2026-01-28 08:39:46,812 [Worker-30: Building] INFO  o.a.m.s.f.DefaultMavenResourcesFiltering - skip non existing resourceDirectory C:\Users\Admin\Automation MWF 8-00 to 9-30\JUnit_Learning\src\test\resources
2026-01-28 08:40:16,034 [Worker-14: Building] INFO  o.a.m.s.f.DefaultMavenResourcesFiltering - skip non existing resourceDirectory C:\Users\Admin\Automation MWF 8-00 to 9-30\JUnit_Learning\src\main\resources
2026-01-28 08:40:16,037 [Worker-14: Building] INFO  o.a.m.s.f.DefaultMavenResourcesFiltering - skip non existing resourceDirectory C:\Users\Admin\Automation MWF 8-00 to 9-30\JUnit_Learning\src\test\resources
2026-01-28 08:40:35,531 [Worker-9: Building] INFO  o.a.m.s.f.DefaultMavenResourcesFiltering - skip non existing resourceDirectory C:\Users\Admin\Automation MWF 8-00 to 9-30\JUnit_Learning\src\main\resources
2026-01-28 08:40:35,533 [Worker-9: Building] INFO  o.a.m.s.f.DefaultMavenResourcesFiltering - skip non existing resourceDirectory C:\Users\Admin\Automation MWF 8-00 to 9-30\JUnit_Learning\src\test\resources
2026-01-28 08:42:12,421 [Worker-33: Building] INFO  o.a.m.s.f.DefaultMavenResourcesFiltering - skip non existing resourceDirectory C:\Users\Admin\Automation MWF 8-00 to 9-30\JUnit_Learning\src\main\resources
2026-01-28 08:42:12,422 [Worker-33: Building] INFO  o.a.m.s.f.DefaultMavenResourcesFiltering - skip non existing resourceDirectory C:\Users\Admin\Automation MWF 8-00 to 9-30\JUnit_Learning\src\test\resources
2026-01-28 08:43:13,736 [Worker-33: Building] INFO  o.a.m.s.f.DefaultMavenResourcesFiltering - skip non existing resourceDirectory C:\Users\Admin\Automation MWF 8-00 to 9-30\JUnit_Learning\src\main\resources
2026-01-28 08:43:13,738 [Worker-33: Building] INFO  o.a.m.s.f.DefaultMavenResourcesFiltering - skip non existing resourceDirectory C:\Users\Admin\Automation MWF 8-00 to 9-30\JUnit_Learning\src\test\resources
2026-01-28 08:43:38,391 [Worker-33: Building] INFO  o.a.m.s.f.DefaultMavenResourcesFiltering - skip non existing resourceDirectory C:\Users\Admin\Automation MWF 8-00 to 9-30\JUnit_Learning\src\main\resources
2026-01-28 08:43:38,392 [Worker-33: Building] INFO  o.a.m.s.f.DefaultMavenResourcesFiltering - skip non existing resourceDirectory C:\Users\Admin\Automation MWF 8-00 to 9-30\JUnit_Learning\src\test\resources
2026-01-28 08:44:06,771 [Worker-33: Building] INFO  o.a.m.s.f.DefaultMavenResourcesFiltering - skip non existing resourceDirectory C:\Users\Admin\Automation MWF 8-00 to 9-30\JUnit_Learning\src\main\resources
2026-01-28 08:44:06,772 [Worker-33: Building] INFO  o.a.m.s.f.DefaultMavenResourcesFiltering - skip non existing resourceDirectory C:\Users\Admin\Automation MWF 8-00 to 9-30\JUnit_Learning\src\test\resources
2026-01-28 08:45:01,128 [Worker-28: Building] INFO  o.a.m.s.f.DefaultMavenResourcesFiltering - skip non existing resourceDirectory C:\Users\Admin\Automation MWF 8-00 to 9-30\JUnit_Learning\src\main\resources
2026-01-28 08:45:01,131 [Worker-28: Building] INFO  o.a.m.s.f.DefaultMavenResourcesFiltering - skip non existing resourceDirectory C:\Users\Admin\Automation MWF 8-00 to 9-30\JUnit_Learning\src\test\resources
2026-01-28 08:45:10,375 [Worker-29: Building] INFO  o.a.m.s.f.DefaultMavenResourcesFiltering - skip non existing resourceDirectory C:\Users\Admin\Automation MWF 8-00 to 9-30\JUnit_Learning\src\main\resources
2026-01-28 08:45:10,376 [Worker-29: Building] INFO  o.a.m.s.f.DefaultMavenResourcesFiltering - skip non existing resourceDirectory C:\Users\Admin\Automation MWF 8-00 to 9-30\JUnit_Learning\src\test\resources
2026-01-28 08:45:13,803 [Worker-33: Building] INFO  o.a.m.s.f.DefaultMavenResourcesFiltering - skip non existing resourceDirectory C:\Users\Admin\Automation MWF 8-00 to 9-30\JUnit_Learning\src\main\resources
2026-01-28 08:45:13,805 [Worker-33: Building] INFO  o.a.m.s.f.DefaultMavenResourcesFiltering - skip non existing resourceDirectory C:\Users\Admin\Automation MWF 8-00 to 9-30\JUnit_Learning\src\test\resources
2026-01-28 08:45:38,168 [Worker-34: Building] INFO  o.a.m.s.f.DefaultMavenResourcesFiltering - skip non existing resourceDirectory C:\Users\Admin\Automation MWF 8-00 to 9-30\JUnit_Learning\src\main\resources
2026-01-28 08:45:38,170 [Worker-34: Building] INFO  o.a.m.s.f.DefaultMavenResourcesFiltering - skip non existing resourceDirectory C:\Users\Admin\Automation MWF 8-00 to 9-30\JUnit_Learning\src\test\resources
2026-01-28 08:45:44,638 [Worker-29: Building] INFO  o.a.m.s.f.DefaultMavenResourcesFiltering - skip non existing resourceDirectory C:\Users\Admin\Automation MWF 8-00 to 9-30\JUnit_Learning\src\main\resources
2026-01-28 08:45:44,640 [Worker-29: Building] INFO  o.a.m.s.f.DefaultMavenResourcesFiltering - skip non existing resourceDirectory C:\Users\Admin\Automation MWF 8-00 to 9-30\JUnit_Learning\src\test\resources
2026-01-28 08:46:20,006 [Worker-33: Building] INFO  o.a.m.s.f.DefaultMavenResourcesFiltering - skip non existing resourceDirectory C:\Users\Admin\Automation MWF 8-00 to 9-30\JUnit_Learning\src\main\resources
2026-01-28 08:46:20,009 [Worker-33: Building] INFO  o.a.m.s.f.DefaultMavenResourcesFiltering - skip non existing resourceDirectory C:\Users\Admin\Automation MWF 8-00 to 9-30\JUnit_Learning\src\test\resources
2026-01-28 08:46:29,265 [Worker-29: Building] INFO  o.a.m.s.f.DefaultMavenResourcesFiltering - skip non existing resourceDirectory C:\Users\Admin\Automation MWF 8-00 to 9-30\JUnit_Learning\src\main\resources
2026-01-28 08:46:29,266 [Worker-29: Building] INFO  o.a.m.s.f.DefaultMavenResourcesFiltering - skip non existing resourceDirectory C:\Users\Admin\Automation MWF 8-00 to 9-30\JUnit_Learning\src\test\resources
2026-01-28 08:46:42,454 [Worker-36: Building] INFO  o.a.m.s.f.DefaultMavenResourcesFiltering - skip non existing resourceDirectory C:\Users\Admin\Automation MWF 8-00 to 9-30\JUnit_Learning\src\main\resources
2026-01-28 08:46:42,456 [Worker-36: Building] INFO  o.a.m.s.f.DefaultMavenResourcesFiltering - skip non existing resourceDirectory C:\Users\Admin\Automation MWF 8-00 to 9-30\JUnit_Learning\src\test\resources
2026-01-28 08:47:09,329 [Worker-28: Building] INFO  o.a.m.s.f.DefaultMavenResourcesFiltering - skip non existing resourceDirectory C:\Users\Admin\Automation MWF 8-00 to 9-30\JUnit_Learning\src\main\resources
2026-01-28 08:47:09,331 [Worker-28: Building] INFO  o.a.m.s.f.DefaultMavenResourcesFiltering - skip non existing resourceDirectory C:\Users\Admin\Automation MWF 8-00 to 9-30\JUnit_Learning\src\test\resources
2026-01-28 08:47:32,056 [Worker-33: Building] INFO  o.a.m.s.f.DefaultMavenResourcesFiltering - skip non existing resourceDirectory C:\Users\Admin\Automation MWF 8-00 to 9-30\JUnit_Learning\src\main\resources
2026-01-28 08:47:32,058 [Worker-33: Building] INFO  o.a.m.s.f.DefaultMavenResourcesFiltering - skip non existing resourceDirectory C:\Users\Admin\Automation MWF 8-00 to 9-30\JUnit_Learning\src\test\resources
2026-01-28 08:50:02,602 [Worker-28: Building] INFO  o.a.m.s.f.DefaultMavenResourcesFiltering - skip non existing resourceDirectory C:\Users\Admin\Automation MWF 8-00 to 9-30\JUnit_Learning\src\main\resources
2026-01-28 08:50:02,604 [Worker-28: Building] INFO  o.a.m.s.f.DefaultMavenResourcesFiltering - skip non existing resourceDirectory C:\Users\Admin\Automation MWF 8-00 to 9-30\JUnit_Learning\src\test\resources
2026-01-28 08:50:42,985 [Worker-29: Building] INFO  o.a.m.s.f.DefaultMavenResourcesFiltering - skip non existing resourceDirectory C:\Users\Admin\Automation MWF 8-00 to 9-30\JUnit_Learning\src\main\resources
2026-01-28 08:50:42,987 [Worker-29: Building] INFO  o.a.m.s.f.DefaultMavenResourcesFiltering - skip non existing resourceDirectory C:\Users\Admin\Automation MWF 8-00 to 9-30\JUnit_Learning\src\test\resources
2026-01-28 08:51:19,322 [Worker-29: Building] INFO  o.a.m.s.f.DefaultMavenResourcesFiltering - skip non existing resourceDirectory C:\Users\Admin\Automation MWF 8-00 to 9-30\JUnit_Learning\src\main\resources
2026-01-28 08:51:19,324 [Worker-29: Building] INFO  o.a.m.s.f.DefaultMavenResourcesFiltering - skip non existing resourceDirectory C:\Users\Admin\Automation MWF 8-00 to 9-30\JUnit_Learning\src\test\resources
2026-01-28 08:51:30,898 [Worker-38: Building] INFO  o.a.m.s.f.DefaultMavenResourcesFiltering - skip non existing resourceDirectory C:\Users\Admin\Automation MWF 8-00 to 9-30\JUnit_Learning\src\main\resources
2026-01-28 08:51:30,900 [Worker-38: Building] INFO  o.a.m.s.f.DefaultMavenResourcesFiltering - skip non existing resourceDirectory C:\Users\Admin\Automation MWF 8-00 to 9-30\JUnit_Learning\src\test\resources
2026-01-28 08:51:53,261 [Worker-36: Building] INFO  o.a.m.s.f.DefaultMavenResourcesFiltering - skip non existing resourceDirectory C:\Users\Admin\Automation MWF 8-00 to 9-30\JUnit_Learning\src\main\resources
2026-01-28 08:51:53,262 [Worker-36: Building] INFO  o.a.m.s.f.DefaultMavenResourcesFiltering - skip non existing resourceDirectory C:\Users\Admin\Automation MWF 8-00 to 9-30\JUnit_Learning\src\test\resources
2026-01-28 08:51:57,937 [Worker-35: Building] INFO  o.a.m.s.f.DefaultMavenResourcesFiltering - skip non existing resourceDirectory C:\Users\Admin\Automation MWF 8-00 to 9-30\JUnit_Learning\src\main\resources
2026-01-28 08:51:57,938 [Worker-35: Building] INFO  o.a.m.s.f.DefaultMavenResourcesFiltering - skip non existing resourceDirectory C:\Users\Admin\Automation MWF 8-00 to 9-30\JUnit_Learning\src\test\resources
2026-01-28 08:53:02,560 [Worker-34: Building] INFO  o.a.m.s.f.DefaultMavenResourcesFiltering - skip non existing resourceDirectory C:\Users\Admin\Automation MWF 8-00 to 9-30\JUnit_Learning\src\main\resources
2026-01-28 08:53:02,562 [Worker-34: Building] INFO  o.a.m.s.f.DefaultMavenResourcesFiltering - skip non existing resourceDirectory C:\Users\Admin\Automation MWF 8-00 to 9-30\JUnit_Learning\src\test\resources
2026-01-28 08:53:11,262 [Worker-37: Building] INFO  o.a.m.s.f.DefaultMavenResourcesFiltering - skip non existing resourceDirectory C:\Users\Admin\Automation MWF 8-00 to 9-30\JUnit_Learning\src\main\resources
2026-01-28 08:53:11,264 [Worker-37: Building] INFO  o.a.m.s.f.DefaultMavenResourcesFiltering - skip non existing resourceDirectory C:\Users\Admin\Automation MWF 8-00 to 9-30\JUnit_Learning\src\test\resources
2026-01-28 08:53:22,111 [Worker-29: Building] INFO  o.a.m.s.f.DefaultMavenResourcesFiltering - skip non existing resourceDirectory C:\Users\Admin\Automation MWF 8-00 to 9-30\JUnit_Learning\src\main\resources
2026-01-28 08:53:22,112 [Worker-29: Building] INFO  o.a.m.s.f.DefaultMavenResourcesFiltering - skip non existing resourceDirectory C:\Users\Admin\Automation MWF 8-00 to 9-30\JUnit_Learning\src\test\resources
2026-01-28 08:53:25,588 [Worker-33: Building] INFO  o.a.m.s.f.DefaultMavenResourcesFiltering - skip non existing resourceDirectory C:\Users\Admin\Automation MWF 8-00 to 9-30\JUnit_Learning\src\main\resources
2026-01-28 08:53:25,589 [Worker-33: Building] INFO  o.a.m.s.f.DefaultMavenResourcesFiltering - skip non existing resourceDirectory C:\Users\Admin\Automation MWF 8-00 to 9-30\JUnit_Learning\src\test\resources
2026-01-28 08:53:31,901 [Worker-37: Building] INFO  o.a.m.s.f.DefaultMavenResourcesFiltering - skip non existing resourceDirectory C:\Users\Admin\Automation MWF 8-00 to 9-30\JUnit_Learning\src\main\resources
2026-01-28 08:53:31,902 [Worker-37: Building] INFO  o.a.m.s.f.DefaultMavenResourcesFiltering - skip non existing resourceDirectory C:\Users\Admin\Automation MWF 8-00 to 9-30\JUnit_Learning\src\test\resources
2026-01-28 08:54:01,641 [Worker-38: Building] INFO  o.a.m.s.f.DefaultMavenResourcesFiltering - skip non existing resourceDirectory C:\Users\Admin\Automation MWF 8-00 to 9-30\JUnit_Learning\src\main\resources
2026-01-28 08:54:01,642 [Worker-38: Building] INFO  o.a.m.s.f.DefaultMavenResourcesFiltering - skip non existing resourceDirectory C:\Users\Admin\Automation MWF 8-00 to 9-30\JUnit_Learning\src\test\resources
2026-01-28 08:56:32,669 [Worker-38: Building] INFO  o.a.m.s.f.DefaultMavenResourcesFiltering - skip non existing resourceDirectory C:\Users\Admin\Automation MWF 8-00 to 9-30\JUnit_Learning\src\main\resources
2026-01-28 08:56:32,672 [Worker-38: Building] INFO  o.a.m.s.f.DefaultMavenResourcesFiltering - skip non existing resourceDirectory C:\Users\Admin\Automation MWF 8-00 to 9-30\JUnit_Learning\src\test\resources
2026-01-28 08:58:00,803 [Worker-37: Building] INFO  o.a.m.s.f.DefaultMavenResourcesFiltering - skip non existing resourceDirectory C:\Users\Admin\Automation MWF 8-00 to 9-30\JUnit_Learning\src\main\resources
2026-01-28 08:58:00,805 [Worker-37: Building] INFO  o.a.m.s.f.DefaultMavenResourcesFiltering - skip non existing resourceDirectory C:\Users\Admin\Automation MWF 8-00 to 9-30\JUnit_Learning\src\test\resources
2026-01-28 08:58:42,719 [Worker-36: Building] INFO  o.a.m.s.f.DefaultMavenResourcesFiltering - skip non existing resourceDirectory C:\Users\Admin\Automation MWF 8-00 to 9-30\JUnit_Learning\src\main\resources
2026-01-28 08:58:42,721 [Worker-36: Building] INFO  o.a.m.s.f.DefaultMavenResourcesFiltering - skip non existing resourceDirectory C:\Users\Admin\Automation MWF 8-00 to 9-30\JUnit_Learning\src\test\resources
2026-01-28 08:59:51,050 [Worker-37: Building] INFO  o.a.m.s.f.DefaultMavenResourcesFiltering - skip non existing resourceDirectory C:\Users\Admin\Automation MWF 8-00 to 9-30\JUnit_Learning\src\main\resources
2026-01-28 08:59:51,052 [Worker-37: Building] INFO  o.a.m.s.f.DefaultMavenResourcesFiltering - skip non existing resourceDirectory C:\Users\Admin\Automation MWF 8-00 to 9-30\JUnit_Learning\src\test\resources
2026-01-28 08:59:55,998 [Worker-35: Building] INFO  o.a.m.s.f.DefaultMavenResourcesFiltering - skip non existing resourceDirectory C:\Users\Admin\Automation MWF 8-00 to 9-30\JUnit_Learning\src\main\resources
2026-01-28 08:59:56,000 [Worker-35: Building] INFO  o.a.m.s.f.DefaultMavenResourcesFiltering - skip non existing resourceDirectory C:\Users\Admin\Automation MWF 8-00 to 9-30\JUnit_Learning\src\test\resources
2026-01-28 09:01:32,922 [Worker-28: Building] INFO  o.a.m.s.f.DefaultMavenResourcesFiltering - skip non existing resourceDirectory C:\Users\Admin\Automation MWF 8-00 to 9-30\JUnit_Learning\src\main\resources
2026-01-28 09:01:32,924 [Worker-28: Building] INFO  o.a.m.s.f.DefaultMavenResourcesFiltering - skip non existing resourceDirectory C:\Users\Admin\Automation MWF 8-00 to 9-30\JUnit_Learning\src\test\resources
2026-01-28 09:02:13,352 [Worker-35: Building] INFO  o.a.m.s.f.DefaultMavenResourcesFiltering - skip non existing resourceDirectory C:\Users\Admin\Automation MWF 8-00 to 9-30\JUnit_Learning\src\main\resources
2026-01-28 09:02:13,354 [Worker-35: Building] INFO  o.a.m.s.f.DefaultMavenResourcesFiltering - skip non existing resourceDirectory C:\Users\Admin\Automation MWF 8-00 to 9-30\JUnit_Learning\src\test\resources
2026-01-28 09:02:15,451 [Worker-29: Building] INFO  o.a.m.s.f.DefaultMavenResourcesFiltering - skip non existing resourceDirectory C:\Users\Admin\Automation MWF 8-00 to 9-30\JUnit_Learning\src\main\resources
2026-01-28 09:02:15,452 [Worker-29: Building] INFO  o.a.m.s.f.DefaultMavenResourcesFiltering - skip non existing resourceDirectory C:\Users\Admin\Automation MWF 8-00 to 9-30\JUnit_Learning\src\test\resources
2026-01-28 09:02:37,768 [Worker-34: Building Workspace] INFO  o.a.m.s.f.DefaultMavenResourcesFiltering - skip non existing resourceDirectory C:\Users\Admin\Automation MWF 8-00 to 9-30\JUnit_Learning\src\main\resources
2026-01-28 09:02:37,770 [Worker-34: Building Workspace] INFO  o.a.m.s.f.DefaultMavenResourcesFiltering - skip non existing resourceDirectory C:\Users\Admin\Automation MWF 8-00 to 9-30\JUnit_Learning\src\test\resources
2026-01-28 09:03:41,455 [Worker-33: Building] INFO  o.a.m.s.f.DefaultMavenResourcesFiltering - skip non existing resourceDirectory C:\Users\Admin\Automation MWF 8-00 to 9-30\JUnit_Learning\src\main\resources
2026-01-28 09:03:41,457 [Worker-33: Building] INFO  o.a.m.s.f.DefaultMavenResourcesFiltering - skip non existing resourceDirectory C:\Users\Admin\Automation MWF 8-00 to 9-30\JUnit_Learning\src\test\resources
2026-01-28 09:03:56,425 [Worker-33: Building] INFO  o.a.m.s.f.DefaultMavenResourcesFiltering - skip non existing resourceDirectory C:\Users\Admin\Automation MWF 8-00 to 9-30\JUnit_Learning\src\main\resources
2026-01-28 09:03:56,426 [Worker-33: Building] INFO  o.a.m.s.f.DefaultMavenResourcesFiltering - skip non existing resourceDirectory C:\Users\Admin\Automation MWF 8-00 to 9-30\JUnit_Learning\src\test\resources
2026-01-28 09:04:19,131 [Worker-35: Building] INFO  o.a.m.s.f.DefaultMavenResourcesFiltering - skip non existing resourceDirectory C:\Users\Admin\Automation MWF 8-00 to 9-30\JUnit_Learning\src\main\resources
2026-01-28 09:04:19,132 [Worker-35: Building] INFO  o.a.m.s.f.DefaultMavenResourcesFiltering - skip non existing resourceDirectory C:\Users\Admin\Automation MWF 8-00 to 9-30\JUnit_Learning\src\test\resources
2026-01-28 09:05:18,964 [Worker-38: Building] INFO  o.a.m.s.f.DefaultMavenResourcesFiltering - skip non existing resourceDirectory C:\Users\Admin\Automation MWF 8-00 to 9-30\JUnit_Learning\src\main\resources
2026-01-28 09:05:18,965 [Worker-38: Building] INFO  o.a.m.s.f.DefaultMavenResourcesFiltering - skip non existing resourceDirectory C:\Users\Admin\Automation MWF 8-00 to 9-30\JUnit_Learning\src\test\resources
2026-01-28 09:05:30,818 [Worker-36: Building] INFO  o.a.m.s.f.DefaultMavenResourcesFiltering - skip non existing resourceDirectory C:\Users\Admin\Automation MWF 8-00 to 9-30\JUnit_Learning\src\main\resources
2026-01-28 09:05:30,819 [Worker-36: Building] INFO  o.a.m.s.f.DefaultMavenResourcesFiltering - skip non existing resourceDirectory C:\Users\Admin\Automation MWF 8-00 to 9-30\JUnit_Learning\src\test\resources
2026-01-28 09:05:31,877 [Worker-38: Building] INFO  o.a.m.s.f.DefaultMavenResourcesFiltering - skip non existing resourceDirectory C:\Users\Admin\Automation MWF 8-00 to 9-30\JUnit_Learning\src\main\resources
2026-01-28 09:05:31,878 [Worker-38: Building] INFO  o.a.m.s.f.DefaultMavenResourcesFiltering - skip non existing resourceDirectory C:\Users\Admin\Automation MWF 8-00 to 9-30\JUnit_Learning\src\test\resources
2026-01-28 09:05:34,928 [Worker-36: Building] INFO  o.a.m.s.f.DefaultMavenResourcesFiltering - skip non existing resourceDirectory C:\Users\Admin\Automation MWF 8-00 to 9-30\JUnit_Learning\src\main\resources
2026-01-28 09:05:34,929 [Worker-36: Building] INFO  o.a.m.s.f.DefaultMavenResourcesFiltering - skip non existing resourceDirectory C:\Users\Admin\Automation MWF 8-00 to 9-30\JUnit_Learning\src\test\resources
2026-01-28 09:05:56,960 [Worker-36: Building] INFO  o.a.m.s.f.DefaultMavenResourcesFiltering - skip non existing resourceDirectory C:\Users\Admin\Automation MWF 8-00 to 9-30\JUnit_Learning\src\main\resources
2026-01-28 09:05:56,961 [Worker-36: Building] INFO  o.a.m.s.f.DefaultMavenResourcesFiltering - skip non existing resourceDirectory C:\Users\Admin\Automation MWF 8-00 to 9-30\JUnit_Learning\src\test\resources
2026-01-28 09:06:43,458 [Worker-37: Building] INFO  o.a.m.s.f.DefaultMavenResourcesFiltering - skip non existing resourceDirectory C:\Users\Admin\Automation MWF 8-00 to 9-30\JUnit_Learning\src\main\resources
2026-01-28 09:06:43,460 [Worker-37: Building] INFO  o.a.m.s.f.DefaultMavenResourcesFiltering - skip non existing resourceDirectory C:\Users\Admin\Automation MWF 8-00 to 9-30\JUnit_Learning\src\test\resources
2026-01-28 09:07:06,168 [Worker-28: Building] INFO  o.a.m.s.f.DefaultMavenResourcesFiltering - skip non existing resourceDirectory C:\Users\Admin\Automation MWF 8-00 to 9-30\JUnit_Learning\src\main\resources
2026-01-28 09:07:06,170 [Worker-28: Building] INFO  o.a.m.s.f.DefaultMavenResourcesFiltering - skip non existing resourceDirectory C:\Users\Admin\Automation MWF 8-00 to 9-30\JUnit_Learning\src\test\resources
2026-01-28 09:07:40,109 [Worker-33: Building] INFO  o.a.m.s.f.DefaultMavenResourcesFiltering - skip non existing resourceDirectory C:\Users\Admin\Automation MWF 8-00 to 9-30\JUnit_Learning\src\main\resources
2026-01-28 09:07:40,110 [Worker-33: Building] INFO  o.a.m.s.f.DefaultMavenResourcesFiltering - skip non existing resourceDirectory C:\Users\Admin\Automation MWF 8-00 to 9-30\JUnit_Learning\src\test\resources
2026-01-28 09:07:48,607 [Worker-33: Building] INFO  o.a.m.s.f.DefaultMavenResourcesFiltering - skip non existing resourceDirectory C:\Users\Admin\Automation MWF 8-00 to 9-30\JUnit_Learning\src\main\resources
2026-01-28 09:07:48,609 [Worker-33: Building] INFO  o.a.m.s.f.DefaultMavenResourcesFiltering - skip non existing resourceDirectory C:\Users\Admin\Automation MWF 8-00 to 9-30\JUnit_Learning\src\test\resources
2026-01-28 09:08:41,013 [Worker-29: Building] INFO  o.a.m.s.f.DefaultMavenResourcesFiltering - skip non existing resourceDirectory C:\Users\Admin\Automation MWF 8-00 to 9-30\JUnit_Learning\src\main\resources
2026-01-28 09:08:41,014 [Worker-29: Building] INFO  o.a.m.s.f.DefaultMavenResourcesFiltering - skip non existing resourceDirectory C:\Users\Admin\Automation MWF 8-00 to 9-30\JUnit_Learning\src\test\resources
2026-01-28 09:09:17,055 [Worker-38: Building] INFO  o.a.m.s.f.DefaultMavenResourcesFiltering - skip non existing resourceDirectory C:\Users\Admin\Automation MWF 8-00 to 9-30\JUnit_Learning\src\main\resources
2026-01-28 09:09:17,057 [Worker-38: Building] INFO  o.a.m.s.f.DefaultMavenResourcesFiltering - skip non existing resourceDirectory C:\Users\Admin\Automation MWF 8-00 to 9-30\JUnit_Learning\src\test\resources
2026-01-28 09:09:22,993 [Worker-33: Building] INFO  o.a.m.s.f.DefaultMavenResourcesFiltering - skip non existing resourceDirectory C:\Users\Admin\Automation MWF 8-00 to 9-30\JUnit_Learning\src\main\resources
2026-01-28 09:09:22,994 [Worker-33: Building] INFO  o.a.m.s.f.DefaultMavenResourcesFiltering - skip non existing resourceDirectory C:\Users\Admin\Automation MWF 8-00 to 9-30\JUnit_Learning\src\test\resources
2026-01-28 09:09:35,480 [Worker-37: Building] INFO  o.a.m.s.f.DefaultMavenResourcesFiltering - skip non existing resourceDirectory C:\Users\Admin\Automation MWF 8-00 to 9-30\JUnit_Learning\src\main\resources
2026-01-28 09:09:35,481 [Worker-37: Building] INFO  o.a.m.s.f.DefaultMavenResourcesFiltering - skip non existing resourceDirectory C:\Users\Admin\Automation MWF 8-00 to 9-30\JUnit_Learning\src\test\resources
2026-01-28 09:10:15,095 [Worker-29: Building] INFO  o.a.m.s.f.DefaultMavenResourcesFiltering - skip non existing resourceDirectory C:\Users\Admin\Automation MWF 8-00 to 9-30\JUnit_Learning\src\main\resources
2026-01-28 09:10:15,096 [Worker-29: Building] INFO  o.a.m.s.f.DefaultMavenResourcesFiltering - skip non existing resourceDirectory C:\Users\Admin\Automation MWF 8-00 to 9-30\JUnit_Learning\src\test\resources
2026-01-30 08:48:02,489 [Worker-0: Loading available Gradle versions] INFO  o.e.b.c.i.u.g.PublishedGradleVersions - Gradle version information cache is out-of-date. Trying to update.
2026-01-30 08:48:44,685 [Worker-13: Building] INFO  o.a.m.s.f.DefaultMavenResourcesFiltering - skip non existing resourceDirectory C:\Users\Admin\Automation MWF 8-00 to 9-30\JUnit_Learning\src\main\resources
2026-01-30 08:48:44,691 [Worker-13: Building] INFO  o.a.m.s.f.DefaultMavenResourcesFiltering - skip non existing resourceDirectory C:\Users\Admin\Automation MWF 8-00 to 9-30\JUnit_Learning\src\test\resources
2026-01-30 08:48:47,955 [Worker-3: Building] INFO  o.a.m.s.f.DefaultMavenResourcesFiltering - skip non existing resourceDirectory C:\Users\Admin\Automation MWF 8-00 to 9-30\JUnit_Learning\src\main\resources
2026-01-30 08:48:47,957 [Worker-3: Building] INFO  o.a.m.s.f.DefaultMavenResourcesFiltering - skip non existing resourceDirectory C:\Users\Admin\Automation MWF 8-00 to 9-30\JUnit_Learning\src\test\resources
2026-01-30 08:49:13,365 [Worker-1: Building] INFO  o.a.m.s.f.DefaultMavenResourcesFiltering - skip non existing resourceDirectory C:\Users\Admin\Automation MWF 8-00 to 9-30\JUnit_Learning\src\main\resources
2026-01-30 08:49:13,369 [Worker-1: Building] INFO  o.a.m.s.f.DefaultMavenResourcesFiltering - skip non existing resourceDirectory C:\Users\Admin\Automation MWF 8-00 to 9-30\JUnit_Learning\src\test\resources
2026-01-30 08:49:43,295 [Worker-8: Building] INFO  o.a.m.s.f.DefaultMavenResourcesFiltering - skip non existing resourceDirectory C:\Users\Admin\Automation MWF 8-00 to 9-30\JUnit_Learning\src\main\resources
2026-01-30 08:49:43,299 [Worker-8: Building] INFO  o.a.m.s.f.DefaultMavenResourcesFiltering - skip non existing resourceDirectory C:\Users\Admin\Automation MWF 8-00 to 9-30\JUnit_Learning\src\test\resources
2026-01-30 08:49:46,387 [Worker-8: Building] INFO  o.a.m.s.f.DefaultMavenResourcesFiltering - skip non existing resourceDirectory C:\Users\Admin\Automation MWF 8-00 to 9-30\JUnit_Learning\src\main\resources
2026-01-30 08:49:46,390 [Worker-8: Building] INFO  o.a.m.s.f.DefaultMavenResourcesFiltering - skip non existing resourceDirectory C:\Users\Admin\Automation MWF 8-00 to 9-30\JUnit_Learning\src\test\resources
2026-01-30 08:50:03,564 [Worker-19: Building] INFO  o.a.m.s.f.DefaultMavenResourcesFiltering - skip non existing resourceDirectory C:\Users\Admin\Automation MWF 8-00 to 9-30\JUnit_Learning\src\main\resources
2026-01-30 08:50:03,568 [Worker-19: Building] INFO  o.a.m.s.f.DefaultMavenResourcesFiltering - skip non existing resourceDirectory C:\Users\Admin\Automation MWF 8-00 to 9-30\JUnit_Learning\src\test\resources
2026-01-30 08:50:29,538 [Worker-16: Building] INFO  o.a.m.s.f.DefaultMavenResourcesFiltering - skip non existing resourceDirectory C:\Users\Admin\Automation MWF 8-00 to 9-30\JUnit_Learning\src\main\resources
2026-01-30 08:50:29,539 [Worker-16: Building] INFO  o.a.m.s.f.DefaultMavenResourcesFiltering - skip non existing resourceDirectory C:\Users\Admin\Automation MWF 8-00 to 9-30\JUnit_Learning\src\test\resources
2026-01-30 08:50:37,799 [Worker-19: Building] INFO  o.a.m.s.f.DefaultMavenResourcesFiltering - skip non existing resourceDirectory C:\Users\Admin\Automation MWF 8-00 to 9-30\JUnit_Learning\src\main\resources
2026-01-30 08:50:37,801 [Worker-19: Building] INFO  o.a.m.s.f.DefaultMavenResourcesFiltering - skip non existing resourceDirectory C:\Users\Admin\Automation MWF 8-00 to 9-30\JUnit_Learning\src\test\resources
2026-01-30 08:50:59,634 [Worker-17: Building] INFO  o.a.m.s.f.DefaultMavenResourcesFiltering - skip non existing resourceDirectory C:\Users\Admin\Automation MWF 8-00 to 9-30\JUnit_Learning\src\main\resources
2026-01-30 08:50:59,636 [Worker-17: Building] INFO  o.a.m.s.f.DefaultMavenResourcesFiltering - skip non existing resourceDirectory C:\Users\Admin\Automation MWF 8-00 to 9-30\JUnit_Learning\src\test\resources
2026-01-30 08:51:13,946 [Worker-1: Building] INFO  o.a.m.s.f.DefaultMavenResourcesFiltering - skip non existing resourceDirectory C:\Users\Admin\Automation MWF 8-00 to 9-30\JUnit_Learning\src\main\resources
2026-01-30 08:51:13,948 [Worker-1: Building] INFO  o.a.m.s.f.DefaultMavenResourcesFiltering - skip non existing resourceDirectory C:\Users\Admin\Automation MWF 8-00 to 9-30\JUnit_Learning\src\test\resources
2026-01-30 08:51:26,020 [Worker-13: Building] INFO  o.a.m.s.f.DefaultMavenResourcesFiltering - skip non existing resourceDirectory C:\Users\Admin\Automation MWF 8-00 to 9-30\JUnit_Learning\src\main\resources
2026-01-30 08:51:26,023 [Worker-13: Building] INFO  o.a.m.s.f.DefaultMavenResourcesFiltering - skip non existing resourceDirectory C:\Users\Admin\Automation MWF 8-00 to 9-30\JUnit_Learning\src\test\resources
2026-01-30 08:53:10,483 [Worker-14: Building] INFO  o.a.m.s.f.DefaultMavenResourcesFiltering - skip non existing resourceDirectory C:\Users\Admin\Automation MWF 8-00 to 9-30\JUnit_Learning\src\main\resources
2026-01-30 08:53:10,487 [Worker-14: Building] INFO  o.a.m.s.f.DefaultMavenResourcesFiltering - skip non existing resourceDirectory C:\Users\Admin\Automation MWF 8-00 to 9-30\JUnit_Learning\src\test\resources
2026-01-30 08:53:12,528 [Worker-11: Building] INFO  o.a.m.s.f.DefaultMavenResourcesFiltering - skip non existing resourceDirectory C:\Users\Admin\Automation MWF 8-00 to 9-30\JUnit_Learning\src\main\resources
2026-01-30 08:53:12,530 [Worker-11: Building] INFO  o.a.m.s.f.DefaultMavenResourcesFiltering - skip non existing resourceDirectory C:\Users\Admin\Automation MWF 8-00 to 9-30\JUnit_Learning\src\test\resources
2026-01-30 08:53:31,935 [Worker-0: Building] INFO  o.a.m.s.f.DefaultMavenResourcesFiltering - skip non existing resourceDirectory C:\Users\Admin\Automation MWF 8-00 to 9-30\JUnit_Learning\src\main\resources
2026-01-30 08:53:31,938 [Worker-0: Building] INFO  o.a.m.s.f.DefaultMavenResourcesFiltering - skip non existing resourceDirectory C:\Users\Admin\Automation MWF 8-00 to 9-30\JUnit_Learning\src\test\resources
2026-01-30 08:53:35,663 [Worker-18: Building] INFO  o.a.m.s.f.DefaultMavenResourcesFiltering - skip non existing resourceDirectory C:\Users\Admin\Automation MWF 8-00 to 9-30\JUnit_Learning\src\main\resources
2026-01-30 08:53:35,665 [Worker-18: Building] INFO  o.a.m.s.f.DefaultMavenResourcesFiltering - skip non existing resourceDirectory C:\Users\Admin\Automation MWF 8-00 to 9-30\JUnit_Learning\src\test\resources
2026-01-30 08:54:05,069 [Worker-11: Building] INFO  o.a.m.s.f.DefaultMavenResourcesFiltering - skip non existing resourceDirectory C:\Users\Admin\Automation MWF 8-00 to 9-30\JUnit_Learning\src\main\resources
2026-01-30 08:54:05,071 [Worker-11: Building] INFO  o.a.m.s.f.DefaultMavenResourcesFiltering - skip non existing resourceDirectory C:\Users\Admin\Automation MWF 8-00 to 9-30\JUnit_Learning\src\test\resources
2026-01-30 08:54:25,107 [Worker-11: Building] INFO  o.a.m.s.f.DefaultMavenResourcesFiltering - skip non existing resourceDirectory C:\Users\Admin\Automation MWF 8-00 to 9-30\JUnit_Learning\src\main\resources
2026-01-30 08:54:25,110 [Worker-11: Building] INFO  o.a.m.s.f.DefaultMavenResourcesFiltering - skip non existing resourceDirectory C:\Users\Admin\Automation MWF 8-00 to 9-30\JUnit_Learning\src\test\resources
2026-01-30 08:54:44,397 [Worker-12: Building] INFO  o.a.m.s.f.DefaultMavenResourcesFiltering - skip non existing resourceDirectory C:\Users\Admin\Automation MWF 8-00 to 9-30\JUnit_Learning\src\main\resources
2026-01-30 08:54:44,399 [Worker-12: Building] INFO  o.a.m.s.f.DefaultMavenResourcesFiltering - skip non existing resourceDirectory C:\Users\Admin\Automation MWF 8-00 to 9-30\JUnit_Learning\src\test\resources
2026-01-30 08:54:45,448 [Worker-14: Building] INFO  o.a.m.s.f.DefaultMavenResourcesFiltering - skip non existing resourceDirectory C:\Users\Admin\Automation MWF 8-00 to 9-30\JUnit_Learning\src\main\resources
2026-01-30 08:54:45,449 [Worker-14: Building] INFO  o.a.m.s.f.DefaultMavenResourcesFiltering - skip non existing resourceDirectory C:\Users\Admin\Automation MWF 8-00 to 9-30\JUnit_Learning\src\test\resources
2026-01-30 08:56:25,405 [Worker-2: Building] INFO  o.a.m.s.f.DefaultMavenResourcesFiltering - skip non existing resourceDirectory C:\Users\Admin\Automation MWF 8-00 to 9-30\JUnit_Learning\src\main\resources
2026-01-30 08:56:25,407 [Worker-2: Building] INFO  o.a.m.s.f.DefaultMavenResourcesFiltering - skip non existing resourceDirectory C:\Users\Admin\Automation MWF 8-00 to 9-30\JUnit_Learning\src\test\resources
2026-01-30 08:57:03,584 [Worker-18: Building] INFO  o.a.m.s.f.DefaultMavenResourcesFiltering - skip non existing resourceDirectory C:\Users\Admin\Automation MWF 8-00 to 9-30\JUnit_Learning\src\main\resources
2026-01-30 08:57:03,586 [Worker-18: Building] INFO  o.a.m.s.f.DefaultMavenResourcesFiltering - skip non existing resourceDirectory C:\Users\Admin\Automation MWF 8-00 to 9-30\JUnit_Learning\src\test\resources
2026-01-30 08:57:30,886 [Worker-18: Building] INFO  o.a.m.s.f.DefaultMavenResourcesFiltering - skip non existing resourceDirectory C:\Users\Admin\Automation MWF 8-00 to 9-30\JUnit_Learning\src\main\resources
2026-01-30 08:57:30,887 [Worker-18: Building] INFO  o.a.m.s.f.DefaultMavenResourcesFiltering - skip non existing resourceDirectory C:\Users\Admin\Automation MWF 8-00 to 9-30\JUnit_Learning\src\test\resources
2026-01-30 08:58:03,059 [Worker-8: Building] INFO  o.a.m.s.f.DefaultMavenResourcesFiltering - skip non existing resourceDirectory C:\Users\Admin\Automation MWF 8-00 to 9-30\JUnit_Learning\src\main\resources
2026-01-30 08:58:03,061 [Worker-8: Building] INFO  o.a.m.s.f.DefaultMavenResourcesFiltering - skip non existing resourceDirectory C:\Users\Admin\Automation MWF 8-00 to 9-30\JUnit_Learning\src\test\resources
2026-01-30 08:58:08,230 [Worker-8: Building] INFO  o.a.m.s.f.DefaultMavenResourcesFiltering - skip non existing resourceDirectory C:\Users\Admin\Automation MWF 8-00 to 9-30\JUnit_Learning\src\main\resources
2026-01-30 08:58:08,232 [Worker-8: Building] INFO  o.a.m.s.f.DefaultMavenResourcesFiltering - skip non existing resourceDirectory C:\Users\Admin\Automation MWF 8-00 to 9-30\JUnit_Learning\src\test\resources
2026-01-30 08:58:16,425 [Worker-11: Building] INFO  o.a.m.s.f.DefaultMavenResourcesFiltering - skip non existing resourceDirectory C:\Users\Admin\Automation MWF 8-00 to 9-30\JUnit_Learning\src\main\resources
2026-01-30 08:58:16,426 [Worker-11: Building] INFO  o.a.m.s.f.DefaultMavenResourcesFiltering - skip non existing resourceDirectory C:\Users\Admin\Automation MWF 8-00 to 9-30\JUnit_Learning\src\test\resources
2026-01-30 08:58:21,243 [Worker-8: Building] INFO  o.a.m.s.f.DefaultMavenResourcesFiltering - skip non existing resourceDirectory C:\Users\Admin\Automation MWF 8-00 to 9-30\JUnit_Learning\src\main\resources
2026-01-30 08:58:21,244 [Worker-8: Building] INFO  o.a.m.s.f.DefaultMavenResourcesFiltering - skip non existing resourceDirectory C:\Users\Admin\Automation MWF 8-00 to 9-30\JUnit_Learning\src\test\resources
2026-01-30 08:58:24,013 [Worker-17: Building] INFO  o.a.m.s.f.DefaultMavenResourcesFiltering - skip non existing resourceDirectory C:\Users\Admin\Automation MWF 8-00 to 9-30\JUnit_Learning\src\main\resources
2026-01-30 08:58:24,015 [Worker-17: Building] INFO  o.a.m.s.f.DefaultMavenResourcesFiltering - skip non existing resourceDirectory C:\Users\Admin\Automation MWF 8-00 to 9-30\JUnit_Learning\src\test\resources
2026-01-30 08:58:41,618 [Worker-6: Building] INFO  o.a.m.s.f.DefaultMavenResourcesFiltering - skip non existing resourceDirectory C:\Users\Admin\Automation MWF 8-00 to 9-30\JUnit_Learning\src\main\resources
2026-01-30 08:58:41,620 [Worker-6: Building] INFO  o.a.m.s.f.DefaultMavenResourcesFiltering - skip non existing resourceDirectory C:\Users\Admin\Automation MWF 8-00 to 9-30\JUnit_Learning\src\test\resources
2026-01-30 08:58:47,942 [Worker-0: Building] INFO  o.a.m.s.f.DefaultMavenResourcesFiltering - skip non existing resourceDirectory C:\Users\Admin\Automation MWF 8-00 to 9-30\JUnit_Learning\src\main\resources
2026-01-30 08:58:47,944 [Worker-0: Building] INFO  o.a.m.s.f.DefaultMavenResourcesFiltering - skip non existing resourceDirectory C:\Users\Admin\Automation MWF 8-00 to 9-30\JUnit_Learning\src\test\resources
2026-01-30 08:58:57,045 [Worker-17: Building] INFO  o.a.m.s.f.DefaultMavenResourcesFiltering - skip non existing resourceDirectory C:\Users\Admin\Automation MWF 8-00 to 9-30\JUnit_Learning\src\main\resources
2026-01-30 08:58:57,046 [Worker-17: Building] INFO  o.a.m.s.f.DefaultMavenResourcesFiltering - skip non existing resourceDirectory C:\Users\Admin\Automation MWF 8-00 to 9-30\JUnit_Learning\src\test\resources
2026-01-30 08:59:06,481 [Worker-7: Building] INFO  o.a.m.s.f.DefaultMavenResourcesFiltering - skip non existing resourceDirectory C:\Users\Admin\Automation MWF 8-00 to 9-30\JUnit_Learning\src\main\resources
2026-01-30 08:59:06,484 [Worker-7: Building] INFO  o.a.m.s.f.DefaultMavenResourcesFiltering - skip non existing resourceDirectory C:\Users\Admin\Automation MWF 8-00 to 9-30\JUnit_Learning\src\test\resources
2026-01-30 08:59:28,285 [Worker-18: Building] INFO  o.a.m.s.f.DefaultMavenResourcesFiltering - skip non existing resourceDirectory C:\Users\Admin\Automation MWF 8-00 to 9-30\JUnit_Learning\src\main\resources
2026-01-30 08:59:28,286 [Worker-18: Building] INFO  o.a.m.s.f.DefaultMavenResourcesFiltering - skip non existing resourceDirectory C:\Users\Admin\Automation MWF 8-00 to 9-30\JUnit_Learning\src\test\resources
2026-01-30 08:59:53,275 [Worker-3: Building] INFO  o.a.m.s.f.DefaultMavenResourcesFiltering - skip non existing resourceDirectory C:\Users\Admin\Automation MWF 8-00 to 9-30\JUnit_Learning\src\main\resources
2026-01-30 08:59:53,277 [Worker-3: Building] INFO  o.a.m.s.f.DefaultMavenResourcesFiltering - skip non existing resourceDirectory C:\Users\Admin\Automation MWF 8-00 to 9-30\JUnit_Learning\src\test\resources
2026-01-30 09:00:20,191 [Worker-9: Building] INFO  o.a.m.s.f.DefaultMavenResourcesFiltering - skip non existing resourceDirectory C:\Users\Admin\Automation MWF 8-00 to 9-30\JUnit_Learning\src\main\resources
2026-01-30 09:00:20,193 [Worker-9: Building] INFO  o.a.m.s.f.DefaultMavenResourcesFiltering - skip non existing resourceDirectory C:\Users\Admin\Automation MWF 8-00 to 9-30\JUnit_Learning\src\test\resources
2026-01-30 09:00:21,785 [Worker-2: Building] INFO  o.a.m.s.f.DefaultMavenResourcesFiltering - skip non existing resourceDirectory C:\Users\Admin\Automation MWF 8-00 to 9-30\JUnit_Learning\src\main\resources
2026-01-30 09:00:21,787 [Worker-2: Building] INFO  o.a.m.s.f.DefaultMavenResourcesFiltering - skip non existing resourceDirectory C:\Users\Admin\Automation MWF 8-00 to 9-30\JUnit_Learning\src\test\resources
2026-01-30 09:00:37,655 [Worker-11: Building] INFO  o.a.m.s.f.DefaultMavenResourcesFiltering - skip non existing resourceDirectory C:\Users\Admin\Automation MWF 8-00 to 9-30\JUnit_Learning\src\main\resources
2026-01-30 09:00:37,657 [Worker-11: Building] INFO  o.a.m.s.f.DefaultMavenResourcesFiltering - skip non existing resourceDirectory C:\Users\Admin\Automation MWF 8-00 to 9-30\JUnit_Learning\src\test\resources
2026-01-30 09:01:23,189 [Worker-8: Building] INFO  o.a.m.s.f.DefaultMavenResourcesFiltering - skip non existing resourceDirectory C:\Users\Admin\Automation MWF 8-00 to 9-30\JUnit_Learning\src\main\resources
2026-01-30 09:01:23,191 [Worker-8: Building] INFO  o.a.m.s.f.DefaultMavenResourcesFiltering - skip non existing resourceDirectory C:\Users\Admin\Automation MWF 8-00 to 9-30\JUnit_Learning\src\test\resources
2026-01-30 09:02:05,009 [Worker-12: Building] INFO  o.a.m.s.f.DefaultMavenResourcesFiltering - skip non existing resourceDirectory C:\Users\Admin\Automation MWF 8-00 to 9-30\JUnit_Learning\src\main\resources
2026-01-30 09:02:05,010 [Worker-12: Building] INFO  o.a.m.s.f.DefaultMavenResourcesFiltering - skip non existing resourceDirectory C:\Users\Admin\Automation MWF 8-00 to 9-30\JUnit_Learning\src\test\resources
2026-01-30 09:02:26,722 [Worker-6: Building] INFO  o.a.m.s.f.DefaultMavenResourcesFiltering - skip non existing resourceDirectory C:\Users\Admin\Automation MWF 8-00 to 9-30\JUnit_Learning\src\main\resources
2026-01-30 09:02:26,724 [Worker-6: Building] INFO  o.a.m.s.f.DefaultMavenResourcesFiltering - skip non existing resourceDirectory C:\Users\Admin\Automation MWF 8-00 to 9-30\JUnit_Learning\src\test\resources
2026-01-30 09:02:38,422 [Worker-2: Building] INFO  o.a.m.s.f.DefaultMavenResourcesFiltering - skip non existing resourceDirectory C:\Users\Admin\Automation MWF 8-00 to 9-30\JUnit_Learning\src\main\resources
2026-01-30 09:02:38,424 [Worker-2: Building] INFO  o.a.m.s.f.DefaultMavenResourcesFiltering - skip non existing resourceDirectory C:\Users\Admin\Automation MWF 8-00 to 9-30\JUnit_Learning\src\test\resources
2026-01-30 09:02:46,278 [Worker-14: Building] INFO  o.a.m.s.f.DefaultMavenResourcesFiltering - skip non existing resourceDirectory C:\Users\Admin\Automation MWF 8-00 to 9-30\JUnit_Learning\src\main\resources
2026-01-30 09:02:46,279 [Worker-14: Building] INFO  o.a.m.s.f.DefaultMavenResourcesFiltering - skip non existing resourceDirectory C:\Users\Admin\Automation MWF 8-00 to 9-30\JUnit_Learning\src\test\resources
2026-01-30 09:04:03,090 [Worker-18: Building] INFO  o.a.m.s.f.DefaultMavenResourcesFiltering - skip non existing resourceDirectory C:\Users\Admin\Automation MWF 8-00 to 9-30\JUnit_Learning\src\main\resources
2026-01-30 09:04:03,093 [Worker-18: Building] INFO  o.a.m.s.f.DefaultMavenResourcesFiltering - skip non existing resourceDirectory C:\Users\Admin\Automation MWF 8-00 to 9-30\JUnit_Learning\src\test\resources
2026-01-30 09:04:15,530 [Worker-6: Building] INFO  o.a.m.s.f.DefaultMavenResourcesFiltering - skip non existing resourceDirectory C:\Users\Admin\Automation MWF 8-00 to 9-30\JUnit_Learning\src\main\resources
2026-01-30 09:04:15,532 [Worker-6: Building] INFO  o.a.m.s.f.DefaultMavenResourcesFiltering - skip non existing resourceDirectory C:\Users\Admin\Automation MWF 8-00 to 9-30\JUnit_Learning\src\test\resources
2026-01-30 09:04:55,126 [Worker-3: Building] INFO  o.a.m.s.f.DefaultMavenResourcesFiltering - skip non existing resourceDirectory C:\Users\Admin\Automation MWF 8-00 to 9-30\JUnit_Learning\src\main\resources
2026-01-30 09:04:55,127 [Worker-3: Building] INFO  o.a.m.s.f.DefaultMavenResourcesFiltering - skip non existing resourceDirectory C:\Users\Admin\Automation MWF 8-00 to 9-30\JUnit_Learning\src\test\resources
2026-01-30 09:05:53,570 [Worker-8: Building] INFO  o.a.m.s.f.DefaultMavenResourcesFiltering - skip non existing resourceDirectory C:\Users\Admin\Automation MWF 8-00 to 9-30\JUnit_Learning\src\main\resources
2026-01-30 09:05:53,571 [Worker-8: Building] INFO  o.a.m.s.f.DefaultMavenResourcesFiltering - skip non existing resourceDirectory C:\Users\Admin\Automation MWF 8-00 to 9-30\JUnit_Learning\src\test\resources
2026-01-30 09:06:26,025 [Worker-6: Building] INFO  o.a.m.s.f.DefaultMavenResourcesFiltering - skip non existing resourceDirectory C:\Users\Admin\Automation MWF 8-00 to 9-30\JUnit_Learning\src\main\resources
2026-01-30 09:06:26,027 [Worker-6: Building] INFO  o.a.m.s.f.DefaultMavenResourcesFiltering - skip non existing resourceDirectory C:\Users\Admin\Automation MWF 8-00 to 9-30\JUnit_Learning\src\test\resources
2026-01-30 09:06:40,634 [Worker-18: Building] INFO  o.a.m.s.f.DefaultMavenResourcesFiltering - skip non existing resourceDirectory C:\Users\Admin\Automation MWF 8-00 to 9-30\JUnit_Learning\src\main\resources
2026-01-30 09:06:40,636 [Worker-18: Building] INFO  o.a.m.s.f.DefaultMavenResourcesFiltering - skip non existing resourceDirectory C:\Users\Admin\Automation MWF 8-00 to 9-30\JUnit_Learning\src\test\resources
2026-01-30 09:06:52,615 [Worker-11: Building] INFO  o.a.m.s.f.DefaultMavenResourcesFiltering - skip non existing resourceDirectory C:\Users\Admin\Automation MWF 8-00 to 9-30\JUnit_Learning\src\main\resources
2026-01-30 09:06:52,617 [Worker-11: Building] INFO  o.a.m.s.f.DefaultMavenResourcesFiltering - skip non existing resourceDirectory C:\Users\Admin\Automation MWF 8-00 to 9-30\JUnit_Learning\src\test\resources
2026-01-30 09:07:47,125 [Worker-6: Building] INFO  o.a.m.s.f.DefaultMavenResourcesFiltering - skip non existing resourceDirectory C:\Users\Admin\Automation MWF 8-00 to 9-30\JUnit_Learning\src\main\resources
2026-01-30 09:07:47,127 [Worker-6: Building] INFO  o.a.m.s.f.DefaultMavenResourcesFiltering - skip non existing resourceDirectory C:\Users\Admin\Automation MWF 8-00 to 9-30\JUnit_Learning\src\test\resources
2026-01-30 09:07:51,159 [Worker-15: Building] INFO  o.a.m.s.f.DefaultMavenResourcesFiltering - skip non existing resourceDirectory C:\Users\Admin\Automation MWF 8-00 to 9-30\JUnit_Learning\src\main\resources
2026-01-30 09:07:51,160 [Worker-15: Building] INFO  o.a.m.s.f.DefaultMavenResourcesFiltering - skip non existing resourceDirectory C:\Users\Admin\Automation MWF 8-00 to 9-30\JUnit_Learning\src\test\resources
2026-01-30 09:08:39,735 [Worker-7: Building] INFO  o.a.m.s.f.DefaultMavenResourcesFiltering - skip non existing resourceDirectory C:\Users\Admin\Automation MWF 8-00 to 9-30\JUnit_Learning\src\main\resources
2026-01-30 09:08:39,736 [Worker-7: Building] INFO  o.a.m.s.f.DefaultMavenResourcesFiltering - skip non existing resourceDirectory C:\Users\Admin\Automation MWF 8-00 to 9-30\JUnit_Learning\src\test\resources
2026-01-30 09:08:56,235 [Worker-17: Building] INFO  o.a.m.s.f.DefaultMavenResourcesFiltering - skip non existing resourceDirectory C:\Users\Admin\Automation MWF 8-00 to 9-30\JUnit_Learning\src\main\resources
2026-01-30 09:08:56,236 [Worker-17: Building] INFO  o.a.m.s.f.DefaultMavenResourcesFiltering - skip non existing resourceDirectory C:\Users\Admin\Automation MWF 8-00 to 9-30\JUnit_Learning\src\test\resources
2026-01-30 09:09:16,436 [Worker-2: Building] INFO  o.a.m.s.f.DefaultMavenResourcesFiltering - skip non existing resourceDirectory C:\Users\Admin\Automation MWF 8-00 to 9-30\JUnit_Learning\src\main\resources
2026-01-30 09:09:16,438 [Worker-2: Building] INFO  o.a.m.s.f.DefaultMavenResourcesFiltering - skip non existing resourceDirectory C:\Users\Admin\Automation MWF 8-00 to 9-30\JUnit_Learning\src\test\resources
2026-01-30 09:09:49,493 [Worker-21: Building] INFO  o.a.m.s.f.DefaultMavenResourcesFiltering - skip non existing resourceDirectory C:\Users\Admin\Automation MWF 8-00 to 9-30\JUnit_Learning\src\main\resources
2026-01-30 09:09:49,494 [Worker-21: Building] INFO  o.a.m.s.f.DefaultMavenResourcesFiltering - skip non existing resourceDirectory C:\Users\Admin\Automation MWF 8-00 to 9-30\JUnit_Learning\src\test\resources
2026-01-30 09:10:24,246 [Worker-8: Building] INFO  o.a.m.s.f.DefaultMavenResourcesFiltering - skip non existing resourceDirectory C:\Users\Admin\Automation MWF 8-00 to 9-30\JUnit_Learning\src\main\resources
2026-01-30 09:10:24,248 [Worker-8: Building] INFO  o.a.m.s.f.DefaultMavenResourcesFiltering - skip non existing resourceDirectory C:\Users\Admin\Automation MWF 8-00 to 9-30\JUnit_Learning\src\test\resources
2026-01-30 09:10:38,907 [Worker-2: Building] INFO  o.a.m.s.f.DefaultMavenResourcesFiltering - skip non existing resourceDirectory C:\Users\Admin\Automation MWF 8-00 to 9-30\JUnit_Learning\src\main\resources
2026-01-30 09:10:38,909 [Worker-2: Building] INFO  o.a.m.s.f.DefaultMavenResourcesFiltering - skip non existing resourceDirectory C:\Users\Admin\Automation MWF 8-00 to 9-30\JUnit_Learning\src\test\resources
2026-01-30 09:10:41,951 [Worker-0: Building] INFO  o.a.m.s.f.DefaultMavenResourcesFiltering - skip non existing resourceDirectory C:\Users\Admin\Automation MWF 8-00 to 9-30\JUnit_Learning\src\main\resources
2026-01-30 09:10:41,952 [Worker-0: Building] INFO  o.a.m.s.f.DefaultMavenResourcesFiltering - skip non existing resourceDirectory C:\Users\Admin\Automation MWF 8-00 to 9-30\JUnit_Learning\src\test\resources
2026-01-30 09:11:08,187 [Worker-8: Building] INFO  o.a.m.s.f.DefaultMavenResourcesFiltering - skip non existing resourceDirectory C:\Users\Admin\Automation MWF 8-00 to 9-30\JUnit_Learning\src\main\resources
2026-01-30 09:11:08,189 [Worker-8: Building] INFO  o.a.m.s.f.DefaultMavenResourcesFiltering - skip non existing resourceDirectory C:\Users\Admin\Automation MWF 8-00 to 9-30\JUnit_Learning\src\test\resources
2026-01-30 09:11:14,250 [Worker-11: Building] INFO  o.a.m.s.f.DefaultMavenResourcesFiltering - skip non existing resourceDirectory C:\Users\Admin\Automation MWF 8-00 to 9-30\JUnit_Learning\src\main\resources
2026-01-30 09:11:14,251 [Worker-11: Building] INFO  o.a.m.s.f.DefaultMavenResourcesFiltering - skip non existing resourceDirectory C:\Users\Admin\Automation MWF 8-00 to 9-30\JUnit_Learning\src\test\resources
2026-01-30 09:11:55,148 [Worker-14: Building] INFO  o.a.m.s.f.DefaultMavenResourcesFiltering - skip non existing resourceDirectory C:\Users\Admin\Automation MWF 8-00 to 9-30\JUnit_Learning\src\main\resources
2026-01-30 09:11:55,150 [Worker-14: Building] INFO  o.a.m.s.f.DefaultMavenResourcesFiltering - skip non existing resourceDirectory C:\Users\Admin\Automation MWF 8-00 to 9-30\JUnit_Learning\src\test\resources
2026-01-30 09:12:06,985 [Worker-18: Building] INFO  o.a.m.s.f.DefaultMavenResourcesFiltering - skip non existing resourceDirectory C:\Users\Admin\Automation MWF 8-00 to 9-30\JUnit_Learning\src\main\resources
2026-01-30 09:12:06,986 [Worker-18: Building] INFO  o.a.m.s.f.DefaultMavenResourcesFiltering - skip non existing resourceDirectory C:\Users\Admin\Automation MWF 8-00 to 9-30\JUnit_Learning\src\test\resources
2026-01-30 09:12:21,071 [Worker-15: Building] INFO  o.a.m.s.f.DefaultMavenResourcesFiltering - skip non existing resourceDirectory C:\Users\Admin\Automation MWF 8-00 to 9-30\JUnit_Learning\src\main\resources
2026-01-30 09:12:21,071 [Worker-15: Building] INFO  o.a.m.s.f.DefaultMavenResourcesFiltering - skip non existing resourceDirectory C:\Users\Admin\Automation MWF 8-00 to 9-30\JUnit_Learning\src\test\resources
2026-01-30 09:12:24,260 [Worker-0: Building] INFO  o.a.m.s.f.DefaultMavenResourcesFiltering - skip non existing resourceDirectory C:\Users\Admin\Automation MWF 8-00 to 9-30\JUnit_Learning\src\main\resources
2026-01-30 09:12:24,261 [Worker-0: Building] INFO  o.a.m.s.f.DefaultMavenResourcesFiltering - skip non existing resourceDirectory C:\Users\Admin\Automation MWF 8-00 to 9-30\JUnit_Learning\src\test\resources
2026-01-30 09:12:30,484 [Worker-7: Building] INFO  o.a.m.s.f.DefaultMavenResourcesFiltering - skip non existing resourceDirectory C:\Users\Admin\Automation MWF 8-00 to 9-30\JUnit_Learning\src\main\resources
2026-01-30 09:12:30,488 [Worker-7: Building] INFO  o.a.m.s.f.DefaultMavenResourcesFiltering - skip non existing resourceDirectory C:\Users\Admin\Automation MWF 8-00 to 9-30\JUnit_Learning\src\test\resources
2026-01-30 09:12:32,355 [Worker-3: Building] INFO  o.a.m.s.f.DefaultMavenResourcesFiltering - skip non existing resourceDirectory C:\Users\Admin\Automation MWF 8-00 to 9-30\JUnit_Learning\src\main\resources
2026-01-30 09:12:32,357 [Worker-3: Building] INFO  o.a.m.s.f.DefaultMavenResourcesFiltering - skip non existing resourceDirectory C:\Users\Admin\Automation MWF 8-00 to 9-30\JUnit_Learning\src\test\resources
2026-02-02 08:17:01,423 [Worker-5: Loading available Gradle versions] INFO  o.e.b.c.i.u.g.PublishedGradleVersions - Gradle version information cache is out-of-date. Trying to update.
2026-02-02 08:40:11,636 [Worker-33: Launching mavenrun-d3ddd092-3545-4044-b8bd-3d356c14f475] INFO  o.eclipse.m2e.core.internal.Bundles - getClasspathEntries(Bundle=org.eclipse.m2e.maven.runtime_3.9.700.20240602-2313 [642])
2026-02-02 08:40:11,639 [Worker-33: Launching mavenrun-d3ddd092-3545-4044-b8bd-3d356c14f475] INFO  o.eclipse.m2e.core.internal.Bundles - 	Entry: C:\Users\Admin\.p2\pool\plugins\org.eclipse.m2e.maven.runtime_3.9.700.20240602-2313
2026-02-02 08:40:11,639 [Worker-33: Launching mavenrun-d3ddd092-3545-4044-b8bd-3d356c14f475] INFO  o.eclipse.m2e.core.internal.Bundles - 	Entry: C:\Users\Admin\.p2\pool\plugins\org.eclipse.m2e.maven.runtime_3.9.700.20240602-2313\jars\aopalliance-1.0.jar
2026-02-02 08:40:11,639 [Worker-33: Launching mavenrun-d3ddd092-3545-4044-b8bd-3d356c14f475] INFO  o.eclipse.m2e.core.internal.Bundles - 	Entry: C:\Users\Admin\.p2\pool\plugins\org.eclipse.m2e.maven.runtime_3.9.700.20240602-2313\jars\guice-5.1.0.jar
2026-02-02 08:40:11,640 [Worker-33: Launching mavenrun-d3ddd092-3545-4044-b8bd-3d356c14f475] INFO  o.eclipse.m2e.core.internal.Bundles - 	Entry: C:\Users\Admin\.p2\pool\plugins\org.eclipse.m2e.maven.runtime_3.9.700.20240602-2313\jars\httpclient-4.5.14.jar
2026-02-02 08:40:11,640 [Worker-33: Launching mavenrun-d3ddd092-3545-4044-b8bd-3d356c14f475] INFO  o.eclipse.m2e.core.internal.Bundles - 	Entry: C:\Users\Admin\.p2\pool\plugins\org.eclipse.m2e.maven.runtime_3.9.700.20240602-2313\jars\httpcore-4.4.16.jar
2026-02-02 08:40:11,640 [Worker-33: Launching mavenrun-d3ddd092-3545-4044-b8bd-3d356c14f475] INFO  o.eclipse.m2e.core.internal.Bundles - 	Entry: C:\Users\Admin\.p2\pool\plugins\org.eclipse.m2e.maven.runtime_3.9.700.20240602-2313\jars\jansi-2.4.1.jar
2026-02-02 08:40:11,640 [Worker-33: Launching mavenrun-d3ddd092-3545-4044-b8bd-3d356c14f475] INFO  o.eclipse.m2e.core.internal.Bundles - 	Entry: C:\Users\Admin\.p2\pool\plugins\org.eclipse.m2e.maven.runtime_3.9.700.20240602-2313\jars\jcl-over-slf4j-1.7.36.jar
2026-02-02 08:40:11,641 [Worker-33: Launching mavenrun-d3ddd092-3545-4044-b8bd-3d356c14f475] INFO  o.eclipse.m2e.core.internal.Bundles - 	Entry: C:\Users\Admin\.p2\pool\plugins\org.eclipse.m2e.maven.runtime_3.9.700.20240602-2313\jars\maven-artifact-3.9.7.jar
2026-02-02 08:40:11,641 [Worker-33: Launching mavenrun-d3ddd092-3545-4044-b8bd-3d356c14f475] INFO  o.eclipse.m2e.core.internal.Bundles - 	Entry: C:\Users\Admin\.p2\pool\plugins\org.eclipse.m2e.maven.runtime_3.9.700.20240602-2313\jars\maven-builder-support-3.9.7.jar
2026-02-02 08:40:11,641 [Worker-33: Launching mavenrun-d3ddd092-3545-4044-b8bd-3d356c14f475] INFO  o.eclipse.m2e.core.internal.Bundles - 	Entry: C:\Users\Admin\.p2\pool\plugins\org.eclipse.m2e.maven.runtime_3.9.700.20240602-2313\jars\maven-compat-3.9.7.jar
2026-02-02 08:40:11,641 [Worker-33: Launching mavenrun-d3ddd092-3545-4044-b8bd-3d356c14f475] INFO  o.eclipse.m2e.core.internal.Bundles - 	Entry: C:\Users\Admin\.p2\pool\plugins\org.eclipse.m2e.maven.runtime_3.9.700.20240602-2313\jars\maven-core-3.9.7.jar
2026-02-02 08:40:11,641 [Worker-33: Launching mavenrun-d3ddd092-3545-4044-b8bd-3d356c14f475] INFO  o.eclipse.m2e.core.internal.Bundles - 	Entry: C:\Users\Admin\.p2\pool\plugins\org.eclipse.m2e.maven.runtime_3.9.700.20240602-2313\jars\maven-embedder-3.9.7.jar
2026-02-02 08:40:11,641 [Worker-33: Launching mavenrun-d3ddd092-3545-4044-b8bd-3d356c14f475] INFO  o.eclipse.m2e.core.internal.Bundles - 	Entry: C:\Users\Admin\.p2\pool\plugins\org.eclipse.m2e.maven.runtime_3.9.700.20240602-2313\jars\maven-model-3.9.7.jar
2026-02-02 08:40:11,641 [Worker-33: Launching mavenrun-d3ddd092-3545-4044-b8bd-3d356c14f475] INFO  o.eclipse.m2e.core.internal.Bundles - 	Entry: C:\Users\Admin\.p2\pool\plugins\org.eclipse.m2e.maven.runtime_3.9.700.20240602-2313\jars\maven-model-builder-3.9.7.jar
2026-02-02 08:40:11,641 [Worker-33: Launching mavenrun-d3ddd092-3545-4044-b8bd-3d356c14f475] INFO  o.eclipse.m2e.core.internal.Bundles - 	Entry: C:\Users\Admin\.p2\pool\plugins\org.eclipse.m2e.maven.runtime_3.9.700.20240602-2313\jars\maven-plugin-api-3.9.7.jar
2026-02-02 08:40:11,642 [Worker-33: Launching mavenrun-d3ddd092-3545-4044-b8bd-3d356c14f475] INFO  o.eclipse.m2e.core.internal.Bundles - 	Entry: C:\Users\Admin\.p2\pool\plugins\org.eclipse.m2e.maven.runtime_3.9.700.20240602-2313\jars\maven-repository-metadata-3.9.7.jar
2026-02-02 08:40:11,642 [Worker-33: Launching mavenrun-d3ddd092-3545-4044-b8bd-3d356c14f475] INFO  o.eclipse.m2e.core.internal.Bundles - 	Entry: C:\Users\Admin\.p2\pool\plugins\org.eclipse.m2e.maven.runtime_3.9.700.20240602-2313\jars\maven-resolver-api-1.9.20.jar
2026-02-02 08:40:11,642 [Worker-33: Launching mavenrun-d3ddd092-3545-4044-b8bd-3d356c14f475] INFO  o.eclipse.m2e.core.internal.Bundles - 	Entry: C:\Users\Admin\.p2\pool\plugins\org.eclipse.m2e.maven.runtime_3.9.700.20240602-2313\jars\maven-resolver-connector-basic-1.9.20.jar
2026-02-02 08:40:11,642 [Worker-33: Launching mavenrun-d3ddd092-3545-4044-b8bd-3d356c14f475] INFO  o.eclipse.m2e.core.internal.Bundles - 	Entry: C:\Users\Admin\.p2\pool\plugins\org.eclipse.m2e.maven.runtime_3.9.700.20240602-2313\jars\maven-resolver-impl-1.9.20.jar
2026-02-02 08:40:11,642 [Worker-33: Launching mavenrun-d3ddd092-3545-4044-b8bd-3d356c14f475] INFO  o.eclipse.m2e.core.internal.Bundles - 	Entry: C:\Users\Admin\.p2\pool\plugins\org.eclipse.m2e.maven.runtime_3.9.700.20240602-2313\jars\maven-resolver-named-locks-1.9.20.jar
2026-02-02 08:40:11,642 [Worker-33: Launching mavenrun-d3ddd092-3545-4044-b8bd-3d356c14f475] INFO  o.eclipse.m2e.core.internal.Bundles - 	Entry: C:\Users\Admin\.p2\pool\plugins\org.eclipse.m2e.maven.runtime_3.9.700.20240602-2313\jars\maven-resolver-provider-3.9.7.jar
2026-02-02 08:40:11,642 [Worker-33: Launching mavenrun-d3ddd092-3545-4044-b8bd-3d356c14f475] INFO  o.eclipse.m2e.core.internal.Bundles - 	Entry: C:\Users\Admin\.p2\pool\plugins\org.eclipse.m2e.maven.runtime_3.9.700.20240602-2313\jars\maven-resolver-spi-1.9.20.jar
2026-02-02 08:40:11,643 [Worker-33: Launching mavenrun-d3ddd092-3545-4044-b8bd-3d356c14f475] INFO  o.eclipse.m2e.core.internal.Bundles - 	Entry: C:\Users\Admin\.p2\pool\plugins\org.eclipse.m2e.maven.runtime_3.9.700.20240602-2313\jars\maven-resolver-transport-file-1.9.20.jar
2026-02-02 08:40:11,643 [Worker-33: Launching mavenrun-d3ddd092-3545-4044-b8bd-3d356c14f475] INFO  o.eclipse.m2e.core.internal.Bundles - 	Entry: C:\Users\Admin\.p2\pool\plugins\org.eclipse.m2e.maven.runtime_3.9.700.20240602-2313\jars\maven-resolver-transport-http-1.9.20.jar
2026-02-02 08:40:11,643 [Worker-33: Launching mavenrun-d3ddd092-3545-4044-b8bd-3d356c14f475] INFO  o.eclipse.m2e.core.internal.Bundles - 	Entry: C:\Users\Admin\.p2\pool\plugins\org.eclipse.m2e.maven.runtime_3.9.700.20240602-2313\jars\maven-resolver-transport-wagon-1.9.20.jar
2026-02-02 08:40:11,643 [Worker-33: Launching mavenrun-d3ddd092-3545-4044-b8bd-3d356c14f475] INFO  o.eclipse.m2e.core.internal.Bundles - 	Entry: C:\Users\Admin\.p2\pool\plugins\org.eclipse.m2e.maven.runtime_3.9.700.20240602-2313\jars\maven-resolver-util-1.9.20.jar
2026-02-02 08:40:11,643 [Worker-33: Launching mavenrun-d3ddd092-3545-4044-b8bd-3d356c14f475] INFO  o.eclipse.m2e.core.internal.Bundles - 	Entry: C:\Users\Admin\.p2\pool\plugins\org.eclipse.m2e.maven.runtime_3.9.700.20240602-2313\jars\maven-settings-3.9.7.jar
2026-02-02 08:40:11,643 [Worker-33: Launching mavenrun-d3ddd092-3545-4044-b8bd-3d356c14f475] INFO  o.eclipse.m2e.core.internal.Bundles - 	Entry: C:\Users\Admin\.p2\pool\plugins\org.eclipse.m2e.maven.runtime_3.9.700.20240602-2313\jars\maven-settings-builder-3.9.7.jar
2026-02-02 08:40:11,643 [Worker-33: Launching mavenrun-d3ddd092-3545-4044-b8bd-3d356c14f475] INFO  o.eclipse.m2e.core.internal.Bundles - 	Entry: C:\Users\Admin\.p2\pool\plugins\org.eclipse.m2e.maven.runtime_3.9.700.20240602-2313\jars\maven-shared-utils-3.4.2.jar
2026-02-02 08:40:11,643 [Worker-33: Launching mavenrun-d3ddd092-3545-4044-b8bd-3d356c14f475] INFO  o.eclipse.m2e.core.internal.Bundles - 	Entry: C:\Users\Admin\.p2\pool\plugins\org.eclipse.m2e.maven.runtime_3.9.700.20240602-2313\jars\org.eclipse.sisu.inject-0.9.0.M2.jar
2026-02-02 08:40:11,644 [Worker-33: Launching mavenrun-d3ddd092-3545-4044-b8bd-3d356c14f475] INFO  o.eclipse.m2e.core.internal.Bundles - 	Entry: C:\Users\Admin\.p2\pool\plugins\org.eclipse.m2e.maven.runtime_3.9.700.20240602-2313\jars\org.eclipse.sisu.plexus-0.9.0.M2.jar
2026-02-02 08:40:11,644 [Worker-33: Launching mavenrun-d3ddd092-3545-4044-b8bd-3d356c14f475] INFO  o.eclipse.m2e.core.internal.Bundles - 	Entry: C:\Users\Admin\.p2\pool\plugins\org.eclipse.m2e.maven.runtime_3.9.700.20240602-2313\jars\plexus-build-api-0.0.7.jar
2026-02-02 08:40:11,644 [Worker-33: Launching mavenrun-d3ddd092-3545-4044-b8bd-3d356c14f475] INFO  o.eclipse.m2e.core.internal.Bundles - 	Entry: C:\Users\Admin\.p2\pool\plugins\org.eclipse.m2e.maven.runtime_3.9.700.20240602-2313\jars\plexus-build-api-1.2.0.jar
2026-02-02 08:40:11,644 [Worker-33: Launching mavenrun-d3ddd092-3545-4044-b8bd-3d356c14f475] INFO  o.eclipse.m2e.core.internal.Bundles - 	Entry: C:\Users\Admin\.p2\pool\plugins\org.eclipse.m2e.maven.runtime_3.9.700.20240602-2313\jars\plexus-cipher-2.0.jar
2026-02-02 08:40:11,644 [Worker-33: Launching mavenrun-d3ddd092-3545-4044-b8bd-3d356c14f475] INFO  o.eclipse.m2e.core.internal.Bundles - 	Entry: C:\Users\Admin\.p2\pool\plugins\org.eclipse.m2e.maven.runtime_3.9.700.20240602-2313\jars\plexus-classworlds-2.8.0.jar
2026-02-02 08:40:11,644 [Worker-33: Launching mavenrun-d3ddd092-3545-4044-b8bd-3d356c14f475] INFO  o.eclipse.m2e.core.internal.Bundles - 	Entry: C:\Users\Admin\.p2\pool\plugins\org.eclipse.m2e.maven.runtime_3.9.700.20240602-2313\jars\plexus-component-annotations-2.1.0.jar
2026-02-02 08:40:11,644 [Worker-33: Launching mavenrun-d3ddd092-3545-4044-b8bd-3d356c14f475] INFO  o.eclipse.m2e.core.internal.Bundles - 	Entry: C:\Users\Admin\.p2\pool\plugins\org.eclipse.m2e.maven.runtime_3.9.700.20240602-2313\jars\plexus-interpolation-1.27.jar
2026-02-02 08:40:11,645 [Worker-33: Launching mavenrun-d3ddd092-3545-4044-b8bd-3d356c14f475] INFO  o.eclipse.m2e.core.internal.Bundles - 	Entry: C:\Users\Admin\.p2\pool\plugins\org.eclipse.m2e.maven.runtime_3.9.700.20240602-2313\jars\plexus-sec-dispatcher-2.0.jar
2026-02-02 08:40:11,645 [Worker-33: Launching mavenrun-d3ddd092-3545-4044-b8bd-3d356c14f475] INFO  o.eclipse.m2e.core.internal.Bundles - 	Entry: C:\Users\Admin\.p2\pool\plugins\org.eclipse.m2e.maven.runtime_3.9.700.20240602-2313\jars\plexus-utils-3.5.1.jar
2026-02-02 08:40:11,645 [Worker-33: Launching mavenrun-d3ddd092-3545-4044-b8bd-3d356c14f475] INFO  o.eclipse.m2e.core.internal.Bundles - 	Entry: C:\Users\Admin\.p2\pool\plugins\org.eclipse.m2e.maven.runtime_3.9.700.20240602-2313\jars\wagon-file-3.5.3.jar
2026-02-02 08:40:11,645 [Worker-33: Launching mavenrun-d3ddd092-3545-4044-b8bd-3d356c14f475] INFO  o.eclipse.m2e.core.internal.Bundles - 	Entry: C:\Users\Admin\.p2\pool\plugins\org.eclipse.m2e.maven.runtime_3.9.700.20240602-2313\jars\wagon-http-3.5.3.jar
2026-02-02 08:40:11,646 [Worker-33: Launching mavenrun-d3ddd092-3545-4044-b8bd-3d356c14f475] INFO  o.eclipse.m2e.core.internal.Bundles - 	Entry: C:\Users\Admin\.p2\pool\plugins\org.eclipse.m2e.maven.runtime_3.9.700.20240602-2313\jars\wagon-http-shared-3.5.3.jar
2026-02-02 08:40:11,646 [Worker-33: Launching mavenrun-d3ddd092-3545-4044-b8bd-3d356c14f475] INFO  o.eclipse.m2e.core.internal.Bundles - 	Entry: C:\Users\Admin\.p2\pool\plugins\org.eclipse.m2e.maven.runtime_3.9.700.20240602-2313\jars\wagon-provider-api-3.5.3.jar
2026-02-02 08:40:11,648 [Worker-33: Launching mavenrun-d3ddd092-3545-4044-b8bd-3d356c14f475] INFO  o.eclipse.m2e.core.internal.Bundles - getClasspathEntries(Bundle=com.google.guava_33.4.8.jre [1147])
2026-02-02 08:40:11,648 [Worker-33: Launching mavenrun-d3ddd092-3545-4044-b8bd-3d356c14f475] INFO  o.eclipse.m2e.core.internal.Bundles - 	Entry: C:\Users\Admin\.p2\pool\plugins\com.google.guava_33.4.8.jre.jar
2026-02-02 08:40:11,649 [Worker-33: Launching mavenrun-d3ddd092-3545-4044-b8bd-3d356c14f475] INFO  o.eclipse.m2e.core.internal.Bundles - getClasspathEntries(Bundle=slf4j.api_2.0.17 [1007])
2026-02-02 08:40:11,649 [Worker-33: Launching mavenrun-d3ddd092-3545-4044-b8bd-3d356c14f475] INFO  o.eclipse.m2e.core.internal.Bundles - 	Entry: C:\Users\Admin\.p2\pool\plugins\slf4j.api_2.0.17.jar
2026-02-02 08:40:11,649 [Worker-33: Launching mavenrun-d3ddd092-3545-4044-b8bd-3d356c14f475] INFO  o.eclipse.m2e.core.internal.Bundles - getClasspathEntries(Bundle=javax.inject_1.0.0.v20091030 [1223])
2026-02-02 08:40:11,649 [Worker-33: Launching mavenrun-d3ddd092-3545-4044-b8bd-3d356c14f475] INFO  o.eclipse.m2e.core.internal.Bundles - 	Entry: C:\Users\Admin\.p2\pool\plugins\javax.inject_1.0.0.v20091030.jar
2026-02-02 08:40:11,649 [Worker-33: Launching mavenrun-d3ddd092-3545-4044-b8bd-3d356c14f475] INFO  o.eclipse.m2e.core.internal.Bundles - getClasspathEntries(Bundle=javax.annotation_1.3.5.v20200909-1856 [44])
2026-02-02 08:40:11,650 [Worker-33: Launching mavenrun-d3ddd092-3545-4044-b8bd-3d356c14f475] INFO  o.eclipse.m2e.core.internal.Bundles - 	Entry: C:\Users\Admin\.p2\pool\plugins\javax.annotation_1.3.5.v20200909-1856.jar
2026-02-02 08:40:11,650 [Worker-33: Launching mavenrun-d3ddd092-3545-4044-b8bd-3d356c14f475] INFO  o.eclipse.m2e.core.internal.Bundles - getClasspathEntries(Bundle=org.apache.commons.cli_1.9.0 [1161])
2026-02-02 08:40:11,650 [Worker-33: Launching mavenrun-d3ddd092-3545-4044-b8bd-3d356c14f475] INFO  o.eclipse.m2e.core.internal.Bundles - 	Entry: C:\Users\Admin\.p2\pool\plugins\org.apache.commons.cli_1.9.0.jar
2026-02-02 08:40:11,650 [Worker-33: Launching mavenrun-d3ddd092-3545-4044-b8bd-3d356c14f475] INFO  o.eclipse.m2e.core.internal.Bundles - getClasspathEntries(Bundle=org.apache.commons.commons-codec_1.16.0 [81])
2026-02-02 08:40:11,651 [Worker-33: Launching mavenrun-d3ddd092-3545-4044-b8bd-3d356c14f475] INFO  o.eclipse.m2e.core.internal.Bundles - 	Entry: C:\Users\Admin\.p2\pool\plugins\org.apache.commons.commons-codec_1.16.0.jar
2026-02-02 08:40:11,651 [Worker-33: Launching mavenrun-d3ddd092-3545-4044-b8bd-3d356c14f475] INFO  o.eclipse.m2e.core.internal.Bundles - getClasspathEntries(Bundle=org.apache.commons.lang3_3.17.0 [1064])
2026-02-02 08:40:11,651 [Worker-33: Launching mavenrun-d3ddd092-3545-4044-b8bd-3d356c14f475] INFO  o.eclipse.m2e.core.internal.Bundles - 	Entry: C:\Users\Admin\.p2\pool\plugins\org.apache.commons.lang3_3.17.0.jar
2026-02-02 08:40:11,651 [Worker-33: Launching mavenrun-d3ddd092-3545-4044-b8bd-3d356c14f475] INFO  o.eclipse.m2e.core.internal.Bundles - getClasspathEntries(Bundle=com.google.guava.failureaccess_1.0.3 [1148])
2026-02-02 08:40:11,651 [Worker-33: Launching mavenrun-d3ddd092-3545-4044-b8bd-3d356c14f475] INFO  o.eclipse.m2e.core.internal.Bundles - 	Entry: C:\Users\Admin\.p2\pool\plugins\com.google.guava.failureaccess_1.0.3.jar
2026-02-02 08:40:11,654 [Worker-33: Launching mavenrun-d3ddd092-3545-4044-b8bd-3d356c14f475] INFO  o.e.m.i.launch.MavenLaunchDelegate - Run build in "C:\Users\Admin\AppData\Local\Temp\m2e-archetypeGenerator8972321807438220455":
2026-02-02 08:40:11,657 [Worker-33: Launching mavenrun-d3ddd092-3545-4044-b8bd-3d356c14f475] INFO  o.e.m.i.launch.MavenLaunchDelegate -  mvn  -DarchetypeGroupId=org.apache.maven.archetypes -DarchetypeArtifactId=maven-archetype-quickstart -DarchetypeVersion=1.1 -DgroupId=basic -DartifactId=TestNG_Learning -Dversion=0.0.1-SNAPSHOT -Dpackage=basic -DoutputDirectory="C:\Users\Admin\Automation MWF 8-00 to 9-30" -Dstyle.color=always -U archetype:generate
2026-02-02 08:40:36,265 [Worker-39: Creating maven-archetype-quickstart] INFO  o.e.m.c.i.p.ProjectConfigurationManager - Collecting project info '/pom.xml' C:\Users\Admin\Automation MWF 8-00 to 9-30\TestNG_Learning\pom.xml
2026-02-02 08:40:37,002 [Worker-39: Creating maven-archetype-quickstart] INFO  o.e.m.c.i.l.LifecycleMappingFactory - Using org.eclipse.m2e.jdt.JarLifecycleMapping lifecycle mapping for MavenProject: basic:TestNG_Learning:0.0.1-SNAPSHOT @ C:\Users\Admin\Automation MWF 8-00 to 9-30\TestNG_Learning\pom.xml.
2026-02-02 08:40:37,645 [Worker-39: Creating maven-archetype-quickstart] INFO  o.e.m.j.i.AbstractJavaProjectConfigurator - Adding source folder /TestNG_Learning/src/main/java
2026-02-02 08:40:37,646 [Worker-39: Creating maven-archetype-quickstart] INFO  o.e.m.j.i.AbstractJavaProjectConfigurator - Adding resource folder /TestNG_Learning/src/main/resources
2026-02-02 08:40:37,651 [Worker-39: Creating maven-archetype-quickstart] INFO  o.e.m.j.i.AbstractJavaProjectConfigurator - Adding source folder /TestNG_Learning/src/test/java
2026-02-02 08:40:37,652 [Worker-39: Creating maven-archetype-quickstart] INFO  o.e.m.j.i.AbstractJavaProjectConfigurator - Adding resource folder /TestNG_Learning/src/test/resources
2026-02-02 08:40:37,726 [Worker-39: Creating maven-archetype-quickstart] INFO  o.e.m.c.i.p.ProjectConfigurationManager - Imported and configured 1 project(s) in 1 sec
2026-02-02 08:40:38,173 [Worker-39: Building] INFO  o.a.m.s.f.DefaultMavenResourcesFiltering - skip non existing resourceDirectory C:\Users\Admin\Automation MWF 8-00 to 9-30\TestNG_Learning\src\main\resources
2026-02-02 08:40:38,177 [Worker-39: Building] INFO  o.a.m.s.f.DefaultMavenResourcesFiltering - skip non existing resourceDirectory C:\Users\Admin\Automation MWF 8-00 to 9-30\TestNG_Learning\src\test\resources
2026-02-02 08:40:53,431 [Worker-58: Building] INFO  o.e.m.c.i.l.LifecycleMappingFactory - Using org.eclipse.m2e.jdt.JarLifecycleMapping lifecycle mapping for MavenProject: basic:TestNG_Learning:0.0.1-SNAPSHOT @ C:\Users\Admin\Automation MWF 8-00 to 9-30\TestNG_Learning\pom.xml.
2026-02-02 08:40:53,595 [Worker-58: Building] INFO  o.a.m.s.f.DefaultMavenResourcesFiltering - skip non existing resourceDirectory C:\Users\Admin\Automation MWF 8-00 to 9-30\TestNG_Learning\src\main\resources
2026-02-02 08:40:53,599 [Worker-58: Building] INFO  o.a.m.s.f.DefaultMavenResourcesFiltering - skip non existing resourceDirectory C:\Users\Admin\Automation MWF 8-00 to 9-30\TestNG_Learning\src\test\resources
2026-02-02 08:41:54,957 [Worker-57: Building] INFO  o.e.m.c.i.l.LifecycleMappingFactory - Using org.eclipse.m2e.jdt.JarLifecycleMapping lifecycle mapping for MavenProject: basic:TestNG_Learning:0.0.1-SNAPSHOT @ C:\Users\Admin\Automation MWF 8-00 to 9-30\TestNG_Learning\pom.xml.
2026-02-02 08:41:55,306 [Worker-57: Building] INFO  o.e.m.c.i.e.AbstractTransferListenerAdapter - Downloading https://repo.maven.apache.org/maven2/org/testng/testng/7.12.0/testng-7.12.0.pom
2026-02-02 08:41:55,325 [Worker-57: Building] INFO  o.e.m.c.i.e.AbstractTransferListenerAdapter - Downloaded https://repo.maven.apache.org/maven2/org/testng/testng/7.12.0/testng-7.12.0.pom
2026-02-02 08:41:55,462 [Worker-57: Building] INFO  o.e.m.c.i.e.AbstractTransferListenerAdapter - Downloading https://repo.maven.apache.org/maven2/org/testng/testng/7.12.0/testng-7.12.0.jar
2026-02-02 08:41:55,601 [Worker-57: Building] INFO  o.e.m.c.i.e.AbstractTransferListenerAdapter - Downloaded https://repo.maven.apache.org/maven2/org/testng/testng/7.12.0/testng-7.12.0.jar
2026-02-02 08:41:55,771 [Worker-57: Building] INFO  o.a.m.s.f.DefaultMavenResourcesFiltering - skip non existing resourceDirectory C:\Users\Admin\Automation MWF 8-00 to 9-30\TestNG_Learning\src\main\resources
2026-02-02 08:41:55,774 [Worker-57: Building] INFO  o.a.m.s.f.DefaultMavenResourcesFiltering - skip non existing resourceDirectory C:\Users\Admin\Automation MWF 8-00 to 9-30\TestNG_Learning\src\test\resources
2026-02-02 08:41:56,763 [Worker-34: Download sources and javadoc] INFO  o.e.m.c.i.e.AbstractTransferListenerAdapter - Downloading https://repo.maven.apache.org/maven2/org/testng/testng/7.12.0/testng-7.12.0-sources.jar
2026-02-02 08:41:56,856 [Worker-34: Download sources and javadoc] INFO  o.e.m.c.i.e.AbstractTransferListenerAdapter - Downloaded https://repo.maven.apache.org/maven2/org/testng/testng/7.12.0/testng-7.12.0-sources.jar
2026-02-02 08:41:56,859 [Worker-34: Download sources and javadoc] INFO  o.e.m.j.internal.DownloadSourcesJob - Downloaded sources for org.testng:testng:7.12.0
2026-02-02 08:41:57,219 [Worker-33: Building] INFO  o.a.m.s.f.DefaultMavenResourcesFiltering - skip non existing resourceDirectory C:\Users\Admin\Automation MWF 8-00 to 9-30\TestNG_Learning\src\main\resources
2026-02-02 08:41:57,221 [Worker-33: Building] INFO  o.a.m.s.f.DefaultMavenResourcesFiltering - skip non existing resourceDirectory C:\Users\Admin\Automation MWF 8-00 to 9-30\TestNG_Learning\src\test\resources
2026-02-02 08:42:37,666 [Worker-56: Building] INFO  o.a.m.s.f.DefaultMavenResourcesFiltering - skip non existing resourceDirectory C:\Users\Admin\Automation MWF 8-00 to 9-30\TestNG_Learning\src\main\resources
2026-02-02 08:42:37,669 [Worker-56: Building] INFO  o.a.m.s.f.DefaultMavenResourcesFiltering - skip non existing resourceDirectory C:\Users\Admin\Automation MWF 8-00 to 9-30\TestNG_Learning\src\test\resources
2026-02-02 08:43:12,685 [Worker-56: Building] INFO  o.a.m.s.f.DefaultMavenResourcesFiltering - skip non existing resourceDirectory C:\Users\Admin\Automation MWF 8-00 to 9-30\TestNG_Learning\src\main\resources
2026-02-02 08:43:12,687 [Worker-56: Building] INFO  o.a.m.s.f.DefaultMavenResourcesFiltering - skip non existing resourceDirectory C:\Users\Admin\Automation MWF 8-00 to 9-30\TestNG_Learning\src\test\resources
2026-02-02 08:43:40,353 [Worker-33: Building] INFO  o.a.m.s.f.DefaultMavenResourcesFiltering - skip non existing resourceDirectory C:\Users\Admin\Automation MWF 8-00 to 9-30\TestNG_Learning\src\main\resources
2026-02-02 08:43:40,355 [Worker-33: Building] INFO  o.a.m.s.f.DefaultMavenResourcesFiltering - skip non existing resourceDirectory C:\Users\Admin\Automation MWF 8-00 to 9-30\TestNG_Learning\src\test\resources
2026-02-02 08:44:39,051 [Worker-34: Building] INFO  o.a.m.s.f.DefaultMavenResourcesFiltering - skip non existing resourceDirectory C:\Users\Admin\Automation MWF 8-00 to 9-30\TestNG_Learning\src\main\resources
2026-02-02 08:44:39,054 [Worker-34: Building] INFO  o.a.m.s.f.DefaultMavenResourcesFiltering - skip non existing resourceDirectory C:\Users\Admin\Automation MWF 8-00 to 9-30\TestNG_Learning\src\test\resources
2026-02-02 08:45:17,043 [Worker-55: Building] INFO  o.a.m.s.f.DefaultMavenResourcesFiltering - skip non existing resourceDirectory C:\Users\Admin\Automation MWF 8-00 to 9-30\TestNG_Learning\src\main\resources
2026-02-02 08:45:17,045 [Worker-55: Building] INFO  o.a.m.s.f.DefaultMavenResourcesFiltering - skip non existing resourceDirectory C:\Users\Admin\Automation MWF 8-00 to 9-30\TestNG_Learning\src\test\resources
2026-02-02 08:46:29,868 [Worker-55: Building] INFO  o.a.m.s.f.DefaultMavenResourcesFiltering - skip non existing resourceDirectory C:\Users\Admin\Automation MWF 8-00 to 9-30\TestNG_Learning\src\main\resources
2026-02-02 08:46:29,870 [Worker-55: Building] INFO  o.a.m.s.f.DefaultMavenResourcesFiltering - skip non existing resourceDirectory C:\Users\Admin\Automation MWF 8-00 to 9-30\TestNG_Learning\src\test\resources
2026-02-02 08:46:33,288 [Worker-58: Building] INFO  o.a.m.s.f.DefaultMavenResourcesFiltering - skip non existing resourceDirectory C:\Users\Admin\Automation MWF 8-00 to 9-30\TestNG_Learning\src\main\resources
2026-02-02 08:46:33,289 [Worker-58: Building] INFO  o.a.m.s.f.DefaultMavenResourcesFiltering - skip non existing resourceDirectory C:\Users\Admin\Automation MWF 8-00 to 9-30\TestNG_Learning\src\test\resources
2026-02-02 08:46:34,390 [Worker-34: Building] INFO  o.a.m.s.f.DefaultMavenResourcesFiltering - skip non existing resourceDirectory C:\Users\Admin\Automation MWF 8-00 to 9-30\TestNG_Learning\src\main\resources
2026-02-02 08:46:34,391 [Worker-34: Building] INFO  o.a.m.s.f.DefaultMavenResourcesFiltering - skip non existing resourceDirectory C:\Users\Admin\Automation MWF 8-00 to 9-30\TestNG_Learning\src\test\resources
2026-02-02 08:46:51,186 [Worker-33: Building] INFO  o.a.m.s.f.DefaultMavenResourcesFiltering - skip non existing resourceDirectory C:\Users\Admin\Automation MWF 8-00 to 9-30\TestNG_Learning\src\main\resources
2026-02-02 08:46:51,188 [Worker-33: Building] INFO  o.a.m.s.f.DefaultMavenResourcesFiltering - skip non existing resourceDirectory C:\Users\Admin\Automation MWF 8-00 to 9-30\TestNG_Learning\src\test\resources
2026-02-02 08:47:13,346 [Worker-43: Building] INFO  o.a.m.s.f.DefaultMavenResourcesFiltering - skip non existing resourceDirectory C:\Users\Admin\Automation MWF 8-00 to 9-30\TestNG_Learning\src\main\resources
2026-02-02 08:47:13,348 [Worker-43: Building] INFO  o.a.m.s.f.DefaultMavenResourcesFiltering - skip non existing resourceDirectory C:\Users\Admin\Automation MWF 8-00 to 9-30\TestNG_Learning\src\test\resources
2026-02-02 08:47:29,604 [Worker-58: Building] INFO  o.a.m.s.f.DefaultMavenResourcesFiltering - skip non existing resourceDirectory C:\Users\Admin\Automation MWF 8-00 to 9-30\TestNG_Learning\src\main\resources
2026-02-02 08:47:29,606 [Worker-58: Building] INFO  o.a.m.s.f.DefaultMavenResourcesFiltering - skip non existing resourceDirectory C:\Users\Admin\Automation MWF 8-00 to 9-30\TestNG_Learning\src\test\resources
2026-02-02 08:47:40,808 [Worker-43: Building] INFO  o.a.m.s.f.DefaultMavenResourcesFiltering - skip non existing resourceDirectory C:\Users\Admin\Automation MWF 8-00 to 9-30\TestNG_Learning\src\main\resources
2026-02-02 08:47:40,810 [Worker-43: Building] INFO  o.a.m.s.f.DefaultMavenResourcesFiltering - skip non existing resourceDirectory C:\Users\Admin\Automation MWF 8-00 to 9-30\TestNG_Learning\src\test\resources
2026-02-02 08:49:52,806 [Worker-55: Building] INFO  o.a.m.s.f.DefaultMavenResourcesFiltering - skip non existing resourceDirectory C:\Users\Admin\Automation MWF 8-00 to 9-30\TestNG_Learning\src\main\resources
2026-02-02 08:49:52,807 [Worker-55: Building] INFO  o.a.m.s.f.DefaultMavenResourcesFiltering - skip non existing resourceDirectory C:\Users\Admin\Automation MWF 8-00 to 9-30\TestNG_Learning\src\test\resources
2026-02-02 08:50:08,029 [Worker-57: Building] INFO  o.a.m.s.f.DefaultMavenResourcesFiltering - skip non existing resourceDirectory C:\Users\Admin\Automation MWF 8-00 to 9-30\TestNG_Learning\src\main\resources
2026-02-02 08:50:08,031 [Worker-57: Building] INFO  o.a.m.s.f.DefaultMavenResourcesFiltering - skip non existing resourceDirectory C:\Users\Admin\Automation MWF 8-00 to 9-30\TestNG_Learning\src\test\resources
2026-02-02 08:50:09,187 [Worker-34: Building] INFO  o.a.m.s.f.DefaultMavenResourcesFiltering - skip non existing resourceDirectory C:\Users\Admin\Automation MWF 8-00 to 9-30\TestNG_Learning\src\main\resources
2026-02-02 08:50:09,188 [Worker-34: Building] INFO  o.a.m.s.f.DefaultMavenResourcesFiltering - skip non existing resourceDirectory C:\Users\Admin\Automation MWF 8-00 to 9-30\TestNG_Learning\src\test\resources
2026-02-02 08:50:28,688 [Worker-34: Building] INFO  o.a.m.s.f.DefaultMavenResourcesFiltering - skip non existing resourceDirectory C:\Users\Admin\Automation MWF 8-00 to 9-30\TestNG_Learning\src\main\resources
2026-02-02 08:50:28,692 [Worker-34: Building] INFO  o.a.m.s.f.DefaultMavenResourcesFiltering - skip non existing resourceDirectory C:\Users\Admin\Automation MWF 8-00 to 9-30\TestNG_Learning\src\test\resources
2026-02-02 08:51:35,885 [Worker-55: Building] INFO  o.a.m.s.f.DefaultMavenResourcesFiltering - skip non existing resourceDirectory C:\Users\Admin\Automation MWF 8-00 to 9-30\TestNG_Learning\src\main\resources
2026-02-02 08:51:35,887 [Worker-55: Building] INFO  o.a.m.s.f.DefaultMavenResourcesFiltering - skip non existing resourceDirectory C:\Users\Admin\Automation MWF 8-00 to 9-30\TestNG_Learning\src\test\resources
2026-02-02 08:51:44,957 [Worker-51: Building] INFO  o.a.m.s.f.DefaultMavenResourcesFiltering - skip non existing resourceDirectory C:\Users\Admin\Automation MWF 8-00 to 9-30\TestNG_Learning\src\main\resources
2026-02-02 08:51:44,959 [Worker-51: Building] INFO  o.a.m.s.f.DefaultMavenResourcesFiltering - skip non existing resourceDirectory C:\Users\Admin\Automation MWF 8-00 to 9-30\TestNG_Learning\src\test\resources
2026-02-02 08:54:13,290 [Worker-55: Building] INFO  o.a.m.s.f.DefaultMavenResourcesFiltering - skip non existing resourceDirectory C:\Users\Admin\Automation MWF 8-00 to 9-30\TestNG_Learning\src\main\resources
2026-02-02 08:54:13,292 [Worker-55: Building] INFO  o.a.m.s.f.DefaultMavenResourcesFiltering - skip non existing resourceDirectory C:\Users\Admin\Automation MWF 8-00 to 9-30\TestNG_Learning\src\test\resources
2026-02-02 08:55:10,469 [Worker-33: Building] INFO  o.a.m.s.f.DefaultMavenResourcesFiltering - skip non existing resourceDirectory C:\Users\Admin\Automation MWF 8-00 to 9-30\TestNG_Learning\src\main\resources
2026-02-02 08:55:10,473 [Worker-33: Building] INFO  o.a.m.s.f.DefaultMavenResourcesFiltering - skip non existing resourceDirectory C:\Users\Admin\Automation MWF 8-00 to 9-30\TestNG_Learning\src\test\resources
2026-02-02 08:55:13,587 [Worker-39: Building] INFO  o.a.m.s.f.DefaultMavenResourcesFiltering - skip non existing resourceDirectory C:\Users\Admin\Automation MWF 8-00 to 9-30\TestNG_Learning\src\main\resources
2026-02-02 08:55:13,590 [Worker-39: Building] INFO  o.a.m.s.f.DefaultMavenResourcesFiltering - skip non existing resourceDirectory C:\Users\Admin\Automation MWF 8-00 to 9-30\TestNG_Learning\src\test\resources
2026-02-02 08:55:59,770 [Worker-33: Building] INFO  o.a.m.s.f.DefaultMavenResourcesFiltering - skip non existing resourceDirectory C:\Users\Admin\Automation MWF 8-00 to 9-30\TestNG_Learning\src\main\resources
2026-02-02 08:55:59,772 [Worker-33: Building] INFO  o.a.m.s.f.DefaultMavenResourcesFiltering - skip non existing resourceDirectory C:\Users\Admin\Automation MWF 8-00 to 9-30\TestNG_Learning\src\test\resources
2026-02-02 08:56:14,284 [Worker-34: Building] INFO  o.a.m.s.f.DefaultMavenResourcesFiltering - skip non existing resourceDirectory C:\Users\Admin\Automation MWF 8-00 to 9-30\TestNG_Learning\src\main\resources
2026-02-02 08:56:14,286 [Worker-34: Building] INFO  o.a.m.s.f.DefaultMavenResourcesFiltering - skip non existing resourceDirectory C:\Users\Admin\Automation MWF 8-00 to 9-30\TestNG_Learning\src\test\resources
2026-02-02 08:56:46,980 [Worker-34: Launching P003_Dependency] INFO  o.a.m.s.f.DefaultMavenResourcesFiltering - skip non existing resourceDirectory C:\Users\Admin\Automation MWF 8-00 to 9-30\TestNG_Learning\src\main\resources
2026-02-02 08:56:46,983 [Worker-34: Launching P003_Dependency] INFO  o.a.m.s.f.DefaultMavenResourcesFiltering - skip non existing resourceDirectory C:\Users\Admin\Automation MWF 8-00 to 9-30\TestNG_Learning\src\test\resources
2026-02-02 08:57:23,919 [Worker-43: Building] INFO  o.a.m.s.f.DefaultMavenResourcesFiltering - skip non existing resourceDirectory C:\Users\Admin\Automation MWF 8-00 to 9-30\TestNG_Learning\src\main\resources
2026-02-02 08:57:23,921 [Worker-43: Building] INFO  o.a.m.s.f.DefaultMavenResourcesFiltering - skip non existing resourceDirectory C:\Users\Admin\Automation MWF 8-00 to 9-30\TestNG_Learning\src\test\resources
2026-02-02 08:57:28,076 [Worker-39: Building] INFO  o.a.m.s.f.DefaultMavenResourcesFiltering - skip non existing resourceDirectory C:\Users\Admin\Automation MWF 8-00 to 9-30\TestNG_Learning\src\main\resources
2026-02-02 08:57:28,078 [Worker-39: Building] INFO  o.a.m.s.f.DefaultMavenResourcesFiltering - skip non existing resourceDirectory C:\Users\Admin\Automation MWF 8-00 to 9-30\TestNG_Learning\src\test\resources
2026-02-02 08:58:28,319 [Worker-57: Building] INFO  o.a.m.s.f.DefaultMavenResourcesFiltering - skip non existing resourceDirectory C:\Users\Admin\Automation MWF 8-00 to 9-30\TestNG_Learning\src\main\resources
2026-02-02 08:58:28,321 [Worker-57: Building] INFO  o.a.m.s.f.DefaultMavenResourcesFiltering - skip non existing resourceDirectory C:\Users\Admin\Automation MWF 8-00 to 9-30\TestNG_Learning\src\test\resources
2026-02-02 08:58:50,586 [Worker-34: Building] INFO  o.a.m.s.f.DefaultMavenResourcesFiltering - skip non existing resourceDirectory C:\Users\Admin\Automation MWF 8-00 to 9-30\TestNG_Learning\src\main\resources
2026-02-02 08:58:50,588 [Worker-34: Building] INFO  o.a.m.s.f.DefaultMavenResourcesFiltering - skip non existing resourceDirectory C:\Users\Admin\Automation MWF 8-00 to 9-30\TestNG_Learning\src\test\resources
2026-02-02 08:59:02,299 [Worker-57: Building] INFO  o.a.m.s.f.DefaultMavenResourcesFiltering - skip non existing resourceDirectory C:\Users\Admin\Automation MWF 8-00 to 9-30\TestNG_Learning\src\main\resources
2026-02-02 08:59:02,301 [Worker-57: Building] INFO  o.a.m.s.f.DefaultMavenResourcesFiltering - skip non existing resourceDirectory C:\Users\Admin\Automation MWF 8-00 to 9-30\TestNG_Learning\src\test\resources
2026-02-02 08:59:52,427 [Worker-34: Building] INFO  o.a.m.s.f.DefaultMavenResourcesFiltering - skip non existing resourceDirectory C:\Users\Admin\Automation MWF 8-00 to 9-30\TestNG_Learning\src\main\resources
2026-02-02 08:59:52,429 [Worker-34: Building] INFO  o.a.m.s.f.DefaultMavenResourcesFiltering - skip non existing resourceDirectory C:\Users\Admin\Automation MWF 8-00 to 9-30\TestNG_Learning\src\test\resources
2026-02-02 09:01:11,389 [Worker-57: Building] INFO  o.a.m.s.f.DefaultMavenResourcesFiltering - skip non existing resourceDirectory C:\Users\Admin\Automation MWF 8-00 to 9-30\TestNG_Learning\src\main\resources
2026-02-02 09:01:11,391 [Worker-57: Building] INFO  o.a.m.s.f.DefaultMavenResourcesFiltering - skip non existing resourceDirectory C:\Users\Admin\Automation MWF 8-00 to 9-30\TestNG_Learning\src\test\resources
2026-02-02 09:01:15,800 [Worker-34: Building] INFO  o.a.m.s.f.DefaultMavenResourcesFiltering - skip non existing resourceDirectory C:\Users\Admin\Automation MWF 8-00 to 9-30\TestNG_Learning\src\main\resources
2026-02-02 09:01:15,802 [Worker-34: Building] INFO  o.a.m.s.f.DefaultMavenResourcesFiltering - skip non existing resourceDirectory C:\Users\Admin\Automation MWF 8-00 to 9-30\TestNG_Learning\src\test\resources
2026-02-02 09:01:33,062 [Worker-55: Building] INFO  o.a.m.s.f.DefaultMavenResourcesFiltering - skip non existing resourceDirectory C:\Users\Admin\Automation MWF 8-00 to 9-30\TestNG_Learning\src\main\resources
2026-02-02 09:01:33,063 [Worker-55: Building] INFO  o.a.m.s.f.DefaultMavenResourcesFiltering - skip non existing resourceDirectory C:\Users\Admin\Automation MWF 8-00 to 9-30\TestNG_Learning\src\test\resources
2026-02-02 09:01:55,853 [Worker-58: Building] INFO  o.a.m.s.f.DefaultMavenResourcesFiltering - skip non existing resourceDirectory C:\Users\Admin\Automation MWF 8-00 to 9-30\TestNG_Learning\src\main\resources
2026-02-02 09:01:55,854 [Worker-58: Building] INFO  o.a.m.s.f.DefaultMavenResourcesFiltering - skip non existing resourceDirectory C:\Users\Admin\Automation MWF 8-00 to 9-30\TestNG_Learning\src\test\resources
2026-02-02 09:01:56,935 [Worker-34: Building] INFO  o.a.m.s.f.DefaultMavenResourcesFiltering - skip non existing resourceDirectory C:\Users\Admin\Automation MWF 8-00 to 9-30\TestNG_Learning\src\main\resources
2026-02-02 09:01:56,937 [Worker-34: Building] INFO  o.a.m.s.f.DefaultMavenResourcesFiltering - skip non existing resourceDirectory C:\Users\Admin\Automation MWF 8-00 to 9-30\TestNG_Learning\src\test\resources
2026-02-02 09:02:43,046 [Worker-55: Building] INFO  o.a.m.s.f.DefaultMavenResourcesFiltering - skip non existing resourceDirectory C:\Users\Admin\Automation MWF 8-00 to 9-30\TestNG_Learning\src\main\resources
2026-02-02 09:02:43,048 [Worker-55: Building] INFO  o.a.m.s.f.DefaultMavenResourcesFiltering - skip non existing resourceDirectory C:\Users\Admin\Automation MWF 8-00 to 9-30\TestNG_Learning\src\test\resources
2026-02-02 09:02:53,102 [Worker-43: Building] INFO  o.a.m.s.f.DefaultMavenResourcesFiltering - skip non existing resourceDirectory C:\Users\Admin\Automation MWF 8-00 to 9-30\TestNG_Learning\src\main\resources
2026-02-02 09:02:53,103 [Worker-43: Building] INFO  o.a.m.s.f.DefaultMavenResourcesFiltering - skip non existing resourceDirectory C:\Users\Admin\Automation MWF 8-00 to 9-30\TestNG_Learning\src\test\resources
2026-02-02 09:04:33,268 [Worker-39: Building] INFO  o.a.m.s.f.DefaultMavenResourcesFiltering - skip non existing resourceDirectory C:\Users\Admin\Automation MWF 8-00 to 9-30\TestNG_Learning\src\main\resources
2026-02-02 09:04:33,270 [Worker-39: Building] INFO  o.a.m.s.f.DefaultMavenResourcesFiltering - skip non existing resourceDirectory C:\Users\Admin\Automation MWF 8-00 to 9-30\TestNG_Learning\src\test\resources
2026-02-02 09:05:02,182 [Worker-39: Building] INFO  o.a.m.s.f.DefaultMavenResourcesFiltering - skip non existing resourceDirectory C:\Users\Admin\Automation MWF 8-00 to 9-30\TestNG_Learning\src\main\resources
2026-02-02 09:05:02,183 [Worker-39: Building] INFO  o.a.m.s.f.DefaultMavenResourcesFiltering - skip non existing resourceDirectory C:\Users\Admin\Automation MWF 8-00 to 9-30\TestNG_Learning\src\test\resources
2026-02-02 09:05:47,469 [Worker-34: Building] INFO  o.a.m.s.f.DefaultMavenResourcesFiltering - skip non existing resourceDirectory C:\Users\Admin\Automation MWF 8-00 to 9-30\TestNG_Learning\src\main\resources
2026-02-02 09:05:47,470 [Worker-34: Building] INFO  o.a.m.s.f.DefaultMavenResourcesFiltering - skip non existing resourceDirectory C:\Users\Admin\Automation MWF 8-00 to 9-30\TestNG_Learning\src\test\resources
2026-02-02 09:05:56,589 [Worker-57: Building] INFO  o.a.m.s.f.DefaultMavenResourcesFiltering - skip non existing resourceDirectory C:\Users\Admin\Automation MWF 8-00 to 9-30\TestNG_Learning\src\main\resources
2026-02-02 09:05:56,590 [Worker-57: Building] INFO  o.a.m.s.f.DefaultMavenResourcesFiltering - skip non existing resourceDirectory C:\Users\Admin\Automation MWF 8-00 to 9-30\TestNG_Learning\src\test\resources
2026-02-02 09:05:59,777 [Worker-55: Building] INFO  o.a.m.s.f.DefaultMavenResourcesFiltering - skip non existing resourceDirectory C:\Users\Admin\Automation MWF 8-00 to 9-30\TestNG_Learning\src\main\resources
2026-02-02 09:05:59,779 [Worker-55: Building] INFO  o.a.m.s.f.DefaultMavenResourcesFiltering - skip non existing resourceDirectory C:\Users\Admin\Automation MWF 8-00 to 9-30\TestNG_Learning\src\test\resources
2026-02-02 09:06:11,350 [Worker-39: Building] INFO  o.a.m.s.f.DefaultMavenResourcesFiltering - skip non existing resourceDirectory C:\Users\Admin\Automation MWF 8-00 to 9-30\TestNG_Learning\src\main\resources
2026-02-02 09:06:11,351 [Worker-39: Building] INFO  o.a.m.s.f.DefaultMavenResourcesFiltering - skip non existing resourceDirectory C:\Users\Admin\Automation MWF 8-00 to 9-30\TestNG_Learning\src\test\resources
2026-02-02 09:06:19,445 [Worker-57: Building] INFO  o.a.m.s.f.DefaultMavenResourcesFiltering - skip non existing resourceDirectory C:\Users\Admin\Automation MWF 8-00 to 9-30\TestNG_Learning\src\main\resources
2026-02-02 09:06:19,446 [Worker-57: Building] INFO  o.a.m.s.f.DefaultMavenResourcesFiltering - skip non existing resourceDirectory C:\Users\Admin\Automation MWF 8-00 to 9-30\TestNG_Learning\src\test\resources
2026-02-02 09:06:27,785 [Worker-33: Building] INFO  o.a.m.s.f.DefaultMavenResourcesFiltering - skip non existing resourceDirectory C:\Users\Admin\Automation MWF 8-00 to 9-30\TestNG_Learning\src\main\resources
2026-02-02 09:06:27,788 [Worker-33: Building] INFO  o.a.m.s.f.DefaultMavenResourcesFiltering - skip non existing resourceDirectory C:\Users\Admin\Automation MWF 8-00 to 9-30\TestNG_Learning\src\test\resources
2026-02-02 09:06:42,047 [Worker-33: Building] INFO  o.a.m.s.f.DefaultMavenResourcesFiltering - skip non existing resourceDirectory C:\Users\Admin\Automation MWF 8-00 to 9-30\TestNG_Learning\src\main\resources
2026-02-02 09:06:42,049 [Worker-33: Building] INFO  o.a.m.s.f.DefaultMavenResourcesFiltering - skip non existing resourceDirectory C:\Users\Admin\Automation MWF 8-00 to 9-30\TestNG_Learning\src\test\resources
2026-02-02 09:06:53,199 [Worker-59: Building] INFO  o.a.m.s.f.DefaultMavenResourcesFiltering - skip non existing resourceDirectory C:\Users\Admin\Automation MWF 8-00 to 9-30\TestNG_Learning\src\main\resources
2026-02-02 09:06:53,200 [Worker-59: Building] INFO  o.a.m.s.f.DefaultMavenResourcesFiltering - skip non existing resourceDirectory C:\Users\Admin\Automation MWF 8-00 to 9-30\TestNG_Learning\src\test\resources
2026-02-02 09:06:55,239 [Worker-33: Building] INFO  o.a.m.s.f.DefaultMavenResourcesFiltering - skip non existing resourceDirectory C:\Users\Admin\Automation MWF 8-00 to 9-30\TestNG_Learning\src\main\resources
2026-02-02 09:06:55,240 [Worker-33: Building] INFO  o.a.m.s.f.DefaultMavenResourcesFiltering - skip non existing resourceDirectory C:\Users\Admin\Automation MWF 8-00 to 9-30\TestNG_Learning\src\test\resources
2026-02-02 09:06:56,267 [Worker-34: Building] INFO  o.a.m.s.f.DefaultMavenResourcesFiltering - skip non existing resourceDirectory C:\Users\Admin\Automation MWF 8-00 to 9-30\TestNG_Learning\src\main\resources
2026-02-02 09:06:56,268 [Worker-34: Building] INFO  o.a.m.s.f.DefaultMavenResourcesFiltering - skip non existing resourceDirectory C:\Users\Admin\Automation MWF 8-00 to 9-30\TestNG_Learning\src\test\resources
2026-02-02 09:07:21,957 [Worker-55: Building] INFO  o.a.m.s.f.DefaultMavenResourcesFiltering - skip non existing resourceDirectory C:\Users\Admin\Automation MWF 8-00 to 9-30\TestNG_Learning\src\main\resources
2026-02-02 09:07:21,959 [Worker-55: Building] INFO  o.a.m.s.f.DefaultMavenResourcesFiltering - skip non existing resourceDirectory C:\Users\Admin\Automation MWF 8-00 to 9-30\TestNG_Learning\src\test\resources
2026-02-02 09:07:44,362 [Worker-39: Building] INFO  o.a.m.s.f.DefaultMavenResourcesFiltering - skip non existing resourceDirectory C:\Users\Admin\Automation MWF 8-00 to 9-30\TestNG_Learning\src\main\resources
2026-02-02 09:07:44,363 [Worker-39: Building] INFO  o.a.m.s.f.DefaultMavenResourcesFiltering - skip non existing resourceDirectory C:\Users\Admin\Automation MWF 8-00 to 9-30\TestNG_Learning\src\test\resources
2026-02-02 09:08:05,637 [Worker-57: Building] INFO  o.a.m.s.f.DefaultMavenResourcesFiltering - skip non existing resourceDirectory C:\Users\Admin\Automation MWF 8-00 to 9-30\TestNG_Learning\src\main\resources
2026-02-02 09:08:05,639 [Worker-57: Building] INFO  o.a.m.s.f.DefaultMavenResourcesFiltering - skip non existing resourceDirectory C:\Users\Admin\Automation MWF 8-00 to 9-30\TestNG_Learning\src\test\resources
2026-02-02 09:08:06,800 [Worker-34: Building] INFO  o.a.m.s.f.DefaultMavenResourcesFiltering - skip non existing resourceDirectory C:\Users\Admin\Automation MWF 8-00 to 9-30\TestNG_Learning\src\main\resources
2026-02-02 09:08:06,801 [Worker-34: Building] INFO  o.a.m.s.f.DefaultMavenResourcesFiltering - skip non existing resourceDirectory C:\Users\Admin\Automation MWF 8-00 to 9-30\TestNG_Learning\src\test\resources
2026-02-02 09:08:50,678 [Worker-33: Building] INFO  o.a.m.s.f.DefaultMavenResourcesFiltering - skip non existing resourceDirectory C:\Users\Admin\Automation MWF 8-00 to 9-30\TestNG_Learning\src\main\resources
2026-02-02 09:08:50,679 [Worker-33: Building] INFO  o.a.m.s.f.DefaultMavenResourcesFiltering - skip non existing resourceDirectory C:\Users\Admin\Automation MWF 8-00 to 9-30\TestNG_Learning\src\test\resources
2026-02-02 09:08:57,903 [Worker-39: Building] INFO  o.a.m.s.f.DefaultMavenResourcesFiltering - skip non existing resourceDirectory C:\Users\Admin\Automation MWF 8-00 to 9-30\TestNG_Learning\src\main\resources
2026-02-02 09:08:57,904 [Worker-39: Building] INFO  o.a.m.s.f.DefaultMavenResourcesFiltering - skip non existing resourceDirectory C:\Users\Admin\Automation MWF 8-00 to 9-30\TestNG_Learning\src\test\resources
2026-02-02 09:09:32,153 [Worker-34: Building] INFO  o.a.m.s.f.DefaultMavenResourcesFiltering - skip non existing resourceDirectory C:\Users\Admin\Automation MWF 8-00 to 9-30\TestNG_Learning\src\main\resources
2026-02-02 09:09:32,155 [Worker-34: Building] INFO  o.a.m.s.f.DefaultMavenResourcesFiltering - skip non existing resourceDirectory C:\Users\Admin\Automation MWF 8-00 to 9-30\TestNG_Learning\src\test\resources
2026-02-02 09:09:40,229 [Worker-55: Building] INFO  o.a.m.s.f.DefaultMavenResourcesFiltering - skip non existing resourceDirectory C:\Users\Admin\Automation MWF 8-00 to 9-30\TestNG_Learning\src\main\resources
2026-02-02 09:09:40,230 [Worker-55: Building] INFO  o.a.m.s.f.DefaultMavenResourcesFiltering - skip non existing resourceDirectory C:\Users\Admin\Automation MWF 8-00 to 9-30\TestNG_Learning\src\test\resources
2026-02-02 09:10:06,002 [Worker-33: Building] INFO  o.a.m.s.f.DefaultMavenResourcesFiltering - skip non existing resourceDirectory C:\Users\Admin\Automation MWF 8-00 to 9-30\TestNG_Learning\src\main\resources
2026-02-02 09:10:06,004 [Worker-33: Building] INFO  o.a.m.s.f.DefaultMavenResourcesFiltering - skip non existing resourceDirectory C:\Users\Admin\Automation MWF 8-00 to 9-30\TestNG_Learning\src\test\resources
2026-02-02 09:10:31,219 [Worker-39: Building] INFO  o.a.m.s.f.DefaultMavenResourcesFiltering - skip non existing resourceDirectory C:\Users\Admin\Automation MWF 8-00 to 9-30\TestNG_Learning\src\main\resources
2026-02-02 09:10:31,220 [Worker-39: Building] INFO  o.a.m.s.f.DefaultMavenResourcesFiltering - skip non existing resourceDirectory C:\Users\Admin\Automation MWF 8-00 to 9-30\TestNG_Learning\src\test\resources
2026-02-02 09:11:20,870 [Worker-59: Building] INFO  o.a.m.s.f.DefaultMavenResourcesFiltering - skip non existing resourceDirectory C:\Users\Admin\Automation MWF 8-00 to 9-30\TestNG_Learning\src\main\resources
2026-02-02 09:11:20,872 [Worker-59: Building] INFO  o.a.m.s.f.DefaultMavenResourcesFiltering - skip non existing resourceDirectory C:\Users\Admin\Automation MWF 8-00 to 9-30\TestNG_Learning\src\test\resources
2026-02-02 09:12:08,773 [Worker-39: Building] INFO  o.a.m.s.f.DefaultMavenResourcesFiltering - skip non existing resourceDirectory C:\Users\Admin\Automation MWF 8-00 to 9-30\TestNG_Learning\src\main\resources
2026-02-02 09:12:08,774 [Worker-39: Building] INFO  o.a.m.s.f.DefaultMavenResourcesFiltering - skip non existing resourceDirectory C:\Users\Admin\Automation MWF 8-00 to 9-30\TestNG_Learning\src\test\resources
2026-02-02 09:12:17,712 [Worker-33: Building] INFO  o.a.m.s.f.DefaultMavenResourcesFiltering - skip non existing resourceDirectory C:\Users\Admin\Automation MWF 8-00 to 9-30\TestNG_Learning\src\main\resources
2026-02-02 09:12:17,715 [Worker-33: Building] INFO  o.a.m.s.f.DefaultMavenResourcesFiltering - skip non existing resourceDirectory C:\Users\Admin\Automation MWF 8-00 to 9-30\TestNG_Learning\src\test\resources
2026-02-02 09:13:55,066 [Worker-57: Building] INFO  o.a.m.s.f.DefaultMavenResourcesFiltering - skip non existing resourceDirectory C:\Users\Admin\Automation MWF 8-00 to 9-30\TestNG_Learning\src\main\resources
2026-02-02 09:13:55,068 [Worker-57: Building] INFO  o.a.m.s.f.DefaultMavenResourcesFiltering - skip non existing resourceDirectory C:\Users\Admin\Automation MWF 8-00 to 9-30\TestNG_Learning\src\test\resources
2026-02-02 09:14:07,600 [Worker-33: Building] INFO  o.a.m.s.f.DefaultMavenResourcesFiltering - skip non existing resourceDirectory C:\Users\Admin\Automation MWF 8-00 to 9-30\TestNG_Learning\src\main\resources
2026-02-02 09:14:07,602 [Worker-33: Building] INFO  o.a.m.s.f.DefaultMavenResourcesFiltering - skip non existing resourceDirectory C:\Users\Admin\Automation MWF 8-00 to 9-30\TestNG_Learning\src\test\resources
2026-02-02 09:15:13,473 [Worker-34: Building] INFO  o.a.m.s.f.DefaultMavenResourcesFiltering - skip non existing resourceDirectory C:\Users\Admin\Automation MWF 8-00 to 9-30\TestNG_Learning\src\main\resources
2026-02-02 09:15:13,474 [Worker-34: Building] INFO  o.a.m.s.f.DefaultMavenResourcesFiltering - skip non existing resourceDirectory C:\Users\Admin\Automation MWF 8-00 to 9-30\TestNG_Learning\src\test\resources
2026-02-02 09:15:15,186 [Worker-55: Building] INFO  o.a.m.s.f.DefaultMavenResourcesFiltering - skip non existing resourceDirectory C:\Users\Admin\Automation MWF 8-00 to 9-30\TestNG_Learning\src\main\resources
2026-02-02 09:15:15,187 [Worker-55: Building] INFO  o.a.m.s.f.DefaultMavenResourcesFiltering - skip non existing resourceDirectory C:\Users\Admin\Automation MWF 8-00 to 9-30\TestNG_Learning\src\test\resources
2026-02-02 09:15:16,302 [Worker-61: Building] INFO  o.a.m.s.f.DefaultMavenResourcesFiltering - skip non existing resourceDirectory C:\Users\Admin\Automation MWF 8-00 to 9-30\TestNG_Learning\src\main\resources
2026-02-02 09:15:16,303 [Worker-61: Building] INFO  o.a.m.s.f.DefaultMavenResourcesFiltering - skip non existing resourceDirectory C:\Users\Admin\Automation MWF 8-00 to 9-30\TestNG_Learning\src\test\resources
2026-02-02 09:15:19,827 [Worker-33: Building] INFO  o.a.m.s.f.DefaultMavenResourcesFiltering - skip non existing resourceDirectory C:\Users\Admin\Automation MWF 8-00 to 9-30\TestNG_Learning\src\main\resources
2026-02-02 09:15:19,829 [Worker-33: Building] INFO  o.a.m.s.f.DefaultMavenResourcesFiltering - skip non existing resourceDirectory C:\Users\Admin\Automation MWF 8-00 to 9-30\TestNG_Learning\src\test\resources
2026-02-04 08:32:59,763 [Worker-6: Loading available Gradle versions] INFO  o.e.b.c.i.u.g.PublishedGradleVersions - Gradle version information cache is out-of-date. Trying to update.
2026-02-04 08:34:59,425 [Worker-6: Building] INFO  o.a.m.s.f.DefaultMavenResourcesFiltering - skip non existing resourceDirectory C:\Users\Admin\Automation MWF 8-00 to 9-30\TestNG_Learning\src\main\resources
2026-02-04 08:34:59,431 [Worker-6: Building] INFO  o.a.m.s.f.DefaultMavenResourcesFiltering - skip non existing resourceDirectory C:\Users\Admin\Automation MWF 8-00 to 9-30\TestNG_Learning\src\test\resources
2026-02-04 08:36:31,415 [Worker-5: Building] INFO  o.a.m.s.f.DefaultMavenResourcesFiltering - skip non existing resourceDirectory C:\Users\Admin\Automation MWF 8-00 to 9-30\TestNG_Learning\src\main\resources
2026-02-04 08:36:31,417 [Worker-5: Building] INFO  o.a.m.s.f.DefaultMavenResourcesFiltering - skip non existing resourceDirectory C:\Users\Admin\Automation MWF 8-00 to 9-30\TestNG_Learning\src\test\resources
2026-02-04 08:36:41,607 [Worker-9: Building] INFO  o.a.m.s.f.DefaultMavenResourcesFiltering - skip non existing resourceDirectory C:\Users\Admin\Automation MWF 8-00 to 9-30\TestNG_Learning\src\main\resources
2026-02-04 08:36:41,609 [Worker-9: Building] INFO  o.a.m.s.f.DefaultMavenResourcesFiltering - skip non existing resourceDirectory C:\Users\Admin\Automation MWF 8-00 to 9-30\TestNG_Learning\src\test\resources
2026-02-04 08:36:54,599 [Worker-14: Building] INFO  o.a.m.s.f.DefaultMavenResourcesFiltering - skip non existing resourceDirectory C:\Users\Admin\Automation MWF 8-00 to 9-30\TestNG_Learning\src\main\resources
2026-02-04 08:36:54,601 [Worker-14: Building] INFO  o.a.m.s.f.DefaultMavenResourcesFiltering - skip non existing resourceDirectory C:\Users\Admin\Automation MWF 8-00 to 9-30\TestNG_Learning\src\test\resources
2026-02-04 08:37:01,527 [Worker-7: Building] INFO  o.a.m.s.f.DefaultMavenResourcesFiltering - skip non existing resourceDirectory C:\Users\Admin\Automation MWF 8-00 to 9-30\TestNG_Learning\src\main\resources
2026-02-04 08:37:01,530 [Worker-7: Building] INFO  o.a.m.s.f.DefaultMavenResourcesFiltering - skip non existing resourceDirectory C:\Users\Admin\Automation MWF 8-00 to 9-30\TestNG_Learning\src\test\resources
2026-02-04 08:37:54,723 [Worker-7: Building] INFO  o.a.m.s.f.DefaultMavenResourcesFiltering - skip non existing resourceDirectory C:\Users\Admin\Automation MWF 8-00 to 9-30\TestNG_Learning\src\main\resources
2026-02-04 08:37:54,725 [Worker-7: Building] INFO  o.a.m.s.f.DefaultMavenResourcesFiltering - skip non existing resourceDirectory C:\Users\Admin\Automation MWF 8-00 to 9-30\TestNG_Learning\src\test\resources
2026-02-04 08:37:59,526 [Worker-3: Building] INFO  o.a.m.s.f.DefaultMavenResourcesFiltering - skip non existing resourceDirectory C:\Users\Admin\Automation MWF 8-00 to 9-30\TestNG_Learning\src\main\resources
2026-02-04 08:37:59,529 [Worker-3: Building] INFO  o.a.m.s.f.DefaultMavenResourcesFiltering - skip non existing resourceDirectory C:\Users\Admin\Automation MWF 8-00 to 9-30\TestNG_Learning\src\test\resources
2026-02-04 08:39:08,795 [Worker-15: Building] INFO  o.a.m.s.f.DefaultMavenResourcesFiltering - skip non existing resourceDirectory C:\Users\Admin\Automation MWF 8-00 to 9-30\TestNG_Learning\src\main\resources
2026-02-04 08:39:08,797 [Worker-15: Building] INFO  o.a.m.s.f.DefaultMavenResourcesFiltering - skip non existing resourceDirectory C:\Users\Admin\Automation MWF 8-00 to 9-30\TestNG_Learning\src\test\resources
2026-02-04 08:39:14,560 [Worker-9: Building] INFO  o.a.m.s.f.DefaultMavenResourcesFiltering - skip non existing resourceDirectory C:\Users\Admin\Automation MWF 8-00 to 9-30\TestNG_Learning\src\main\resources
2026-02-04 08:39:14,564 [Worker-9: Building] INFO  o.a.m.s.f.DefaultMavenResourcesFiltering - skip non existing resourceDirectory C:\Users\Admin\Automation MWF 8-00 to 9-30\TestNG_Learning\src\test\resources
2026-02-04 08:40:17,036 [Worker-18: Building] INFO  o.a.m.s.f.DefaultMavenResourcesFiltering - skip non existing resourceDirectory C:\Users\Admin\Automation MWF 8-00 to 9-30\TestNG_Learning\src\main\resources
2026-02-04 08:40:17,038 [Worker-18: Building] INFO  o.a.m.s.f.DefaultMavenResourcesFiltering - skip non existing resourceDirectory C:\Users\Admin\Automation MWF 8-00 to 9-30\TestNG_Learning\src\test\resources
2026-02-04 08:40:24,331 [Worker-10: Building] INFO  o.a.m.s.f.DefaultMavenResourcesFiltering - skip non existing resourceDirectory C:\Users\Admin\Automation MWF 8-00 to 9-30\TestNG_Learning\src\main\resources
2026-02-04 08:40:24,333 [Worker-10: Building] INFO  o.a.m.s.f.DefaultMavenResourcesFiltering - skip non existing resourceDirectory C:\Users\Admin\Automation MWF 8-00 to 9-30\TestNG_Learning\src\test\resources
2026-02-04 08:40:51,741 [Worker-18: Building] INFO  o.a.m.s.f.DefaultMavenResourcesFiltering - skip non existing resourceDirectory C:\Users\Admin\Automation MWF 8-00 to 9-30\TestNG_Learning\src\main\resources
2026-02-04 08:40:51,744 [Worker-18: Building] INFO  o.a.m.s.f.DefaultMavenResourcesFiltering - skip non existing resourceDirectory C:\Users\Admin\Automation MWF 8-00 to 9-30\TestNG_Learning\src\test\resources
2026-02-04 08:41:26,599 [Worker-9: Building] INFO  o.a.m.s.f.DefaultMavenResourcesFiltering - skip non existing resourceDirectory C:\Users\Admin\Automation MWF 8-00 to 9-30\TestNG_Learning\src\main\resources
2026-02-04 08:41:26,601 [Worker-9: Building] INFO  o.a.m.s.f.DefaultMavenResourcesFiltering - skip non existing resourceDirectory C:\Users\Admin\Automation MWF 8-00 to 9-30\TestNG_Learning\src\test\resources
2026-02-04 08:41:39,432 [Worker-6: Building] INFO  o.a.m.s.f.DefaultMavenResourcesFiltering - skip non existing resourceDirectory C:\Users\Admin\Automation MWF 8-00 to 9-30\TestNG_Learning\src\main\resources
2026-02-04 08:41:39,434 [Worker-6: Building] INFO  o.a.m.s.f.DefaultMavenResourcesFiltering - skip non existing resourceDirectory C:\Users\Admin\Automation MWF 8-00 to 9-30\TestNG_Learning\src\test\resources
2026-02-04 08:41:40,889 [Worker-17: Building] INFO  o.a.m.s.f.DefaultMavenResourcesFiltering - skip non existing resourceDirectory C:\Users\Admin\Automation MWF 8-00 to 9-30\TestNG_Learning\src\main\resources
2026-02-04 08:41:40,892 [Worker-17: Building] INFO  o.a.m.s.f.DefaultMavenResourcesFiltering - skip non existing resourceDirectory C:\Users\Admin\Automation MWF 8-00 to 9-30\TestNG_Learning\src\test\resources
2026-02-04 08:42:58,879 [Worker-24: Building] INFO  o.a.m.s.f.DefaultMavenResourcesFiltering - skip non existing resourceDirectory C:\Users\Admin\Automation MWF 8-00 to 9-30\TestNG_Learning\src\main\resources
2026-02-04 08:42:58,883 [Worker-24: Building] INFO  o.a.m.s.f.DefaultMavenResourcesFiltering - skip non existing resourceDirectory C:\Users\Admin\Automation MWF 8-00 to 9-30\TestNG_Learning\src\test\resources
2026-02-04 08:43:49,159 [Worker-23: Building] INFO  o.a.m.s.f.DefaultMavenResourcesFiltering - skip non existing resourceDirectory C:\Users\Admin\Automation MWF 8-00 to 9-30\TestNG_Learning\src\main\resources
2026-02-04 08:43:49,162 [Worker-23: Building] INFO  o.a.m.s.f.DefaultMavenResourcesFiltering - skip non existing resourceDirectory C:\Users\Admin\Automation MWF 8-00 to 9-30\TestNG_Learning\src\test\resources
2026-02-04 08:46:11,310 [Worker-20: Building] INFO  o.a.m.s.f.DefaultMavenResourcesFiltering - skip non existing resourceDirectory C:\Users\Admin\Automation MWF 8-00 to 9-30\TestNG_Learning\src\main\resources
2026-02-04 08:46:11,312 [Worker-20: Building] INFO  o.a.m.s.f.DefaultMavenResourcesFiltering - skip non existing resourceDirectory C:\Users\Admin\Automation MWF 8-00 to 9-30\TestNG_Learning\src\test\resources
2026-02-04 08:46:42,704 [Worker-10: Building] INFO  o.a.m.s.f.DefaultMavenResourcesFiltering - skip non existing resourceDirectory C:\Users\Admin\Automation MWF 8-00 to 9-30\TestNG_Learning\src\main\resources
2026-02-04 08:46:42,706 [Worker-10: Building] INFO  o.a.m.s.f.DefaultMavenResourcesFiltering - skip non existing resourceDirectory C:\Users\Admin\Automation MWF 8-00 to 9-30\TestNG_Learning\src\test\resources
2026-02-04 08:46:59,064 [Worker-24: Building] INFO  o.a.m.s.f.DefaultMavenResourcesFiltering - skip non existing resourceDirectory C:\Users\Admin\Automation MWF 8-00 to 9-30\TestNG_Learning\src\main\resources
2026-02-04 08:46:59,065 [Worker-24: Building] INFO  o.a.m.s.f.DefaultMavenResourcesFiltering - skip non existing resourceDirectory C:\Users\Admin\Automation MWF 8-00 to 9-30\TestNG_Learning\src\test\resources
2026-02-04 08:47:05,508 [Worker-20: Building] INFO  o.a.m.s.f.DefaultMavenResourcesFiltering - skip non existing resourceDirectory C:\Users\Admin\Automation MWF 8-00 to 9-30\TestNG_Learning\src\main\resources
2026-02-04 08:47:05,510 [Worker-20: Building] INFO  o.a.m.s.f.DefaultMavenResourcesFiltering - skip non existing resourceDirectory C:\Users\Admin\Automation MWF 8-00 to 9-30\TestNG_Learning\src\test\resources
2026-02-04 08:47:51,202 [Worker-10: Building] INFO  o.a.m.s.f.DefaultMavenResourcesFiltering - skip non existing resourceDirectory C:\Users\Admin\Automation MWF 8-00 to 9-30\TestNG_Learning\src\main\resources
2026-02-04 08:47:51,204 [Worker-10: Building] INFO  o.a.m.s.f.DefaultMavenResourcesFiltering - skip non existing resourceDirectory C:\Users\Admin\Automation MWF 8-00 to 9-30\TestNG_Learning\src\test\resources
2026-02-04 08:48:24,465 [Worker-17: Building] INFO  o.a.m.s.f.DefaultMavenResourcesFiltering - skip non existing resourceDirectory C:\Users\Admin\Automation MWF 8-00 to 9-30\TestNG_Learning\src\main\resources
2026-02-04 08:48:24,467 [Worker-17: Building] INFO  o.a.m.s.f.DefaultMavenResourcesFiltering - skip non existing resourceDirectory C:\Users\Admin\Automation MWF 8-00 to 9-30\TestNG_Learning\src\test\resources
2026-02-04 08:48:29,466 [Worker-3: Building] INFO  o.a.m.s.f.DefaultMavenResourcesFiltering - skip non existing resourceDirectory C:\Users\Admin\Automation MWF 8-00 to 9-30\TestNG_Learning\src\main\resources
2026-02-04 08:48:29,468 [Worker-3: Building] INFO  o.a.m.s.f.DefaultMavenResourcesFiltering - skip non existing resourceDirectory C:\Users\Admin\Automation MWF 8-00 to 9-30\TestNG_Learning\src\test\resources
2026-02-04 08:50:22,288 [Worker-24: Building] INFO  o.a.m.s.f.DefaultMavenResourcesFiltering - skip non existing resourceDirectory C:\Users\Admin\Automation MWF 8-00 to 9-30\TestNG_Learning\src\main\resources
2026-02-04 08:50:22,291 [Worker-24: Building] INFO  o.a.m.s.f.DefaultMavenResourcesFiltering - skip non existing resourceDirectory C:\Users\Admin\Automation MWF 8-00 to 9-30\TestNG_Learning\src\test\resources
2026-02-06 08:30:41,330 [Worker-4: Loading available Gradle versions] INFO  o.e.b.c.i.u.g.PublishedGradleVersions - Gradle version information cache is out-of-date. Trying to update.
2026-02-06 08:36:37,326 [Worker-0: Building] INFO  o.a.m.s.f.DefaultMavenResourcesFiltering - skip non existing resourceDirectory C:\Users\Admin\Automation MWF 8-00 to 9-30\TestNG_Learning\src\main\resources
2026-02-06 08:36:37,336 [Worker-0: Building] INFO  o.a.m.s.f.DefaultMavenResourcesFiltering - skip non existing resourceDirectory C:\Users\Admin\Automation MWF 8-00 to 9-30\TestNG_Learning\src\test\resources
2026-02-06 08:36:43,298 [Worker-25: Building] INFO  o.a.m.s.f.DefaultMavenResourcesFiltering - skip non existing resourceDirectory C:\Users\Admin\Automation MWF 8-00 to 9-30\TestNG_Learning\src\main\resources
2026-02-06 08:36:43,301 [Worker-25: Building] INFO  o.a.m.s.f.DefaultMavenResourcesFiltering - skip non existing resourceDirectory C:\Users\Admin\Automation MWF 8-00 to 9-30\TestNG_Learning\src\test\resources
2026-02-06 08:37:16,646 [Worker-27: Building] INFO  o.a.m.s.f.DefaultMavenResourcesFiltering - skip non existing resourceDirectory C:\Users\Admin\Automation MWF 8-00 to 9-30\TestNG_Learning\src\main\resources
2026-02-06 08:37:16,650 [Worker-27: Building] INFO  o.a.m.s.f.DefaultMavenResourcesFiltering - skip non existing resourceDirectory C:\Users\Admin\Automation MWF 8-00 to 9-30\TestNG_Learning\src\test\resources
2026-02-06 08:37:28,367 [Worker-8: Building] INFO  o.a.m.s.f.DefaultMavenResourcesFiltering - skip non existing resourceDirectory C:\Users\Admin\Automation MWF 8-00 to 9-30\TestNG_Learning\src\main\resources
2026-02-06 08:37:28,369 [Worker-8: Building] INFO  o.a.m.s.f.DefaultMavenResourcesFiltering - skip non existing resourceDirectory C:\Users\Admin\Automation MWF 8-00 to 9-30\TestNG_Learning\src\test\resources
2026-02-06 08:37:29,457 [Worker-27: Building] INFO  o.a.m.s.f.DefaultMavenResourcesFiltering - skip non existing resourceDirectory C:\Users\Admin\Automation MWF 8-00 to 9-30\TestNG_Learning\src\main\resources
2026-02-06 08:37:29,459 [Worker-27: Building] INFO  o.a.m.s.f.DefaultMavenResourcesFiltering - skip non existing resourceDirectory C:\Users\Admin\Automation MWF 8-00 to 9-30\TestNG_Learning\src\test\resources
2026-02-06 08:37:36,705 [Worker-25: Building] INFO  o.a.m.s.f.DefaultMavenResourcesFiltering - skip non existing resourceDirectory C:\Users\Admin\Automation MWF 8-00 to 9-30\TestNG_Learning\src\main\resources
2026-02-06 08:37:36,708 [Worker-25: Building] INFO  o.a.m.s.f.DefaultMavenResourcesFiltering - skip non existing resourceDirectory C:\Users\Admin\Automation MWF 8-00 to 9-30\TestNG_Learning\src\test\resources
2026-02-06 08:38:32,757 [Worker-8: Building] INFO  o.a.m.s.f.DefaultMavenResourcesFiltering - skip non existing resourceDirectory C:\Users\Admin\Automation MWF 8-00 to 9-30\TestNG_Learning\src\main\resources
2026-02-06 08:38:32,759 [Worker-8: Building] INFO  o.a.m.s.f.DefaultMavenResourcesFiltering - skip non existing resourceDirectory C:\Users\Admin\Automation MWF 8-00 to 9-30\TestNG_Learning\src\test\resources
2026-02-06 08:38:53,307 [Worker-8: Building] INFO  o.a.m.s.f.DefaultMavenResourcesFiltering - skip non existing resourceDirectory C:\Users\Admin\Automation MWF 8-00 to 9-30\TestNG_Learning\src\main\resources
2026-02-06 08:38:53,310 [Worker-8: Building] INFO  o.a.m.s.f.DefaultMavenResourcesFiltering - skip non existing resourceDirectory C:\Users\Admin\Automation MWF 8-00 to 9-30\TestNG_Learning\src\test\resources
2026-02-06 08:40:04,078 [Worker-25: Building] INFO  o.a.m.s.f.DefaultMavenResourcesFiltering - skip non existing resourceDirectory C:\Users\Admin\Automation MWF 8-00 to 9-30\TestNG_Learning\src\main\resources
2026-02-06 08:40:04,081 [Worker-25: Building] INFO  o.a.m.s.f.DefaultMavenResourcesFiltering - skip non existing resourceDirectory C:\Users\Admin\Automation MWF 8-00 to 9-30\TestNG_Learning\src\test\resources
2026-02-06 08:40:24,175 [Worker-26: Building] INFO  o.a.m.s.f.DefaultMavenResourcesFiltering - skip non existing resourceDirectory C:\Users\Admin\Automation MWF 8-00 to 9-30\TestNG_Learning\src\main\resources
2026-02-06 08:40:24,177 [Worker-26: Building] INFO  o.a.m.s.f.DefaultMavenResourcesFiltering - skip non existing resourceDirectory C:\Users\Admin\Automation MWF 8-00 to 9-30\TestNG_Learning\src\test\resources
2026-02-06 08:40:39,889 [Worker-28: Building] INFO  o.a.m.s.f.DefaultMavenResourcesFiltering - skip non existing resourceDirectory C:\Users\Admin\Automation MWF 8-00 to 9-30\TestNG_Learning\src\main\resources
2026-02-06 08:40:39,891 [Worker-28: Building] INFO  o.a.m.s.f.DefaultMavenResourcesFiltering - skip non existing resourceDirectory C:\Users\Admin\Automation MWF 8-00 to 9-30\TestNG_Learning\src\test\resources
2026-02-06 08:40:51,332 [Worker-24: Building] INFO  o.a.m.s.f.DefaultMavenResourcesFiltering - skip non existing resourceDirectory C:\Users\Admin\Automation MWF 8-00 to 9-30\TestNG_Learning\src\main\resources
2026-02-06 08:40:51,333 [Worker-24: Building] INFO  o.a.m.s.f.DefaultMavenResourcesFiltering - skip non existing resourceDirectory C:\Users\Admin\Automation MWF 8-00 to 9-30\TestNG_Learning\src\test\resources
2026-02-06 08:40:52,431 [Worker-28: Building] INFO  o.a.m.s.f.DefaultMavenResourcesFiltering - skip non existing resourceDirectory C:\Users\Admin\Automation MWF 8-00 to 9-30\TestNG_Learning\src\main\resources
2026-02-06 08:40:52,433 [Worker-28: Building] INFO  o.a.m.s.f.DefaultMavenResourcesFiltering - skip non existing resourceDirectory C:\Users\Admin\Automation MWF 8-00 to 9-30\TestNG_Learning\src\test\resources
2026-02-06 08:41:29,718 [Worker-8: Building] INFO  o.a.m.s.f.DefaultMavenResourcesFiltering - skip non existing resourceDirectory C:\Users\Admin\Automation MWF 8-00 to 9-30\TestNG_Learning\src\main\resources
2026-02-06 08:41:29,721 [Worker-8: Building] INFO  o.a.m.s.f.DefaultMavenResourcesFiltering - skip non existing resourceDirectory C:\Users\Admin\Automation MWF 8-00 to 9-30\TestNG_Learning\src\test\resources
2026-02-06 08:42:15,143 [Worker-27: Building] INFO  o.a.m.s.f.DefaultMavenResourcesFiltering - skip non existing resourceDirectory C:\Users\Admin\Automation MWF 8-00 to 9-30\TestNG_Learning\src\main\resources
2026-02-06 08:42:15,146 [Worker-27: Building] INFO  o.a.m.s.f.DefaultMavenResourcesFiltering - skip non existing resourceDirectory C:\Users\Admin\Automation MWF 8-00 to 9-30\TestNG_Learning\src\test\resources
2026-02-06 08:42:33,909 [Worker-28: Building] INFO  o.a.m.s.f.DefaultMavenResourcesFiltering - skip non existing resourceDirectory C:\Users\Admin\Automation MWF 8-00 to 9-30\TestNG_Learning\src\main\resources
2026-02-06 08:42:33,911 [Worker-28: Building] INFO  o.a.m.s.f.DefaultMavenResourcesFiltering - skip non existing resourceDirectory C:\Users\Admin\Automation MWF 8-00 to 9-30\TestNG_Learning\src\test\resources
2026-02-06 08:42:47,682 [Worker-24: Building] INFO  o.a.m.s.f.DefaultMavenResourcesFiltering - skip non existing resourceDirectory C:\Users\Admin\Automation MWF 8-00 to 9-30\TestNG_Learning\src\main\resources
2026-02-06 08:42:47,684 [Worker-24: Building] INFO  o.a.m.s.f.DefaultMavenResourcesFiltering - skip non existing resourceDirectory C:\Users\Admin\Automation MWF 8-00 to 9-30\TestNG_Learning\src\test\resources
2026-02-06 08:42:48,746 [Worker-26: Building] INFO  o.a.m.s.f.DefaultMavenResourcesFiltering - skip non existing resourceDirectory C:\Users\Admin\Automation MWF 8-00 to 9-30\TestNG_Learning\src\main\resources
2026-02-06 08:42:48,748 [Worker-26: Building] INFO  o.a.m.s.f.DefaultMavenResourcesFiltering - skip non existing resourceDirectory C:\Users\Admin\Automation MWF 8-00 to 9-30\TestNG_Learning\src\test\resources
2026-02-06 08:44:16,970 [Worker-26: Building] INFO  o.a.m.s.f.DefaultMavenResourcesFiltering - skip non existing resourceDirectory C:\Users\Admin\Automation MWF 8-00 to 9-30\TestNG_Learning\src\main\resources
2026-02-06 08:44:16,973 [Worker-26: Building] INFO  o.a.m.s.f.DefaultMavenResourcesFiltering - skip non existing resourceDirectory C:\Users\Admin\Automation MWF 8-00 to 9-30\TestNG_Learning\src\test\resources
2026-02-06 08:45:46,950 [Worker-25: Building] INFO  o.e.m.c.i.l.LifecycleMappingFactory - Using org.eclipse.m2e.jdt.JarLifecycleMapping lifecycle mapping for MavenProject: basic:TestNG_Learning:0.0.1-SNAPSHOT @ C:\Users\Admin\Automation MWF 8-00 to 9-30\TestNG_Learning\pom.xml.
2026-02-06 08:45:47,370 [Worker-25: Building] INFO  o.a.m.s.f.DefaultMavenResourcesFiltering - skip non existing resourceDirectory C:\Users\Admin\Automation MWF 8-00 to 9-30\TestNG_Learning\src\main\resources
2026-02-06 08:45:47,378 [Worker-25: Building] INFO  o.a.m.s.f.DefaultMavenResourcesFiltering - skip non existing resourceDirectory C:\Users\Admin\Automation MWF 8-00 to 9-30\TestNG_Learning\src\test\resources
2026-02-06 08:45:48,962 [Worker-28: Building] INFO  o.e.m.c.i.l.LifecycleMappingFactory - Using org.eclipse.m2e.jdt.JarLifecycleMapping lifecycle mapping for MavenProject: basic:TestNG_Learning:0.0.1-SNAPSHOT @ C:\Users\Admin\Automation MWF 8-00 to 9-30\TestNG_Learning\pom.xml.
2026-02-06 08:45:49,233 [Worker-28: Building] INFO  o.a.m.s.f.DefaultMavenResourcesFiltering - skip non existing resourceDirectory C:\Users\Admin\Automation MWF 8-00 to 9-30\TestNG_Learning\src\main\resources
2026-02-06 08:45:49,236 [Worker-28: Building] INFO  o.a.m.s.f.DefaultMavenResourcesFiltering - skip non existing resourceDirectory C:\Users\Admin\Automation MWF 8-00 to 9-30\TestNG_Learning\src\test\resources
2026-02-06 08:46:52,374 [Worker-8: Building] INFO  o.a.m.s.f.DefaultMavenResourcesFiltering - skip non existing resourceDirectory C:\Users\Admin\Automation MWF 8-00 to 9-30\TestNG_Learning\src\main\resources
2026-02-06 08:46:52,377 [Worker-8: Building] INFO  o.a.m.s.f.DefaultMavenResourcesFiltering - skip non existing resourceDirectory C:\Users\Admin\Automation MWF 8-00 to 9-30\TestNG_Learning\src\test\resources
2026-02-06 08:47:17,897 [Worker-27: Building] INFO  o.a.m.s.f.DefaultMavenResourcesFiltering - skip non existing resourceDirectory C:\Users\Admin\Automation MWF 8-00 to 9-30\TestNG_Learning\src\main\resources
2026-02-06 08:47:17,899 [Worker-27: Building] INFO  o.a.m.s.f.DefaultMavenResourcesFiltering - skip non existing resourceDirectory C:\Users\Admin\Automation MWF 8-00 to 9-30\TestNG_Learning\src\test\resources
2026-02-06 08:47:25,268 [Worker-25: Building] INFO  o.a.m.s.f.DefaultMavenResourcesFiltering - skip non existing resourceDirectory C:\Users\Admin\Automation MWF 8-00 to 9-30\TestNG_Learning\src\main\resources
2026-02-06 08:47:25,270 [Worker-25: Building] INFO  o.a.m.s.f.DefaultMavenResourcesFiltering - skip non existing resourceDirectory C:\Users\Admin\Automation MWF 8-00 to 9-30\TestNG_Learning\src\test\resources
2026-02-06 08:47:31,515 [Worker-28: Building] INFO  o.a.m.s.f.DefaultMavenResourcesFiltering - skip non existing resourceDirectory C:\Users\Admin\Automation MWF 8-00 to 9-30\TestNG_Learning\src\main\resources
2026-02-06 08:47:31,517 [Worker-28: Building] INFO  o.a.m.s.f.DefaultMavenResourcesFiltering - skip non existing resourceDirectory C:\Users\Admin\Automation MWF 8-00 to 9-30\TestNG_Learning\src\test\resources
2026-02-06 08:47:32,985 [Worker-27: Building] INFO  o.a.m.s.f.DefaultMavenResourcesFiltering - skip non existing resourceDirectory C:\Users\Admin\Automation MWF 8-00 to 9-30\TestNG_Learning\src\main\resources
2026-02-06 08:47:32,986 [Worker-27: Building] INFO  o.a.m.s.f.DefaultMavenResourcesFiltering - skip non existing resourceDirectory C:\Users\Admin\Automation MWF 8-00 to 9-30\TestNG_Learning\src\test\resources
2026-02-06 08:47:45,322 [Worker-27: Building] INFO  o.a.m.s.f.DefaultMavenResourcesFiltering - skip non existing resourceDirectory C:\Users\Admin\Automation MWF 8-00 to 9-30\TestNG_Learning\src\main\resources
2026-02-06 08:47:45,324 [Worker-27: Building] INFO  o.a.m.s.f.DefaultMavenResourcesFiltering - skip non existing resourceDirectory C:\Users\Admin\Automation MWF 8-00 to 9-30\TestNG_Learning\src\test\resources
2026-02-06 08:48:11,006 [Worker-0: Building] INFO  o.a.m.s.f.DefaultMavenResourcesFiltering - skip non existing resourceDirectory C:\Users\Admin\Automation MWF 8-00 to 9-30\TestNG_Learning\src\main\resources
2026-02-06 08:48:11,008 [Worker-0: Building] INFO  o.a.m.s.f.DefaultMavenResourcesFiltering - skip non existing resourceDirectory C:\Users\Admin\Automation MWF 8-00 to 9-30\TestNG_Learning\src\test\resources
2026-02-06 08:48:12,046 [Worker-26: Building] INFO  o.a.m.s.f.DefaultMavenResourcesFiltering - skip non existing resourceDirectory C:\Users\Admin\Automation MWF 8-00 to 9-30\TestNG_Learning\src\main\resources
2026-02-06 08:48:12,048 [Worker-26: Building] INFO  o.a.m.s.f.DefaultMavenResourcesFiltering - skip non existing resourceDirectory C:\Users\Admin\Automation MWF 8-00 to 9-30\TestNG_Learning\src\test\resources
2026-02-06 08:49:30,869 [Worker-0: Building] INFO  o.a.m.s.f.DefaultMavenResourcesFiltering - skip non existing resourceDirectory C:\Users\Admin\Automation MWF 8-00 to 9-30\TestNG_Learning\src\main\resources
2026-02-06 08:49:30,870 [Worker-0: Building] INFO  o.a.m.s.f.DefaultMavenResourcesFiltering - skip non existing resourceDirectory C:\Users\Admin\Automation MWF 8-00 to 9-30\TestNG_Learning\src\test\resources
2026-02-06 08:49:31,914 [Worker-0: Building] INFO  o.a.m.s.f.DefaultMavenResourcesFiltering - skip non existing resourceDirectory C:\Users\Admin\Automation MWF 8-00 to 9-30\TestNG_Learning\src\main\resources
2026-02-06 08:49:31,915 [Worker-0: Building] INFO  o.a.m.s.f.DefaultMavenResourcesFiltering - skip non existing resourceDirectory C:\Users\Admin\Automation MWF 8-00 to 9-30\TestNG_Learning\src\test\resources
2026-02-06 08:49:34,135 [Worker-8: Building] INFO  o.a.m.s.f.DefaultMavenResourcesFiltering - skip non existing resourceDirectory C:\Users\Admin\Automation MWF 8-00 to 9-30\TestNG_Learning\src\main\resources
2026-02-06 08:49:34,136 [Worker-8: Building] INFO  o.a.m.s.f.DefaultMavenResourcesFiltering - skip non existing resourceDirectory C:\Users\Admin\Automation MWF 8-00 to 9-30\TestNG_Learning\src\test\resources
2026-02-06 08:49:41,878 [Worker-24: Building] INFO  o.a.m.s.f.DefaultMavenResourcesFiltering - skip non existing resourceDirectory C:\Users\Admin\Automation MWF 8-00 to 9-30\TestNG_Learning\src\main\resources
2026-02-06 08:49:41,880 [Worker-24: Building] INFO  o.a.m.s.f.DefaultMavenResourcesFiltering - skip non existing resourceDirectory C:\Users\Admin\Automation MWF 8-00 to 9-30\TestNG_Learning\src\test\resources
2026-02-06 08:49:42,973 [Worker-0: Building] INFO  o.a.m.s.f.DefaultMavenResourcesFiltering - skip non existing resourceDirectory C:\Users\Admin\Automation MWF 8-00 to 9-30\TestNG_Learning\src\main\resources
2026-02-06 08:49:42,975 [Worker-0: Building] INFO  o.a.m.s.f.DefaultMavenResourcesFiltering - skip non existing resourceDirectory C:\Users\Admin\Automation MWF 8-00 to 9-30\TestNG_Learning\src\test\resources
2026-02-06 08:50:16,499 [Worker-0: Building] INFO  o.a.m.s.f.DefaultMavenResourcesFiltering - skip non existing resourceDirectory C:\Users\Admin\Automation MWF 8-00 to 9-30\TestNG_Learning\src\main\resources
2026-02-06 08:50:16,501 [Worker-0: Building] INFO  o.a.m.s.f.DefaultMavenResourcesFiltering - skip non existing resourceDirectory C:\Users\Admin\Automation MWF 8-00 to 9-30\TestNG_Learning\src\test\resources
2026-02-06 08:50:25,947 [Worker-29: Building] INFO  o.a.m.s.f.DefaultMavenResourcesFiltering - skip non existing resourceDirectory C:\Users\Admin\Automation MWF 8-00 to 9-30\TestNG_Learning\src\main\resources
2026-02-06 08:50:25,949 [Worker-29: Building] INFO  o.a.m.s.f.DefaultMavenResourcesFiltering - skip non existing resourceDirectory C:\Users\Admin\Automation MWF 8-00 to 9-30\TestNG_Learning\src\test\resources
2026-02-06 08:50:29,529 [Worker-29: Building] INFO  o.a.m.s.f.DefaultMavenResourcesFiltering - skip non existing resourceDirectory C:\Users\Admin\Automation MWF 8-00 to 9-30\TestNG_Learning\src\main\resources
2026-02-06 08:50:29,531 [Worker-29: Building] INFO  o.a.m.s.f.DefaultMavenResourcesFiltering - skip non existing resourceDirectory C:\Users\Admin\Automation MWF 8-00 to 9-30\TestNG_Learning\src\test\resources
2026-02-06 08:51:17,660 [Worker-27: Building] INFO  o.a.m.s.f.DefaultMavenResourcesFiltering - skip non existing resourceDirectory C:\Users\Admin\Automation MWF 8-00 to 9-30\TestNG_Learning\src\main\resources
2026-02-06 08:51:17,662 [Worker-27: Building] INFO  o.a.m.s.f.DefaultMavenResourcesFiltering - skip non existing resourceDirectory C:\Users\Admin\Automation MWF 8-00 to 9-30\TestNG_Learning\src\test\resources
2026-02-06 08:51:24,781 [Worker-27: Building] INFO  o.a.m.s.f.DefaultMavenResourcesFiltering - skip non existing resourceDirectory C:\Users\Admin\Automation MWF 8-00 to 9-30\TestNG_Learning\src\main\resources
2026-02-06 08:51:24,783 [Worker-27: Building] INFO  o.a.m.s.f.DefaultMavenResourcesFiltering - skip non existing resourceDirectory C:\Users\Admin\Automation MWF 8-00 to 9-30\TestNG_Learning\src\test\resources
2026-02-06 08:54:26,871 [Worker-0: Building] INFO  o.a.m.s.f.DefaultMavenResourcesFiltering - skip non existing resourceDirectory C:\Users\Admin\Automation MWF 8-00 to 9-30\TestNG_Learning\src\main\resources
2026-02-06 08:54:26,873 [Worker-0: Building] INFO  o.a.m.s.f.DefaultMavenResourcesFiltering - skip non existing resourceDirectory C:\Users\Admin\Automation MWF 8-00 to 9-30\TestNG_Learning\src\test\resources
2026-02-06 08:55:40,441 [Worker-0: Building] INFO  o.a.m.s.f.DefaultMavenResourcesFiltering - skip non existing resourceDirectory C:\Users\Admin\Automation MWF 8-00 to 9-30\TestNG_Learning\src\main\resources
2026-02-06 08:55:40,443 [Worker-0: Building] INFO  o.a.m.s.f.DefaultMavenResourcesFiltering - skip non existing resourceDirectory C:\Users\Admin\Automation MWF 8-00 to 9-30\TestNG_Learning\src\test\resources
2026-02-06 08:56:31,828 [Worker-32: Building] INFO  o.a.m.s.f.DefaultMavenResourcesFiltering - skip non existing resourceDirectory C:\Users\Admin\Automation MWF 8-00 to 9-30\TestNG_Learning\src\main\resources
2026-02-06 08:56:31,830 [Worker-32: Building] INFO  o.a.m.s.f.DefaultMavenResourcesFiltering - skip non existing resourceDirectory C:\Users\Admin\Automation MWF 8-00 to 9-30\TestNG_Learning\src\test\resources
2026-02-06 08:56:46,362 [Worker-26: Building] INFO  o.a.m.s.f.DefaultMavenResourcesFiltering - skip non existing resourceDirectory C:\Users\Admin\Automation MWF 8-00 to 9-30\TestNG_Learning\src\main\resources
2026-02-06 08:56:46,364 [Worker-26: Building] INFO  o.a.m.s.f.DefaultMavenResourcesFiltering - skip non existing resourceDirectory C:\Users\Admin\Automation MWF 8-00 to 9-30\TestNG_Learning\src\test\resources
2026-02-06 08:57:01,612 [Worker-0: Building] INFO  o.a.m.s.f.DefaultMavenResourcesFiltering - skip non existing resourceDirectory C:\Users\Admin\Automation MWF 8-00 to 9-30\TestNG_Learning\src\main\resources
2026-02-06 08:57:01,613 [Worker-0: Building] INFO  o.a.m.s.f.DefaultMavenResourcesFiltering - skip non existing resourceDirectory C:\Users\Admin\Automation MWF 8-00 to 9-30\TestNG_Learning\src\test\resources
2026-02-06 08:57:06,189 [Worker-31: Building] INFO  o.a.m.s.f.DefaultMavenResourcesFiltering - skip non existing resourceDirectory C:\Users\Admin\Automation MWF 8-00 to 9-30\TestNG_Learning\src\main\resources
2026-02-06 08:57:06,190 [Worker-31: Building] INFO  o.a.m.s.f.DefaultMavenResourcesFiltering - skip non existing resourceDirectory C:\Users\Admin\Automation MWF 8-00 to 9-30\TestNG_Learning\src\test\resources
2026-02-06 08:57:27,997 [Worker-0: Building] INFO  o.a.m.s.f.DefaultMavenResourcesFiltering - skip non existing resourceDirectory C:\Users\Admin\Automation MWF 8-00 to 9-30\TestNG_Learning\src\main\resources
2026-02-06 08:57:27,999 [Worker-0: Building] INFO  o.a.m.s.f.DefaultMavenResourcesFiltering - skip non existing resourceDirectory C:\Users\Admin\Automation MWF 8-00 to 9-30\TestNG_Learning\src\test\resources
2026-02-06 08:58:00,412 [Worker-0: Building] INFO  o.a.m.s.f.DefaultMavenResourcesFiltering - skip non existing resourceDirectory C:\Users\Admin\Automation MWF 8-00 to 9-30\TestNG_Learning\src\main\resources
2026-02-06 08:58:00,414 [Worker-0: Building] INFO  o.a.m.s.f.DefaultMavenResourcesFiltering - skip non existing resourceDirectory C:\Users\Admin\Automation MWF 8-00 to 9-30\TestNG_Learning\src\test\resources
2026-02-06 08:58:02,469 [Worker-24: Building] INFO  o.a.m.s.f.DefaultMavenResourcesFiltering - skip non existing resourceDirectory C:\Users\Admin\Automation MWF 8-00 to 9-30\TestNG_Learning\src\main\resources
2026-02-06 08:58:02,472 [Worker-24: Building] INFO  o.a.m.s.f.DefaultMavenResourcesFiltering - skip non existing resourceDirectory C:\Users\Admin\Automation MWF 8-00 to 9-30\TestNG_Learning\src\test\resources
2026-02-06 08:59:09,194 [Worker-27: Building] INFO  o.a.m.s.f.DefaultMavenResourcesFiltering - skip non existing resourceDirectory C:\Users\Admin\Automation MWF 8-00 to 9-30\TestNG_Learning\src\main\resources
2026-02-06 08:59:09,196 [Worker-27: Building] INFO  o.a.m.s.f.DefaultMavenResourcesFiltering - skip non existing resourceDirectory C:\Users\Admin\Automation MWF 8-00 to 9-30\TestNG_Learning\src\test\resources
2026-02-06 08:59:15,896 [Worker-32: Building] INFO  o.a.m.s.f.DefaultMavenResourcesFiltering - skip non existing resourceDirectory C:\Users\Admin\Automation MWF 8-00 to 9-30\TestNG_Learning\src\main\resources
2026-02-06 08:59:15,897 [Worker-32: Building] INFO  o.a.m.s.f.DefaultMavenResourcesFiltering - skip non existing resourceDirectory C:\Users\Admin\Automation MWF 8-00 to 9-30\TestNG_Learning\src\test\resources
2026-02-06 08:59:18,541 [Worker-32: Building] INFO  o.a.m.s.f.DefaultMavenResourcesFiltering - skip non existing resourceDirectory C:\Users\Admin\Automation MWF 8-00 to 9-30\TestNG_Learning\src\main\resources
2026-02-06 08:59:18,542 [Worker-32: Building] INFO  o.a.m.s.f.DefaultMavenResourcesFiltering - skip non existing resourceDirectory C:\Users\Admin\Automation MWF 8-00 to 9-30\TestNG_Learning\src\test\resources
2026-02-06 08:59:19,648 [Worker-32: Building] INFO  o.a.m.s.f.DefaultMavenResourcesFiltering - skip non existing resourceDirectory C:\Users\Admin\Automation MWF 8-00 to 9-30\TestNG_Learning\src\main\resources
2026-02-06 08:59:19,649 [Worker-32: Building] INFO  o.a.m.s.f.DefaultMavenResourcesFiltering - skip non existing resourceDirectory C:\Users\Admin\Automation MWF 8-00 to 9-30\TestNG_Learning\src\test\resources
2026-02-06 09:00:05,945 [Worker-0: Building] INFO  o.a.m.s.f.DefaultMavenResourcesFiltering - skip non existing resourceDirectory C:\Users\Admin\Automation MWF 8-00 to 9-30\TestNG_Learning\src\main\resources
2026-02-06 09:00:05,947 [Worker-0: Building] INFO  o.a.m.s.f.DefaultMavenResourcesFiltering - skip non existing resourceDirectory C:\Users\Admin\Automation MWF 8-00 to 9-30\TestNG_Learning\src\test\resources
2026-02-06 09:00:20,752 [Worker-0: Building] INFO  o.a.m.s.f.DefaultMavenResourcesFiltering - skip non existing resourceDirectory C:\Users\Admin\Automation MWF 8-00 to 9-30\TestNG_Learning\src\main\resources
2026-02-06 09:00:20,753 [Worker-0: Building] INFO  o.a.m.s.f.DefaultMavenResourcesFiltering - skip non existing resourceDirectory C:\Users\Admin\Automation MWF 8-00 to 9-30\TestNG_Learning\src\test\resources
2026-02-06 09:00:22,853 [Worker-31: Building] INFO  o.a.m.s.f.DefaultMavenResourcesFiltering - skip non existing resourceDirectory C:\Users\Admin\Automation MWF 8-00 to 9-30\TestNG_Learning\src\main\resources
2026-02-06 09:00:22,854 [Worker-31: Building] INFO  o.a.m.s.f.DefaultMavenResourcesFiltering - skip non existing resourceDirectory C:\Users\Admin\Automation MWF 8-00 to 9-30\TestNG_Learning\src\test\resources
2026-02-06 09:00:37,174 [Worker-0: Building] INFO  o.a.m.s.f.DefaultMavenResourcesFiltering - skip non existing resourceDirectory C:\Users\Admin\Automation MWF 8-00 to 9-30\TestNG_Learning\src\main\resources
2026-02-06 09:00:37,176 [Worker-0: Building] INFO  o.a.m.s.f.DefaultMavenResourcesFiltering - skip non existing resourceDirectory C:\Users\Admin\Automation MWF 8-00 to 9-30\TestNG_Learning\src\test\resources
2026-02-06 09:01:37,193 [Worker-31: Building] INFO  o.a.m.s.f.DefaultMavenResourcesFiltering - skip non existing resourceDirectory C:\Users\Admin\Automation MWF 8-00 to 9-30\TestNG_Learning\src\main\resources
2026-02-06 09:01:37,195 [Worker-31: Building] INFO  o.a.m.s.f.DefaultMavenResourcesFiltering - skip non existing resourceDirectory C:\Users\Admin\Automation MWF 8-00 to 9-30\TestNG_Learning\src\test\resources
2026-02-06 09:01:38,238 [Worker-24: Building] INFO  o.a.m.s.f.DefaultMavenResourcesFiltering - skip non existing resourceDirectory C:\Users\Admin\Automation MWF 8-00 to 9-30\TestNG_Learning\src\main\resources
2026-02-06 09:01:38,239 [Worker-24: Building] INFO  o.a.m.s.f.DefaultMavenResourcesFiltering - skip non existing resourceDirectory C:\Users\Admin\Automation MWF 8-00 to 9-30\TestNG_Learning\src\test\resources
2026-02-06 09:01:50,490 [Worker-0: Building] INFO  o.a.m.s.f.DefaultMavenResourcesFiltering - skip non existing resourceDirectory C:\Users\Admin\Automation MWF 8-00 to 9-30\TestNG_Learning\src\main\resources
2026-02-06 09:01:50,492 [Worker-0: Building] INFO  o.a.m.s.f.DefaultMavenResourcesFiltering - skip non existing resourceDirectory C:\Users\Admin\Automation MWF 8-00 to 9-30\TestNG_Learning\src\test\resources
2026-02-06 09:02:13,547 [Worker-27: Building] INFO  o.a.m.s.f.DefaultMavenResourcesFiltering - skip non existing resourceDirectory C:\Users\Admin\Automation MWF 8-00 to 9-30\TestNG_Learning\src\main\resources
2026-02-06 09:02:13,549 [Worker-27: Building] INFO  o.a.m.s.f.DefaultMavenResourcesFiltering - skip non existing resourceDirectory C:\Users\Admin\Automation MWF 8-00 to 9-30\TestNG_Learning\src\test\resources
2026-02-06 09:02:16,384 [Worker-33: Building] INFO  o.a.m.s.f.DefaultMavenResourcesFiltering - skip non existing resourceDirectory C:\Users\Admin\Automation MWF 8-00 to 9-30\TestNG_Learning\src\main\resources
2026-02-06 09:02:16,386 [Worker-33: Building] INFO  o.a.m.s.f.DefaultMavenResourcesFiltering - skip non existing resourceDirectory C:\Users\Admin\Automation MWF 8-00 to 9-30\TestNG_Learning\src\test\resources
2026-02-06 09:02:31,655 [Worker-0: Building] INFO  o.a.m.s.f.DefaultMavenResourcesFiltering - skip non existing resourceDirectory C:\Users\Admin\Automation MWF 8-00 to 9-30\TestNG_Learning\src\main\resources
2026-02-06 09:02:31,656 [Worker-0: Building] INFO  o.a.m.s.f.DefaultMavenResourcesFiltering - skip non existing resourceDirectory C:\Users\Admin\Automation MWF 8-00 to 9-30\TestNG_Learning\src\test\resources
2026-02-06 09:02:32,900 [Worker-31: Building] INFO  o.a.m.s.f.DefaultMavenResourcesFiltering - skip non existing resourceDirectory C:\Users\Admin\Automation MWF 8-00 to 9-30\TestNG_Learning\src\main\resources
2026-02-06 09:02:32,901 [Worker-31: Building] INFO  o.a.m.s.f.DefaultMavenResourcesFiltering - skip non existing resourceDirectory C:\Users\Admin\Automation MWF 8-00 to 9-30\TestNG_Learning\src\test\resources
2026-02-06 09:02:53,488 [Worker-32: Building] INFO  o.a.m.s.f.DefaultMavenResourcesFiltering - skip non existing resourceDirectory C:\Users\Admin\Automation MWF 8-00 to 9-30\TestNG_Learning\src\main\resources
2026-02-06 09:02:53,490 [Worker-32: Building] INFO  o.a.m.s.f.DefaultMavenResourcesFiltering - skip non existing resourceDirectory C:\Users\Admin\Automation MWF 8-00 to 9-30\TestNG_Learning\src\test\resources
2026-02-06 09:03:18,299 [Worker-31: Building] INFO  o.a.m.s.f.DefaultMavenResourcesFiltering - skip non existing resourceDirectory C:\Users\Admin\Automation MWF 8-00 to 9-30\TestNG_Learning\src\main\resources
2026-02-06 09:03:18,300 [Worker-31: Building] INFO  o.a.m.s.f.DefaultMavenResourcesFiltering - skip non existing resourceDirectory C:\Users\Admin\Automation MWF 8-00 to 9-30\TestNG_Learning\src\test\resources
2026-02-06 09:03:40,253 [Worker-0: Building] INFO  o.a.m.s.f.DefaultMavenResourcesFiltering - skip non existing resourceDirectory C:\Users\Admin\Automation MWF 8-00 to 9-30\TestNG_Learning\src\main\resources
2026-02-06 09:03:40,257 [Worker-0: Building] INFO  o.a.m.s.f.DefaultMavenResourcesFiltering - skip non existing resourceDirectory C:\Users\Admin\Automation MWF 8-00 to 9-30\TestNG_Learning\src\test\resources
2026-02-06 09:03:43,089 [Worker-31: Building] INFO  o.a.m.s.f.DefaultMavenResourcesFiltering - skip non existing resourceDirectory C:\Users\Admin\Automation MWF 8-00 to 9-30\TestNG_Learning\src\main\resources
2026-02-06 09:03:43,090 [Worker-31: Building] INFO  o.a.m.s.f.DefaultMavenResourcesFiltering - skip non existing resourceDirectory C:\Users\Admin\Automation MWF 8-00 to 9-30\TestNG_Learning\src\test\resources
2026-02-06 09:03:46,669 [Worker-31: Building] INFO  o.a.m.s.f.DefaultMavenResourcesFiltering - skip non existing resourceDirectory C:\Users\Admin\Automation MWF 8-00 to 9-30\TestNG_Learning\src\main\resources
2026-02-06 09:03:46,671 [Worker-31: Building] INFO  o.a.m.s.f.DefaultMavenResourcesFiltering - skip non existing resourceDirectory C:\Users\Admin\Automation MWF 8-00 to 9-30\TestNG_Learning\src\test\resources
2026-02-06 09:05:31,060 [Worker-34: Building] INFO  o.a.m.s.f.DefaultMavenResourcesFiltering - skip non existing resourceDirectory C:\Users\Admin\Automation MWF 8-00 to 9-30\TestNG_Learning\src\main\resources
2026-02-06 09:05:31,062 [Worker-34: Building] INFO  o.a.m.s.f.DefaultMavenResourcesFiltering - skip non existing resourceDirectory C:\Users\Admin\Automation MWF 8-00 to 9-30\TestNG_Learning\src\test\resources
2026-02-06 09:06:25,295 [Worker-26: Building] INFO  o.a.m.s.f.DefaultMavenResourcesFiltering - skip non existing resourceDirectory C:\Users\Admin\Automation MWF 8-00 to 9-30\TestNG_Learning\src\main\resources
2026-02-06 09:06:25,297 [Worker-26: Building] INFO  o.a.m.s.f.DefaultMavenResourcesFiltering - skip non existing resourceDirectory C:\Users\Admin\Automation MWF 8-00 to 9-30\TestNG_Learning\src\test\resources
2026-02-06 09:07:40,093 [Worker-24: Building] INFO  o.a.m.s.f.DefaultMavenResourcesFiltering - skip non existing resourceDirectory C:\Users\Admin\Automation MWF 8-00 to 9-30\TestNG_Learning\src\main\resources
2026-02-06 09:07:40,094 [Worker-24: Building] INFO  o.a.m.s.f.DefaultMavenResourcesFiltering - skip non existing resourceDirectory C:\Users\Admin\Automation MWF 8-00 to 9-30\TestNG_Learning\src\test\resources
2026-02-06 09:07:44,021 [Worker-27: Building] INFO  o.a.m.s.f.DefaultMavenResourcesFiltering - skip non existing resourceDirectory C:\Users\Admin\Automation MWF 8-00 to 9-30\TestNG_Learning\src\main\resources
2026-02-06 09:07:44,022 [Worker-27: Building] INFO  o.a.m.s.f.DefaultMavenResourcesFiltering - skip non existing resourceDirectory C:\Users\Admin\Automation MWF 8-00 to 9-30\TestNG_Learning\src\test\resources
2026-02-06 09:07:50,566 [Worker-35: Building] INFO  o.a.m.s.f.DefaultMavenResourcesFiltering - skip non existing resourceDirectory C:\Users\Admin\Automation MWF 8-00 to 9-30\TestNG_Learning\src\main\resources
2026-02-06 09:07:50,567 [Worker-35: Building] INFO  o.a.m.s.f.DefaultMavenResourcesFiltering - skip non existing resourceDirectory C:\Users\Admin\Automation MWF 8-00 to 9-30\TestNG_Learning\src\test\resources
2026-02-06 09:08:06,615 [Worker-31: Building] INFO  o.a.m.s.f.DefaultMavenResourcesFiltering - skip non existing resourceDirectory C:\Users\Admin\Automation MWF 8-00 to 9-30\TestNG_Learning\src\main\resources
2026-02-06 09:08:06,616 [Worker-31: Building] INFO  o.a.m.s.f.DefaultMavenResourcesFiltering - skip non existing resourceDirectory C:\Users\Admin\Automation MWF 8-00 to 9-30\TestNG_Learning\src\test\resources
2026-02-06 09:08:30,820 [Worker-34: Building] INFO  o.a.m.s.f.DefaultMavenResourcesFiltering - skip non existing resourceDirectory C:\Users\Admin\Automation MWF 8-00 to 9-30\TestNG_Learning\src\main\resources
2026-02-06 09:08:30,821 [Worker-34: Building] INFO  o.a.m.s.f.DefaultMavenResourcesFiltering - skip non existing resourceDirectory C:\Users\Admin\Automation MWF 8-00 to 9-30\TestNG_Learning\src\test\resources
2026-02-06 09:09:22,453 [Worker-31: Building] INFO  o.a.m.s.f.DefaultMavenResourcesFiltering - skip non existing resourceDirectory C:\Users\Admin\Automation MWF 8-00 to 9-30\TestNG_Learning\src\main\resources
2026-02-06 09:09:22,455 [Worker-31: Building] INFO  o.a.m.s.f.DefaultMavenResourcesFiltering - skip non existing resourceDirectory C:\Users\Admin\Automation MWF 8-00 to 9-30\TestNG_Learning\src\test\resources
2026-02-06 09:09:49,982 [Worker-24: Building] INFO  o.a.m.s.f.DefaultMavenResourcesFiltering - skip non existing resourceDirectory C:\Users\Admin\Automation MWF 8-00 to 9-30\TestNG_Learning\src\main\resources
2026-02-06 09:09:49,984 [Worker-24: Building] INFO  o.a.m.s.f.DefaultMavenResourcesFiltering - skip non existing resourceDirectory C:\Users\Admin\Automation MWF 8-00 to 9-30\TestNG_Learning\src\test\resources
2026-02-06 09:10:32,455 [Worker-27: Building] INFO  o.a.m.s.f.DefaultMavenResourcesFiltering - skip non existing resourceDirectory C:\Users\Admin\Automation MWF 8-00 to 9-30\TestNG_Learning\src\main\resources
2026-02-06 09:10:32,458 [Worker-27: Building] INFO  o.a.m.s.f.DefaultMavenResourcesFiltering - skip non existing resourceDirectory C:\Users\Admin\Automation MWF 8-00 to 9-30\TestNG_Learning\src\test\resources
2026-02-06 09:11:05,614 [Worker-34: Building] INFO  o.a.m.s.f.DefaultMavenResourcesFiltering - skip non existing resourceDirectory C:\Users\Admin\Automation MWF 8-00 to 9-30\TestNG_Learning\src\main\resources
2026-02-06 09:11:05,617 [Worker-34: Building] INFO  o.a.m.s.f.DefaultMavenResourcesFiltering - skip non existing resourceDirectory C:\Users\Admin\Automation MWF 8-00 to 9-30\TestNG_Learning\src\test\resources
2026-02-06 09:11:18,010 [Worker-34: Building] INFO  o.a.m.s.f.DefaultMavenResourcesFiltering - skip non existing resourceDirectory C:\Users\Admin\Automation MWF 8-00 to 9-30\TestNG_Learning\src\main\resources
2026-02-06 09:11:18,011 [Worker-34: Building] INFO  o.a.m.s.f.DefaultMavenResourcesFiltering - skip non existing resourceDirectory C:\Users\Admin\Automation MWF 8-00 to 9-30\TestNG_Learning\src\test\resources
2026-02-06 09:11:58,308 [Worker-27: Building] INFO  o.a.m.s.f.DefaultMavenResourcesFiltering - skip non existing resourceDirectory C:\Users\Admin\Automation MWF 8-00 to 9-30\TestNG_Learning\src\main\resources
2026-02-06 09:11:58,310 [Worker-27: Building] INFO  o.a.m.s.f.DefaultMavenResourcesFiltering - skip non existing resourceDirectory C:\Users\Admin\Automation MWF 8-00 to 9-30\TestNG_Learning\src\test\resources
2026-02-06 09:12:54,878 [Worker-31: Building] INFO  o.a.m.s.f.DefaultMavenResourcesFiltering - skip non existing resourceDirectory C:\Users\Admin\Automation MWF 8-00 to 9-30\TestNG_Learning\src\main\resources
2026-02-06 09:12:54,879 [Worker-31: Building] INFO  o.a.m.s.f.DefaultMavenResourcesFiltering - skip non existing resourceDirectory C:\Users\Admin\Automation MWF 8-00 to 9-30\TestNG_Learning\src\test\resources
2026-02-09 08:27:50,521 [Worker-6: Loading available Gradle versions] INFO  o.e.b.c.i.u.g.PublishedGradleVersions - Gradle version information cache is out-of-date. Trying to update.
2026-02-09 08:29:31,794 [Worker-12: Building] INFO  o.a.m.s.f.DefaultMavenResourcesFiltering - skip non existing resourceDirectory C:\Users\Admin\Automation MWF 8-00 to 9-30\TestNG_Learning\src\main\resources
2026-02-09 08:29:31,800 [Worker-12: Building] INFO  o.a.m.s.f.DefaultMavenResourcesFiltering - skip non existing resourceDirectory C:\Users\Admin\Automation MWF 8-00 to 9-30\TestNG_Learning\src\test\resources
2026-02-09 08:29:33,320 [Worker-0: Building] INFO  o.a.m.s.f.DefaultMavenResourcesFiltering - skip non existing resourceDirectory C:\Users\Admin\Automation MWF 8-00 to 9-30\TestNG_Learning\src\main\resources
2026-02-09 08:29:33,324 [Worker-0: Building] INFO  o.a.m.s.f.DefaultMavenResourcesFiltering - skip non existing resourceDirectory C:\Users\Admin\Automation MWF 8-00 to 9-30\TestNG_Learning\src\test\resources
2026-02-09 08:29:43,220 [Worker-6: Building] INFO  o.a.m.s.f.DefaultMavenResourcesFiltering - skip non existing resourceDirectory C:\Users\Admin\Automation MWF 8-00 to 9-30\TestNG_Learning\src\main\resources
2026-02-09 08:29:43,223 [Worker-6: Building] INFO  o.a.m.s.f.DefaultMavenResourcesFiltering - skip non existing resourceDirectory C:\Users\Admin\Automation MWF 8-00 to 9-30\TestNG_Learning\src\test\resources
2026-02-09 08:29:46,884 [Worker-22: Building] INFO  o.a.m.s.f.DefaultMavenResourcesFiltering - skip non existing resourceDirectory C:\Users\Admin\Automation MWF 8-00 to 9-30\TestNG_Learning\src\main\resources
2026-02-09 08:29:46,887 [Worker-22: Building] INFO  o.a.m.s.f.DefaultMavenResourcesFiltering - skip non existing resourceDirectory C:\Users\Admin\Automation MWF 8-00 to 9-30\TestNG_Learning\src\test\resources
2026-02-09 08:30:23,526 [Worker-5: Building] INFO  o.a.m.s.f.DefaultMavenResourcesFiltering - skip non existing resourceDirectory C:\Users\Admin\Automation MWF 8-00 to 9-30\TestNG_Learning\src\main\resources
2026-02-09 08:30:23,528 [Worker-5: Building] INFO  o.a.m.s.f.DefaultMavenResourcesFiltering - skip non existing resourceDirectory C:\Users\Admin\Automation MWF 8-00 to 9-30\TestNG_Learning\src\test\resources
2026-02-09 08:30:28,687 [Worker-19: Building] INFO  o.a.m.s.f.DefaultMavenResourcesFiltering - skip non existing resourceDirectory C:\Users\Admin\Automation MWF 8-00 to 9-30\TestNG_Learning\src\main\resources
2026-02-09 08:30:28,689 [Worker-19: Building] INFO  o.a.m.s.f.DefaultMavenResourcesFiltering - skip non existing resourceDirectory C:\Users\Admin\Automation MWF 8-00 to 9-30\TestNG_Learning\src\test\resources
2026-02-09 08:30:30,726 [Worker-17: Building] INFO  o.a.m.s.f.DefaultMavenResourcesFiltering - skip non existing resourceDirectory C:\Users\Admin\Automation MWF 8-00 to 9-30\TestNG_Learning\src\main\resources
2026-02-09 08:30:30,728 [Worker-17: Building] INFO  o.a.m.s.f.DefaultMavenResourcesFiltering - skip non existing resourceDirectory C:\Users\Admin\Automation MWF 8-00 to 9-30\TestNG_Learning\src\test\resources
2026-02-09 08:31:19,333 [Worker-22: Building] INFO  o.a.m.s.f.DefaultMavenResourcesFiltering - skip non existing resourceDirectory C:\Users\Admin\Automation MWF 8-00 to 9-30\TestNG_Learning\src\main\resources
2026-02-09 08:31:19,335 [Worker-22: Building] INFO  o.a.m.s.f.DefaultMavenResourcesFiltering - skip non existing resourceDirectory C:\Users\Admin\Automation MWF 8-00 to 9-30\TestNG_Learning\src\test\resources
2026-02-09 08:31:25,220 [Worker-6: Building] INFO  o.a.m.s.f.DefaultMavenResourcesFiltering - skip non existing resourceDirectory C:\Users\Admin\Automation MWF 8-00 to 9-30\TestNG_Learning\src\main\resources
2026-02-09 08:31:25,222 [Worker-6: Building] INFO  o.a.m.s.f.DefaultMavenResourcesFiltering - skip non existing resourceDirectory C:\Users\Admin\Automation MWF 8-00 to 9-30\TestNG_Learning\src\test\resources
2026-02-09 08:31:30,708 [Worker-14: Building] INFO  o.a.m.s.f.DefaultMavenResourcesFiltering - skip non existing resourceDirectory C:\Users\Admin\Automation MWF 8-00 to 9-30\TestNG_Learning\src\main\resources
2026-02-09 08:31:30,710 [Worker-14: Building] INFO  o.a.m.s.f.DefaultMavenResourcesFiltering - skip non existing resourceDirectory C:\Users\Admin\Automation MWF 8-00 to 9-30\TestNG_Learning\src\test\resources
2026-02-09 08:31:50,282 [Worker-15: Building] INFO  o.a.m.s.f.DefaultMavenResourcesFiltering - skip non existing resourceDirectory C:\Users\Admin\Automation MWF 8-00 to 9-30\TestNG_Learning\src\main\resources
2026-02-09 08:31:50,284 [Worker-15: Building] INFO  o.a.m.s.f.DefaultMavenResourcesFiltering - skip non existing resourceDirectory C:\Users\Admin\Automation MWF 8-00 to 9-30\TestNG_Learning\src\test\resources
2026-02-09 08:32:11,680 [Worker-4: Building] INFO  o.a.m.s.f.DefaultMavenResourcesFiltering - skip non existing resourceDirectory C:\Users\Admin\Automation MWF 8-00 to 9-30\TestNG_Learning\src\main\resources
2026-02-09 08:32:11,683 [Worker-4: Building] INFO  o.a.m.s.f.DefaultMavenResourcesFiltering - skip non existing resourceDirectory C:\Users\Admin\Automation MWF 8-00 to 9-30\TestNG_Learning\src\test\resources
2026-02-09 08:32:27,423 [Worker-21: Building] INFO  o.a.m.s.f.DefaultMavenResourcesFiltering - skip non existing resourceDirectory C:\Users\Admin\Automation MWF 8-00 to 9-30\TestNG_Learning\src\main\resources
2026-02-09 08:32:27,425 [Worker-21: Building] INFO  o.a.m.s.f.DefaultMavenResourcesFiltering - skip non existing resourceDirectory C:\Users\Admin\Automation MWF 8-00 to 9-30\TestNG_Learning\src\test\resources
2026-02-09 08:33:09,763 [Worker-12: Building] INFO  o.a.m.s.f.DefaultMavenResourcesFiltering - skip non existing resourceDirectory C:\Users\Admin\Automation MWF 8-00 to 9-30\TestNG_Learning\src\main\resources
2026-02-09 08:33:09,766 [Worker-12: Building] INFO  o.a.m.s.f.DefaultMavenResourcesFiltering - skip non existing resourceDirectory C:\Users\Admin\Automation MWF 8-00 to 9-30\TestNG_Learning\src\test\resources
2026-02-09 08:33:10,839 [Worker-19: Building] INFO  o.a.m.s.f.DefaultMavenResourcesFiltering - skip non existing resourceDirectory C:\Users\Admin\Automation MWF 8-00 to 9-30\TestNG_Learning\src\main\resources
2026-02-09 08:33:10,841 [Worker-19: Building] INFO  o.a.m.s.f.DefaultMavenResourcesFiltering - skip non existing resourceDirectory C:\Users\Admin\Automation MWF 8-00 to 9-30\TestNG_Learning\src\test\resources
2026-02-09 08:33:20,905 [Worker-6: Building] INFO  o.a.m.s.f.DefaultMavenResourcesFiltering - skip non existing resourceDirectory C:\Users\Admin\Automation MWF 8-00 to 9-30\TestNG_Learning\src\main\resources
2026-02-09 08:33:20,906 [Worker-6: Building] INFO  o.a.m.s.f.DefaultMavenResourcesFiltering - skip non existing resourceDirectory C:\Users\Admin\Automation MWF 8-00 to 9-30\TestNG_Learning\src\test\resources
2026-02-09 08:33:32,110 [Worker-16: Building] INFO  o.a.m.s.f.DefaultMavenResourcesFiltering - skip non existing resourceDirectory C:\Users\Admin\Automation MWF 8-00 to 9-30\TestNG_Learning\src\main\resources
2026-02-09 08:33:32,113 [Worker-16: Building] INFO  o.a.m.s.f.DefaultMavenResourcesFiltering - skip non existing resourceDirectory C:\Users\Admin\Automation MWF 8-00 to 9-30\TestNG_Learning\src\test\resources
2026-02-09 08:34:04,212 [Worker-21: Building] INFO  o.a.m.s.f.DefaultMavenResourcesFiltering - skip non existing resourceDirectory C:\Users\Admin\Automation MWF 8-00 to 9-30\TestNG_Learning\src\main\resources
2026-02-09 08:34:04,215 [Worker-21: Building] INFO  o.a.m.s.f.DefaultMavenResourcesFiltering - skip non existing resourceDirectory C:\Users\Admin\Automation MWF 8-00 to 9-30\TestNG_Learning\src\test\resources
2026-02-09 08:34:30,608 [Worker-23: Building] INFO  o.a.m.s.f.DefaultMavenResourcesFiltering - skip non existing resourceDirectory C:\Users\Admin\Automation MWF 8-00 to 9-30\TestNG_Learning\src\main\resources
2026-02-09 08:34:30,610 [Worker-23: Building] INFO  o.a.m.s.f.DefaultMavenResourcesFiltering - skip non existing resourceDirectory C:\Users\Admin\Automation MWF 8-00 to 9-30\TestNG_Learning\src\test\resources
2026-02-09 08:34:35,244 [Worker-20: Building] INFO  o.a.m.s.f.DefaultMavenResourcesFiltering - skip non existing resourceDirectory C:\Users\Admin\Automation MWF 8-00 to 9-30\TestNG_Learning\src\main\resources
2026-02-09 08:34:35,245 [Worker-20: Building] INFO  o.a.m.s.f.DefaultMavenResourcesFiltering - skip non existing resourceDirectory C:\Users\Admin\Automation MWF 8-00 to 9-30\TestNG_Learning\src\test\resources
2026-02-09 08:34:46,239 [Worker-8: Building] INFO  o.a.m.s.f.DefaultMavenResourcesFiltering - skip non existing resourceDirectory C:\Users\Admin\Automation MWF 8-00 to 9-30\TestNG_Learning\src\main\resources
2026-02-09 08:34:46,241 [Worker-8: Building] INFO  o.a.m.s.f.DefaultMavenResourcesFiltering - skip non existing resourceDirectory C:\Users\Admin\Automation MWF 8-00 to 9-30\TestNG_Learning\src\test\resources
2026-02-09 08:34:58,159 [Worker-6: Building] INFO  o.a.m.s.f.DefaultMavenResourcesFiltering - skip non existing resourceDirectory C:\Users\Admin\Automation MWF 8-00 to 9-30\TestNG_Learning\src\main\resources
2026-02-09 08:34:58,162 [Worker-6: Building] INFO  o.a.m.s.f.DefaultMavenResourcesFiltering - skip non existing resourceDirectory C:\Users\Admin\Automation MWF 8-00 to 9-30\TestNG_Learning\src\test\resources
2026-02-09 08:35:00,208 [Worker-20: Building] INFO  o.a.m.s.f.DefaultMavenResourcesFiltering - skip non existing resourceDirectory C:\Users\Admin\Automation MWF 8-00 to 9-30\TestNG_Learning\src\main\resources
2026-02-09 08:35:00,210 [Worker-20: Building] INFO  o.a.m.s.f.DefaultMavenResourcesFiltering - skip non existing resourceDirectory C:\Users\Admin\Automation MWF 8-00 to 9-30\TestNG_Learning\src\test\resources
2026-02-09 08:36:05,941 [Worker-14: Building] INFO  o.a.m.s.f.DefaultMavenResourcesFiltering - skip non existing resourceDirectory C:\Users\Admin\Automation MWF 8-00 to 9-30\TestNG_Learning\src\main\resources
2026-02-09 08:36:05,944 [Worker-14: Building] INFO  o.a.m.s.f.DefaultMavenResourcesFiltering - skip non existing resourceDirectory C:\Users\Admin\Automation MWF 8-00 to 9-30\TestNG_Learning\src\test\resources
2026-02-09 08:36:07,995 [Worker-6: Building] INFO  o.a.m.s.f.DefaultMavenResourcesFiltering - skip non existing resourceDirectory C:\Users\Admin\Automation MWF 8-00 to 9-30\TestNG_Learning\src\main\resources
2026-02-09 08:36:07,996 [Worker-6: Building] INFO  o.a.m.s.f.DefaultMavenResourcesFiltering - skip non existing resourceDirectory C:\Users\Admin\Automation MWF 8-00 to 9-30\TestNG_Learning\src\test\resources
2026-02-09 08:36:51,563 [Worker-5: Building] INFO  o.a.m.s.f.DefaultMavenResourcesFiltering - skip non existing resourceDirectory C:\Users\Admin\Automation MWF 8-00 to 9-30\TestNG_Learning\src\main\resources
2026-02-09 08:36:51,566 [Worker-5: Building] INFO  o.a.m.s.f.DefaultMavenResourcesFiltering - skip non existing resourceDirectory C:\Users\Admin\Automation MWF 8-00 to 9-30\TestNG_Learning\src\test\resources
2026-02-09 08:37:03,613 [Worker-22: Building] INFO  o.a.m.s.f.DefaultMavenResourcesFiltering - skip non existing resourceDirectory C:\Users\Admin\Automation MWF 8-00 to 9-30\TestNG_Learning\src\main\resources
2026-02-09 08:37:03,615 [Worker-22: Building] INFO  o.a.m.s.f.DefaultMavenResourcesFiltering - skip non existing resourceDirectory C:\Users\Admin\Automation MWF 8-00 to 9-30\TestNG_Learning\src\test\resources
2026-02-09 08:37:26,123 [Worker-22: Building] INFO  o.a.m.s.f.DefaultMavenResourcesFiltering - skip non existing resourceDirectory C:\Users\Admin\Automation MWF 8-00 to 9-30\TestNG_Learning\src\main\resources
2026-02-09 08:37:26,125 [Worker-22: Building] INFO  o.a.m.s.f.DefaultMavenResourcesFiltering - skip non existing resourceDirectory C:\Users\Admin\Automation MWF 8-00 to 9-30\TestNG_Learning\src\test\resources
2026-02-09 08:37:32,629 [Worker-9: Building] INFO  o.a.m.s.f.DefaultMavenResourcesFiltering - skip non existing resourceDirectory C:\Users\Admin\Automation MWF 8-00 to 9-30\TestNG_Learning\src\main\resources
2026-02-09 08:37:32,630 [Worker-9: Building] INFO  o.a.m.s.f.DefaultMavenResourcesFiltering - skip non existing resourceDirectory C:\Users\Admin\Automation MWF 8-00 to 9-30\TestNG_Learning\src\test\resources
2026-02-09 08:37:41,296 [Worker-9: Building] INFO  o.a.m.s.f.DefaultMavenResourcesFiltering - skip non existing resourceDirectory C:\Users\Admin\Automation MWF 8-00 to 9-30\TestNG_Learning\src\main\resources
2026-02-09 08:37:41,297 [Worker-9: Building] INFO  o.a.m.s.f.DefaultMavenResourcesFiltering - skip non existing resourceDirectory C:\Users\Admin\Automation MWF 8-00 to 9-30\TestNG_Learning\src\test\resources
2026-02-09 08:37:56,628 [Worker-18: Building] INFO  o.a.m.s.f.DefaultMavenResourcesFiltering - skip non existing resourceDirectory C:\Users\Admin\Automation MWF 8-00 to 9-30\TestNG_Learning\src\main\resources
2026-02-09 08:37:56,631 [Worker-18: Building] INFO  o.a.m.s.f.DefaultMavenResourcesFiltering - skip non existing resourceDirectory C:\Users\Admin\Automation MWF 8-00 to 9-30\TestNG_Learning\src\test\resources
2026-02-09 08:38:20,571 [Worker-19: Building] INFO  o.a.m.s.f.DefaultMavenResourcesFiltering - skip non existing resourceDirectory C:\Users\Admin\Automation MWF 8-00 to 9-30\TestNG_Learning\src\main\resources
2026-02-09 08:38:20,572 [Worker-19: Building] INFO  o.a.m.s.f.DefaultMavenResourcesFiltering - skip non existing resourceDirectory C:\Users\Admin\Automation MWF 8-00 to 9-30\TestNG_Learning\src\test\resources
2026-02-09 08:38:27,149 [Worker-20: Building] INFO  o.a.m.s.f.DefaultMavenResourcesFiltering - skip non existing resourceDirectory C:\Users\Admin\Automation MWF 8-00 to 9-30\TestNG_Learning\src\main\resources
2026-02-09 08:38:27,152 [Worker-20: Building] INFO  o.a.m.s.f.DefaultMavenResourcesFiltering - skip non existing resourceDirectory C:\Users\Admin\Automation MWF 8-00 to 9-30\TestNG_Learning\src\test\resources
2026-02-09 08:38:28,182 [Worker-17: Building] INFO  o.a.m.s.f.DefaultMavenResourcesFiltering - skip non existing resourceDirectory C:\Users\Admin\Automation MWF 8-00 to 9-30\TestNG_Learning\src\main\resources
2026-02-09 08:38:28,184 [Worker-17: Building] INFO  o.a.m.s.f.DefaultMavenResourcesFiltering - skip non existing resourceDirectory C:\Users\Admin\Automation MWF 8-00 to 9-30\TestNG_Learning\src\test\resources
2026-02-09 08:38:47,157 [Worker-0: Building] INFO  o.a.m.s.f.DefaultMavenResourcesFiltering - skip non existing resourceDirectory C:\Users\Admin\Automation MWF 8-00 to 9-30\TestNG_Learning\src\main\resources
2026-02-09 08:38:47,160 [Worker-0: Building] INFO  o.a.m.s.f.DefaultMavenResourcesFiltering - skip non existing resourceDirectory C:\Users\Admin\Automation MWF 8-00 to 9-30\TestNG_Learning\src\test\resources
2026-02-09 08:38:58,426 [Worker-2: Building] INFO  o.a.m.s.f.DefaultMavenResourcesFiltering - skip non existing resourceDirectory C:\Users\Admin\Automation MWF 8-00 to 9-30\TestNG_Learning\src\main\resources
2026-02-09 08:38:58,428 [Worker-2: Building] INFO  o.a.m.s.f.DefaultMavenResourcesFiltering - skip non existing resourceDirectory C:\Users\Admin\Automation MWF 8-00 to 9-30\TestNG_Learning\src\test\resources
2026-02-09 08:39:34,798 [Worker-21: Building] INFO  o.a.m.s.f.DefaultMavenResourcesFiltering - skip non existing resourceDirectory C:\Users\Admin\Automation MWF 8-00 to 9-30\TestNG_Learning\src\main\resources
2026-02-09 08:39:34,800 [Worker-21: Building] INFO  o.a.m.s.f.DefaultMavenResourcesFiltering - skip non existing resourceDirectory C:\Users\Admin\Automation MWF 8-00 to 9-30\TestNG_Learning\src\test\resources
2026-02-09 08:39:41,457 [Worker-0: Building] INFO  o.a.m.s.f.DefaultMavenResourcesFiltering - skip non existing resourceDirectory C:\Users\Admin\Automation MWF 8-00 to 9-30\TestNG_Learning\src\main\resources
2026-02-09 08:39:41,458 [Worker-0: Building] INFO  o.a.m.s.f.DefaultMavenResourcesFiltering - skip non existing resourceDirectory C:\Users\Admin\Automation MWF 8-00 to 9-30\TestNG_Learning\src\test\resources
2026-02-09 08:40:21,427 [Worker-18: Building] INFO  o.a.m.s.f.DefaultMavenResourcesFiltering - skip non existing resourceDirectory C:\Users\Admin\Automation MWF 8-00 to 9-30\TestNG_Learning\src\main\resources
2026-02-09 08:40:21,429 [Worker-18: Building] INFO  o.a.m.s.f.DefaultMavenResourcesFiltering - skip non existing resourceDirectory C:\Users\Admin\Automation MWF 8-00 to 9-30\TestNG_Learning\src\test\resources
2026-02-09 08:40:45,742 [Worker-8: Building] INFO  o.a.m.s.f.DefaultMavenResourcesFiltering - skip non existing resourceDirectory C:\Users\Admin\Automation MWF 8-00 to 9-30\TestNG_Learning\src\main\resources
2026-02-09 08:40:45,744 [Worker-8: Building] INFO  o.a.m.s.f.DefaultMavenResourcesFiltering - skip non existing resourceDirectory C:\Users\Admin\Automation MWF 8-00 to 9-30\TestNG_Learning\src\test\resources
2026-02-09 08:40:52,009 [Worker-4: Building] INFO  o.a.m.s.f.DefaultMavenResourcesFiltering - skip non existing resourceDirectory C:\Users\Admin\Automation MWF 8-00 to 9-30\TestNG_Learning\src\main\resources
2026-02-09 08:40:52,011 [Worker-4: Building] INFO  o.a.m.s.f.DefaultMavenResourcesFiltering - skip non existing resourceDirectory C:\Users\Admin\Automation MWF 8-00 to 9-30\TestNG_Learning\src\test\resources
2026-02-09 08:41:14,409 [Worker-20: Building] INFO  o.a.m.s.f.DefaultMavenResourcesFiltering - skip non existing resourceDirectory C:\Users\Admin\Automation MWF 8-00 to 9-30\TestNG_Learning\src\main\resources
2026-02-09 08:41:14,410 [Worker-20: Building] INFO  o.a.m.s.f.DefaultMavenResourcesFiltering - skip non existing resourceDirectory C:\Users\Admin\Automation MWF 8-00 to 9-30\TestNG_Learning\src\test\resources
2026-02-09 08:41:25,076 [Worker-3: Building] INFO  o.a.m.s.f.DefaultMavenResourcesFiltering - skip non existing resourceDirectory C:\Users\Admin\Automation MWF 8-00 to 9-30\TestNG_Learning\src\main\resources
2026-02-09 08:41:25,078 [Worker-3: Building] INFO  o.a.m.s.f.DefaultMavenResourcesFiltering - skip non existing resourceDirectory C:\Users\Admin\Automation MWF 8-00 to 9-30\TestNG_Learning\src\test\resources
2026-02-09 08:41:29,000 [Worker-19: Building] INFO  o.a.m.s.f.DefaultMavenResourcesFiltering - skip non existing resourceDirectory C:\Users\Admin\Automation MWF 8-00 to 9-30\TestNG_Learning\src\main\resources
2026-02-09 08:41:29,002 [Worker-19: Building] INFO  o.a.m.s.f.DefaultMavenResourcesFiltering - skip non existing resourceDirectory C:\Users\Admin\Automation MWF 8-00 to 9-30\TestNG_Learning\src\test\resources
2026-02-09 08:41:46,829 [Worker-7: Building] INFO  o.a.m.s.f.DefaultMavenResourcesFiltering - skip non existing resourceDirectory C:\Users\Admin\Automation MWF 8-00 to 9-30\TestNG_Learning\src\main\resources
2026-02-09 08:41:46,831 [Worker-7: Building] INFO  o.a.m.s.f.DefaultMavenResourcesFiltering - skip non existing resourceDirectory C:\Users\Admin\Automation MWF 8-00 to 9-30\TestNG_Learning\src\test\resources
2026-02-09 08:46:51,289 [Worker-24: Building] INFO  o.a.m.s.f.DefaultMavenResourcesFiltering - skip non existing resourceDirectory C:\Users\Admin\Automation MWF 8-00 to 9-30\TestNG_Learning\src\main\resources
2026-02-09 08:46:51,290 [Worker-24: Building] INFO  o.a.m.s.f.DefaultMavenResourcesFiltering - skip non existing resourceDirectory C:\Users\Admin\Automation MWF 8-00 to 9-30\TestNG_Learning\src\test\resources
2026-02-09 08:46:56,475 [Worker-24: Building] INFO  o.a.m.s.f.DefaultMavenResourcesFiltering - skip non existing resourceDirectory C:\Users\Admin\Automation MWF 8-00 to 9-30\TestNG_Learning\src\main\resources
2026-02-09 08:46:56,477 [Worker-24: Building] INFO  o.a.m.s.f.DefaultMavenResourcesFiltering - skip non existing resourceDirectory C:\Users\Admin\Automation MWF 8-00 to 9-30\TestNG_Learning\src\test\resources
2026-02-09 08:47:24,955 [Worker-6: Building] INFO  o.a.m.s.f.DefaultMavenResourcesFiltering - skip non existing resourceDirectory C:\Users\Admin\Automation MWF 8-00 to 9-30\TestNG_Learning\src\main\resources
2026-02-09 08:47:24,958 [Worker-6: Building] INFO  o.a.m.s.f.DefaultMavenResourcesFiltering - skip non existing resourceDirectory C:\Users\Admin\Automation MWF 8-00 to 9-30\TestNG_Learning\src\test\resources
2026-02-09 08:47:28,706 [Worker-22: Building] INFO  o.a.m.s.f.DefaultMavenResourcesFiltering - skip non existing resourceDirectory C:\Users\Admin\Automation MWF 8-00 to 9-30\TestNG_Learning\src\main\resources
2026-02-09 08:47:28,708 [Worker-22: Building] INFO  o.a.m.s.f.DefaultMavenResourcesFiltering - skip non existing resourceDirectory C:\Users\Admin\Automation MWF 8-00 to 9-30\TestNG_Learning\src\test\resources
2026-02-09 08:47:37,030 [Worker-28: Building] INFO  o.a.m.s.f.DefaultMavenResourcesFiltering - skip non existing resourceDirectory C:\Users\Admin\Automation MWF 8-00 to 9-30\TestNG_Learning\src\main\resources
2026-02-09 08:47:37,031 [Worker-28: Building] INFO  o.a.m.s.f.DefaultMavenResourcesFiltering - skip non existing resourceDirectory C:\Users\Admin\Automation MWF 8-00 to 9-30\TestNG_Learning\src\test\resources
2026-02-09 08:47:47,126 [Worker-28: Building] INFO  o.a.m.s.f.DefaultMavenResourcesFiltering - skip non existing resourceDirectory C:\Users\Admin\Automation MWF 8-00 to 9-30\TestNG_Learning\src\main\resources
2026-02-09 08:47:47,128 [Worker-28: Building] INFO  o.a.m.s.f.DefaultMavenResourcesFiltering - skip non existing resourceDirectory C:\Users\Admin\Automation MWF 8-00 to 9-30\TestNG_Learning\src\test\resources
2026-02-09 08:48:15,037 [Worker-24: Building] INFO  o.a.m.s.f.DefaultMavenResourcesFiltering - skip non existing resourceDirectory C:\Users\Admin\Automation MWF 8-00 to 9-30\TestNG_Learning\src\main\resources
2026-02-09 08:48:15,039 [Worker-24: Building] INFO  o.a.m.s.f.DefaultMavenResourcesFiltering - skip non existing resourceDirectory C:\Users\Admin\Automation MWF 8-00 to 9-30\TestNG_Learning\src\test\resources
2026-02-09 08:48:19,849 [Worker-27: Building] INFO  o.a.m.s.f.DefaultMavenResourcesFiltering - skip non existing resourceDirectory C:\Users\Admin\Automation MWF 8-00 to 9-30\TestNG_Learning\src\main\resources
2026-02-09 08:48:19,851 [Worker-27: Building] INFO  o.a.m.s.f.DefaultMavenResourcesFiltering - skip non existing resourceDirectory C:\Users\Admin\Automation MWF 8-00 to 9-30\TestNG_Learning\src\test\resources
2026-02-09 08:49:12,132 [Worker-28: Building] INFO  o.a.m.s.f.DefaultMavenResourcesFiltering - skip non existing resourceDirectory C:\Users\Admin\Automation MWF 8-00 to 9-30\TestNG_Learning\src\main\resources
2026-02-09 08:49:12,136 [Worker-28: Building] INFO  o.a.m.s.f.DefaultMavenResourcesFiltering - skip non existing resourceDirectory C:\Users\Admin\Automation MWF 8-00 to 9-30\TestNG_Learning\src\test\resources
2026-02-09 08:50:22,837 [Worker-29: Building] INFO  o.a.m.s.f.DefaultMavenResourcesFiltering - skip non existing resourceDirectory C:\Users\Admin\Automation MWF 8-00 to 9-30\TestNG_Learning\src\main\resources
2026-02-09 08:50:22,839 [Worker-29: Building] INFO  o.a.m.s.f.DefaultMavenResourcesFiltering - skip non existing resourceDirectory C:\Users\Admin\Automation MWF 8-00 to 9-30\TestNG_Learning\src\test\resources
2026-02-09 08:50:25,952 [Worker-25: Building] INFO  o.a.m.s.f.DefaultMavenResourcesFiltering - skip non existing resourceDirectory C:\Users\Admin\Automation MWF 8-00 to 9-30\TestNG_Learning\src\main\resources
2026-02-09 08:50:25,954 [Worker-25: Building] INFO  o.a.m.s.f.DefaultMavenResourcesFiltering - skip non existing resourceDirectory C:\Users\Admin\Automation MWF 8-00 to 9-30\TestNG_Learning\src\test\resources
2026-02-09 08:50:32,596 [Worker-6: Building] INFO  o.a.m.s.f.DefaultMavenResourcesFiltering - skip non existing resourceDirectory C:\Users\Admin\Automation MWF 8-00 to 9-30\TestNG_Learning\src\main\resources
2026-02-09 08:50:32,597 [Worker-6: Building] INFO  o.a.m.s.f.DefaultMavenResourcesFiltering - skip non existing resourceDirectory C:\Users\Admin\Automation MWF 8-00 to 9-30\TestNG_Learning\src\test\resources
2026-02-09 08:50:36,350 [Worker-30: Building] INFO  o.a.m.s.f.DefaultMavenResourcesFiltering - skip non existing resourceDirectory C:\Users\Admin\Automation MWF 8-00 to 9-30\TestNG_Learning\src\main\resources
2026-02-09 08:50:36,352 [Worker-30: Building] INFO  o.a.m.s.f.DefaultMavenResourcesFiltering - skip non existing resourceDirectory C:\Users\Admin\Automation MWF 8-00 to 9-30\TestNG_Learning\src\test\resources
2026-02-09 08:51:07,678 [Worker-25: Building] INFO  o.a.m.s.f.DefaultMavenResourcesFiltering - skip non existing resourceDirectory C:\Users\Admin\Automation MWF 8-00 to 9-30\TestNG_Learning\src\main\resources
2026-02-09 08:51:07,680 [Worker-25: Building] INFO  o.a.m.s.f.DefaultMavenResourcesFiltering - skip non existing resourceDirectory C:\Users\Admin\Automation MWF 8-00 to 9-30\TestNG_Learning\src\test\resources
2026-02-09 08:51:42,552 [Worker-28: Building] INFO  o.a.m.s.f.DefaultMavenResourcesFiltering - skip non existing resourceDirectory C:\Users\Admin\Automation MWF 8-00 to 9-30\TestNG_Learning\src\main\resources
2026-02-09 08:51:42,554 [Worker-28: Building] INFO  o.a.m.s.f.DefaultMavenResourcesFiltering - skip non existing resourceDirectory C:\Users\Admin\Automation MWF 8-00 to 9-30\TestNG_Learning\src\test\resources
2026-02-09 08:51:49,757 [Worker-24: Building] INFO  o.a.m.s.f.DefaultMavenResourcesFiltering - skip non existing resourceDirectory C:\Users\Admin\Automation MWF 8-00 to 9-30\TestNG_Learning\src\main\resources
2026-02-09 08:51:49,758 [Worker-24: Building] INFO  o.a.m.s.f.DefaultMavenResourcesFiltering - skip non existing resourceDirectory C:\Users\Admin\Automation MWF 8-00 to 9-30\TestNG_Learning\src\test\resources
2026-02-09 08:52:06,302 [Worker-24: Building] INFO  o.a.m.s.f.DefaultMavenResourcesFiltering - skip non existing resourceDirectory C:\Users\Admin\Automation MWF 8-00 to 9-30\TestNG_Learning\src\main\resources
2026-02-09 08:52:06,305 [Worker-24: Building] INFO  o.a.m.s.f.DefaultMavenResourcesFiltering - skip non existing resourceDirectory C:\Users\Admin\Automation MWF 8-00 to 9-30\TestNG_Learning\src\test\resources
2026-02-09 08:52:27,411 [Worker-26: Building] INFO  o.a.m.s.f.DefaultMavenResourcesFiltering - skip non existing resourceDirectory C:\Users\Admin\Automation MWF 8-00 to 9-30\TestNG_Learning\src\main\resources
2026-02-09 08:52:27,414 [Worker-26: Building] INFO  o.a.m.s.f.DefaultMavenResourcesFiltering - skip non existing resourceDirectory C:\Users\Admin\Automation MWF 8-00 to 9-30\TestNG_Learning\src\test\resources
2026-02-09 08:52:52,789 [Worker-31: Building] INFO  o.a.m.s.f.DefaultMavenResourcesFiltering - skip non existing resourceDirectory C:\Users\Admin\Automation MWF 8-00 to 9-30\TestNG_Learning\src\main\resources
2026-02-09 08:52:52,793 [Worker-31: Building] INFO  o.a.m.s.f.DefaultMavenResourcesFiltering - skip non existing resourceDirectory C:\Users\Admin\Automation MWF 8-00 to 9-30\TestNG_Learning\src\test\resources
2026-02-09 08:53:25,900 [Worker-31: Building] INFO  o.a.m.s.f.DefaultMavenResourcesFiltering - skip non existing resourceDirectory C:\Users\Admin\Automation MWF 8-00 to 9-30\TestNG_Learning\src\main\resources
2026-02-09 08:53:25,901 [Worker-31: Building] INFO  o.a.m.s.f.DefaultMavenResourcesFiltering - skip non existing resourceDirectory C:\Users\Admin\Automation MWF 8-00 to 9-30\TestNG_Learning\src\test\resources
2026-02-09 08:53:34,597 [Worker-28: Building] INFO  o.a.m.s.f.DefaultMavenResourcesFiltering - skip non existing resourceDirectory C:\Users\Admin\Automation MWF 8-00 to 9-30\TestNG_Learning\src\main\resources
2026-02-09 08:53:34,598 [Worker-28: Building] INFO  o.a.m.s.f.DefaultMavenResourcesFiltering - skip non existing resourceDirectory C:\Users\Admin\Automation MWF 8-00 to 9-30\TestNG_Learning\src\test\resources
2026-02-09 08:53:51,826 [Worker-27: Building] INFO  o.a.m.s.f.DefaultMavenResourcesFiltering - skip non existing resourceDirectory C:\Users\Admin\Automation MWF 8-00 to 9-30\TestNG_Learning\src\main\resources
2026-02-09 08:53:51,827 [Worker-27: Building] INFO  o.a.m.s.f.DefaultMavenResourcesFiltering - skip non existing resourceDirectory C:\Users\Admin\Automation MWF 8-00 to 9-30\TestNG_Learning\src\test\resources
2026-02-09 08:54:11,091 [Worker-28: Building] INFO  o.a.m.s.f.DefaultMavenResourcesFiltering - skip non existing resourceDirectory C:\Users\Admin\Automation MWF 8-00 to 9-30\TestNG_Learning\src\main\resources
2026-02-09 08:54:11,092 [Worker-28: Building] INFO  o.a.m.s.f.DefaultMavenResourcesFiltering - skip non existing resourceDirectory C:\Users\Admin\Automation MWF 8-00 to 9-30\TestNG_Learning\src\test\resources
2026-02-09 08:54:55,510 [Worker-30: Building] INFO  o.a.m.s.f.DefaultMavenResourcesFiltering - skip non existing resourceDirectory C:\Users\Admin\Automation MWF 8-00 to 9-30\TestNG_Learning\src\main\resources
2026-02-09 08:54:55,512 [Worker-30: Building] INFO  o.a.m.s.f.DefaultMavenResourcesFiltering - skip non existing resourceDirectory C:\Users\Admin\Automation MWF 8-00 to 9-30\TestNG_Learning\src\test\resources
2026-02-09 08:55:03,730 [Worker-32: Building] INFO  o.a.m.s.f.DefaultMavenResourcesFiltering - skip non existing resourceDirectory C:\Users\Admin\Automation MWF 8-00 to 9-30\TestNG_Learning\src\main\resources
2026-02-09 08:55:03,732 [Worker-32: Building] INFO  o.a.m.s.f.DefaultMavenResourcesFiltering - skip non existing resourceDirectory C:\Users\Admin\Automation MWF 8-00 to 9-30\TestNG_Learning\src\test\resources
2026-02-09 08:55:09,674 [Worker-27: Building] INFO  o.a.m.s.f.DefaultMavenResourcesFiltering - skip non existing resourceDirectory C:\Users\Admin\Automation MWF 8-00 to 9-30\TestNG_Learning\src\main\resources
2026-02-09 08:55:09,675 [Worker-27: Building] INFO  o.a.m.s.f.DefaultMavenResourcesFiltering - skip non existing resourceDirectory C:\Users\Admin\Automation MWF 8-00 to 9-30\TestNG_Learning\src\test\resources
2026-02-09 08:55:13,180 [Worker-28: Building] INFO  o.a.m.s.f.DefaultMavenResourcesFiltering - skip non existing resourceDirectory C:\Users\Admin\Automation MWF 8-00 to 9-30\TestNG_Learning\src\main\resources
2026-02-09 08:55:13,181 [Worker-28: Building] INFO  o.a.m.s.f.DefaultMavenResourcesFiltering - skip non existing resourceDirectory C:\Users\Admin\Automation MWF 8-00 to 9-30\TestNG_Learning\src\test\resources
2026-02-09 08:55:41,907 [Worker-6: Building] INFO  o.a.m.s.f.DefaultMavenResourcesFiltering - skip non existing resourceDirectory C:\Users\Admin\Automation MWF 8-00 to 9-30\TestNG_Learning\src\main\resources
2026-02-09 08:55:41,908 [Worker-6: Building] INFO  o.a.m.s.f.DefaultMavenResourcesFiltering - skip non existing resourceDirectory C:\Users\Admin\Automation MWF 8-00 to 9-30\TestNG_Learning\src\test\resources
2026-02-09 08:56:02,051 [Worker-29: Building] INFO  o.a.m.s.f.DefaultMavenResourcesFiltering - skip non existing resourceDirectory C:\Users\Admin\Automation MWF 8-00 to 9-30\TestNG_Learning\src\main\resources
2026-02-09 08:56:02,053 [Worker-29: Building] INFO  o.a.m.s.f.DefaultMavenResourcesFiltering - skip non existing resourceDirectory C:\Users\Admin\Automation MWF 8-00 to 9-30\TestNG_Learning\src\test\resources
